2026-10-10T22:41:36.7760707Z Current runner version: '2.337.0'
2026-10-10T22:41:36.7787831Z ##[group]Runner Image Provisioner
2026-10-10T22:41:36.7788660Z Hosted Compute Agent
2026-10-10T22:41:36.7789277Z Version: 20260901.588
2026-10-10T22:41:36.7789924Z Commit: f88ec8081b781fac6c440065ac7ff9e710ce3d0b
2026-10-10T22:41:36.7790687Z Build Date: 2026-09-01T19:56:44Z
2026-10-10T22:41:36.7791457Z Worker ID: {bc8f0975-c97f-4f10-847a-882ba0162430}
2026-10-10T22:41:36.7792189Z Azure Region: northcentralus
2026-10-10T22:41:36.7792774Z ##[endgroup]
2026-10-10T22:41:36.7794207Z ##[group]Operating System
2026-10-10T22:41:36.7794840Z Microsoft Windows Server 2025
2026-10-10T22:41:36.7795697Z 10.0.26100
2026-10-10T22:41:36.7796268Z Datacenter
2026-10-10T22:41:36.7796791Z ##[endgroup]
2026-10-10T22:41:36.7797366Z ##[group]Runner Image
2026-10-10T22:41:36.7797944Z Image: windows-2025-vs2026
2026-10-10T22:41:36.7798578Z Version: 20260925.250.1
2026-10-10T22:41:36.7800195Z Included Software: https://github.com/actions/runner-images/blob/win25-vs2026/20260925.250/images/windows/Windows2025-VS2026-Readme.md
2026-10-10T22:41:36.7802034Z Image Release: https://github.com/actions/runner-images/releases/tag/win25-vs2026%2F20260925.250
2026-10-10T22:41:36.7803123Z ##[endgroup]
2026-10-10T22:41:36.7804303Z ##[group]GITHUB_TOKEN Permissions
2026-10-10T22:41:36.7806530Z Contents: read
2026-10-10T22:41:36.7807126Z Metadata: read
2026-10-10T22:41:36.7807701Z ##[endgroup]
2026-10-10T22:41:36.7809852Z Secret source: Actions
2026-10-10T22:41:36.7810840Z Cache mode: write
2026-10-10T22:41:36.7811696Z Prepare workflow directory
2026-10-10T22:41:36.8256344Z Prepare all required actions
2026-10-10T22:41:36.8304993Z Getting action download info
2026-10-10T22:41:37.0323605Z Download action repository 'actions/checkout@11d5960a326750d5838078e36cf38b85af677262' (SHA:11d5960a326750d5838078e36cf38b85af677262)
2026-10-10T22:41:37.1767115Z Download action repository 'dtolnay/rust-toolchain@4cda84d5c5c54efe2404f9d843567869ab1699d4' (SHA:4cda84d5c5c54efe2404f9d843567869ab1699d4)
2026-10-10T22:41:37.3043681Z Download action repository 'actions/setup-node@49933ea5288caeca8642d1e84afbd3f7d6820020' (SHA:49933ea5288caeca8642d1e84afbd3f7d6820020)
2026-10-10T22:41:37.4868877Z Download action repository 'actions/upload-artifact@ea165f8d65b6e75b540449e92b4886f43607fa02' (SHA:ea165f8d65b6e75b540449e92b4886f43607fa02)
2026-10-10T22:41:37.8683483Z Complete job name: Web Runtime / Build And Contract Tests
2026-10-10T22:41:38.0372037Z ##[group]Run actions/checkout@11d5960a326750d5838078e36cf38b85af677262
2026-10-10T22:41:38.0373270Z with:
2026-10-10T22:41:38.0373695Z   repository: milos-agathon/forge3d-web
2026-10-10T22:41:38.0377532Z   token: ***
2026-10-10T22:41:38.0377919Z   ssh-strict: true
2026-10-10T22:41:38.0378308Z   ssh-user: git
2026-10-10T22:41:38.0378706Z   persist-credentials: true
2026-10-10T22:41:38.0379472Z   clean: true
2026-10-10T22:41:38.0379919Z   sparse-checkout-cone-mode: true
2026-10-10T22:41:38.0380860Z   fetch-depth: 1
2026-10-10T22:41:38.0381287Z   fetch-tags: false
2026-10-10T22:41:38.0381685Z   show-progress: true
2026-10-10T22:41:38.0382109Z   lfs: false
2026-10-10T22:41:38.0382486Z   submodules: false
2026-10-10T22:41:38.0382902Z   set-safe-directory: true
2026-10-10T22:41:38.0383373Z   allow-unsafe-pr-checkout: false
2026-10-10T22:41:38.0384160Z env:
2026-10-10T22:41:38.0384541Z   CARGO_TERM_COLOR: always
2026-10-10T22:41:38.0384975Z   RUST_BACKTRACE: 1
2026-10-10T22:41:38.0385406Z ##[endgroup]
2026-10-10T22:41:38.2080555Z Syncing repository: milos-agathon/forge3d-web
2026-10-10T22:41:38.2083301Z ##[group]Getting Git version info
2026-10-10T22:41:38.2084355Z Working directory is 'D:\a\forge3d-web\forge3d-web'
2026-10-10T22:41:38.3074311Z [command]"C:\Program Files\Git\bin\git.exe" version
2026-10-10T22:41:38.6319076Z git version 2.55.0.windows.5
2026-10-10T22:41:38.6368014Z ##[endgroup]
2026-10-10T22:41:38.6388391Z Temporarily overriding HOME='D:\a\_temp\a9627fa1-46f1-4242-9399-960c2f2fe6d9' before making global git config changes
2026-10-10T22:41:38.6398903Z Adding repository directory to the temporary git global config as a safe directory
2026-10-10T22:41:38.6402476Z [command]"C:\Program Files\Git\bin\git.exe" config --global --add safe.directory D:\a\forge3d-web\forge3d-web
2026-10-10T22:41:38.6986665Z Deleting the contents of 'D:\a\forge3d-web\forge3d-web'
2026-10-10T22:41:38.6992895Z ##[group]Initializing the repository
2026-10-10T22:41:38.7002409Z [command]"C:\Program Files\Git\bin\git.exe" init D:\a\forge3d-web\forge3d-web
2026-10-10T22:41:38.7855203Z Initialized empty Git repository in D:/a/forge3d-web/forge3d-web/.git/
2026-10-10T22:41:38.7908919Z [command]"C:\Program Files\Git\bin\git.exe" remote add origin https://github.com/milos-agathon/forge3d-web
2026-10-10T22:41:38.8564532Z ##[endgroup]
2026-10-10T22:41:38.8566419Z ##[group]Disabling automatic garbage collection
2026-10-10T22:41:38.8573339Z [command]"C:\Program Files\Git\bin\git.exe" config --local gc.auto 0
2026-10-10T22:41:38.8888008Z ##[endgroup]
2026-10-10T22:41:38.8889903Z ##[group]Setting up auth
2026-10-10T22:41:38.8899907Z [command]"C:\Program Files\Git\bin\git.exe" config --local --name-only --get-regexp core\.sshCommand
2026-10-10T22:41:38.9227668Z [command]"C:\Program Files\Git\bin\git.exe" submodule foreach --recursive "sh -c \"git config --local --name-only --get-regexp 'core\.sshCommand' && git config --local --unset-all 'core.sshCommand' || :\""
2026-10-10T22:41:40.2915946Z [command]"C:\Program Files\Git\bin\git.exe" config --local --name-only --get-regexp http\.https\:\/\/github\.com\/\.extraheader
2026-10-10T22:41:40.3232350Z [command]"C:\Program Files\Git\bin\git.exe" submodule foreach --recursive "sh -c \"git config --local --name-only --get-regexp 'http\.https\:\/\/github\.com\/\.extraheader' && git config --local --unset-all 'http.https://github.com/.extraheader' || :\""
2026-10-10T22:41:40.8968917Z [command]"C:\Program Files\Git\bin\git.exe" config --local --name-only --get-regexp ^includeIf\.gitdir:
2026-10-10T22:41:40.9299330Z [command]"C:\Program Files\Git\bin\git.exe" submodule foreach --recursive "git config --local --show-origin --name-only --get-regexp remote.origin.url"
2026-10-10T22:41:41.5327774Z [command]"C:\Program Files\Git\bin\git.exe" config --local http.https://github.com/.extraheader "AUTHORIZATION: basic ***"
2026-10-10T22:41:41.5677801Z ##[endgroup]
2026-10-10T22:41:41.5678856Z ##[group]Fetching the repository
2026-10-10T22:41:41.5700787Z [command]"C:\Program Files\Git\bin\git.exe" -c protocol.version=2 fetch --no-tags --prune --no-recurse-submodules --depth=1 origin +f63fdd76502852bd803e6e1dfdd20ec626175c47:refs/remotes/pull/46/merge
2026-10-10T22:41:43.7805611Z From https://github.com/milos-agathon/forge3d-web
2026-10-10T22:41:43.7806507Z  * [new ref]         f63fdd76502852bd803e6e1dfdd20ec626175c47 -> pull/46/merge
2026-10-10T22:41:43.7850994Z ##[endgroup]
2026-10-10T22:41:43.7851618Z ##[group]Determining the checkout info
2026-10-10T22:41:43.7853738Z ##[endgroup]
2026-10-10T22:41:43.7863651Z [command]"C:\Program Files\Git\bin\git.exe" sparse-checkout disable
2026-10-10T22:41:43.8321581Z [command]"C:\Program Files\Git\bin\git.exe" config --local --unset-all extensions.worktreeConfig
2026-10-10T22:41:43.8635060Z ##[group]Checking out the ref
2026-10-10T22:41:43.8644201Z [command]"C:\Program Files\Git\bin\git.exe" checkout --progress --force refs/remotes/pull/46/merge
2026-10-10T22:41:44.9197747Z Updating files:  86% (2908/3354)
2026-10-10T22:41:44.9413817Z Updating files:  87% (2918/3354)
2026-10-10T22:41:44.9617857Z Updating files:  88% (2952/3354)
2026-10-10T22:41:45.1094611Z Updating files:  89% (2986/3354)
2026-10-10T22:41:45.1191303Z Updating files:  90% (3019/3354)
2026-10-10T22:41:45.1290958Z Updating files:  91% (3053/3354)
2026-10-10T22:41:45.1382404Z Updating files:  92% (3086/3354)
2026-10-10T22:41:45.1512608Z Updating files:  93% (3120/3354)
2026-10-10T22:41:45.1613945Z Updating files:  94% (3153/3354)
2026-10-10T22:41:45.1680274Z Updating files:  95% (3187/3354)
2026-10-10T22:41:45.1746909Z Updating files:  96% (3220/3354)
2026-10-10T22:41:45.1859594Z Updating files:  97% (3254/3354)
2026-10-10T22:41:45.1954738Z Updating files:  98% (3287/3354)
2026-10-10T22:41:45.2035566Z Updating files:  99% (3321/3354)
2026-10-10T22:41:45.2036004Z Updating files: 100% (3354/3354)
2026-10-10T22:41:45.2036301Z Updating files: 100% (3354/3354), done.
2026-10-10T22:41:45.2170296Z Note: switching to 'refs/remotes/pull/46/merge'.
2026-10-10T22:41:45.2170597Z 
2026-10-10T22:41:45.2170805Z You are in 'detached HEAD' state. You can look around, make experimental
2026-10-10T22:41:45.2171280Z changes and commit them, and you can discard any commits you make in this
2026-10-10T22:41:45.2172097Z state without impacting any branches by switching back to a branch.
2026-10-10T22:41:45.2172398Z 
2026-10-10T22:41:45.2172577Z If you want to create a new branch to retain commits you create, you may
2026-10-10T22:41:45.2173223Z do so (now or later) by using -c with the switch command. Example:
2026-10-10T22:41:45.2173541Z 
2026-10-10T22:41:45.2173648Z   git switch -c <new-branch-name>
2026-10-10T22:41:45.2173823Z 
2026-10-10T22:41:45.2173918Z Or undo this operation with:
2026-10-10T22:41:45.2174068Z 
2026-10-10T22:41:45.2174140Z   git switch -
2026-10-10T22:41:45.2174255Z 
2026-10-10T22:41:45.2174453Z Turn off this advice by setting config variable advice.detachedHead to false
2026-10-10T22:41:45.2174755Z 
2026-10-10T22:41:45.2175170Z HEAD is now at f63fdd7 Merge 3704fd21e9b8613dcad8027279e185d742a6501c into fafac36f4061f8a9e556d70c4be5d5a33e052239
2026-10-10T22:41:45.2313120Z ##[endgroup]
2026-10-10T22:41:45.2719417Z [command]"C:\Program Files\Git\bin\git.exe" log -1 --format=%H
2026-10-10T22:41:45.2999839Z f63fdd76502852bd803e6e1dfdd20ec626175c47
2026-10-10T22:41:45.3610983Z ##[group]Run dtolnay/rust-toolchain@4cda84d5c5c54efe2404f9d843567869ab1699d4
2026-10-10T22:41:45.3611470Z with:
2026-10-10T22:41:45.3611662Z   targets: wasm32-unknown-unknown
2026-10-10T22:41:45.3611905Z   toolchain: stable
2026-10-10T22:41:45.3612116Z env:
2026-10-10T22:41:45.3612281Z   CARGO_TERM_COLOR: always
2026-10-10T22:41:45.3612495Z   RUST_BACKTRACE: 1
2026-10-10T22:41:45.3612669Z ##[endgroup]
2026-10-10T22:41:45.3709147Z ##[start-action display=Run : parse toolchain version;id=__dtolnay_rust-toolchain.parse]
2026-10-10T22:41:45.3890040Z ##[group]Run : parse toolchain version
2026-10-10T22:41:45.3890424Z [36;1m: parse toolchain version[0m
2026-10-10T22:41:45.3890706Z [36;1mif [[ -z $toolchain ]]; then[0m
2026-10-10T22:41:45.3891244Z [36;1m  # GitHub does not enforce `required: true` inputs itself. https://github.com/actions/runner/issues/1070[0m
2026-10-10T22:41:45.3891810Z [36;1m  echo "'toolchain' is a required input" >&2[0m
2026-10-10T22:41:45.3892151Z [36;1m  exit 1[0m
2026-10-10T22:41:45.3892469Z [36;1melif [[ $toolchain =~ ^stable' '[0-9]+' '(year|month|week|day)s?' 'ago$ ]]; then[0m
2026-10-10T22:41:45.3892871Z [36;1m  if [[ Windows == macOS ]]; then[0m
2026-10-10T22:41:45.3893399Z [36;1m    echo "toolchain=1.$((($(date -v-$(sed 's/stable \([0-9]*\) \(.\).*/\1\2/' <<< $toolchain) +%s)/60/60/24-16569)/7/6))" >> $GITHUB_OUTPUT[0m
2026-10-10T22:41:45.3893893Z [36;1m  else[0m
2026-10-10T22:41:45.3894269Z [36;1m    echo "toolchain=1.$((($(date --date "${toolchain#stable }" +%s)/60/60/24-16569)/7/6))" >> $GITHUB_OUTPUT[0m
2026-10-10T22:41:45.3894705Z [36;1m  fi[0m
2026-10-10T22:41:45.3894983Z [36;1melif [[ $toolchain =~ ^stable' 'minus' '[0-9]+' 'releases?$ ]]; then[0m
2026-10-10T22:41:45.3895511Z [36;1m  echo "toolchain=1.$((($(date +%s)/60/60/24-16569)/7/6-${toolchain//[^0-9]/}))" >> $GITHUB_OUTPUT[0m
2026-10-10T22:41:45.3895960Z [36;1melif [[ $toolchain =~ ^1\.[0-9]+$ ]]; then[0m
2026-10-10T22:41:45.3896469Z [36;1m  echo "toolchain=1.$((i=${toolchain#1.}, c=($(date +%s)/60/60/24-16569)/7/6, i+9*i*(10*i<=c)+90*i*(100*i<=c)))" >> $GITHUB_OUTPUT[0m
2026-10-10T22:41:45.3896943Z [36;1melse[0m
2026-10-10T22:41:45.3897157Z [36;1m  echo "toolchain=$toolchain" >> $GITHUB_OUTPUT[0m
2026-10-10T22:41:45.3897682Z [36;1mfi[0m
2026-10-10T22:41:45.3923142Z shell: C:\Program Files\Git\bin\bash.EXE --noprofile --norc -e -o pipefail {0}
2026-10-10T22:41:45.3923576Z env:
2026-10-10T22:41:45.3923757Z   CARGO_TERM_COLOR: always
2026-10-10T22:41:45.3923971Z   RUST_BACKTRACE: 1
2026-10-10T22:41:45.3924152Z   toolchain: stable
2026-10-10T22:41:45.3924331Z ##[endgroup]
2026-10-10T22:41:45.5579991Z ##[end-action id=__dtolnay_rust-toolchain.parse;outcome=success;conclusion=success;duration_ms=186]
2026-10-10T22:41:45.5605137Z ##[start-action display=Run : construct rustup command line;id=__dtolnay_rust-toolchain.flags]
2026-10-10T22:41:45.5785143Z ##[group]Run : construct rustup command line
2026-10-10T22:41:45.5785505Z [36;1m: construct rustup command line[0m
2026-10-10T22:41:45.5785951Z [36;1mecho "targets=$(for t in ${targets//,/ }; do echo -n ' --target' $t; done)" >> $GITHUB_OUTPUT[0m
2026-10-10T22:41:45.5786595Z [36;1mecho "components=$(for c in ${components//,/ }; do echo -n ' --component' $c; done)" >> $GITHUB_OUTPUT[0m
2026-10-10T22:41:45.5787080Z [36;1mecho "downgrade=" >> $GITHUB_OUTPUT[0m
2026-10-10T22:41:45.5804107Z shell: C:\Program Files\Git\bin\bash.EXE --noprofile --norc -e -o pipefail {0}
2026-10-10T22:41:45.5804510Z env:
2026-10-10T22:41:45.5804694Z   CARGO_TERM_COLOR: always
2026-10-10T22:41:45.5804904Z   RUST_BACKTRACE: 1
2026-10-10T22:41:45.5805117Z   targets: wasm32-unknown-unknown
2026-10-10T22:41:45.5805342Z   components: 
2026-10-10T22:41:45.5805511Z ##[endgroup]
2026-10-10T22:41:45.6470375Z ##[end-action id=__dtolnay_rust-toolchain.flags;outcome=success;conclusion=success;duration_ms=86]
2026-10-10T22:41:45.6477273Z ##[start-action display=Run : set $CARGO_HOME;id=__dtolnay_rust-toolchain.__run]
2026-10-10T22:41:45.6683303Z ##[group]Run : set $CARGO_HOME
2026-10-10T22:41:45.6683578Z [36;1m: set $CARGO_HOME[0m
2026-10-10T22:41:45.6683905Z [36;1mecho CARGO_HOME=${CARGO_HOME:-"$USERPROFILE\.cargo"} >> $GITHUB_ENV[0m
2026-10-10T22:41:45.6700535Z shell: C:\Program Files\Git\bin\bash.EXE --noprofile --norc -e -o pipefail {0}
2026-10-10T22:41:45.6700945Z env:
2026-10-10T22:41:45.6701121Z   CARGO_TERM_COLOR: always
2026-10-10T22:41:45.6701329Z   RUST_BACKTRACE: 1
2026-10-10T22:41:45.6701508Z ##[endgroup]
2026-10-10T22:41:45.7122374Z ##[end-action id=__dtolnay_rust-toolchain.__run;outcome=success;conclusion=success;duration_ms=64]
2026-10-10T22:41:45.7124990Z ##[start-action display=Run : install rustup if needed;id=__dtolnay_rust-toolchain.__run_2]
2026-10-10T22:41:45.7136668Z ##[end-action id=__dtolnay_rust-toolchain.__run_2;outcome=skipped;conclusion=skipped;duration_ms=0]
2026-10-10T22:41:45.7141105Z ##[start-action display=Run : install rustup if needed on windows;id=__dtolnay_rust-toolchain.__run_3]
2026-10-10T22:41:45.7291672Z ##[group]Run : install rustup if needed on windows
2026-10-10T22:41:45.7292030Z [36;1m: install rustup if needed on windows[0m
2026-10-10T22:41:45.7292334Z [36;1mif ! command -v rustup &>/dev/null; then[0m
2026-10-10T22:41:45.7293121Z [36;1m  curl --proto '=https' --tlsv1.2 --retry 10 --retry-connrefused --location --silent --show-error --fail https://win.rustup.rs/x86_64 --output 'D:\a\_temp\rustup-init.exe'[0m
2026-10-10T22:41:45.7294002Z [36;1m  'D:\a\_temp\rustup-init.exe' --default-toolchain none --no-modify-path -y[0m
2026-10-10T22:41:45.7294421Z [36;1m  echo "$CARGO_HOME\bin" >> $GITHUB_PATH[0m
2026-10-10T22:41:45.7294676Z [36;1mfi[0m
2026-10-10T22:41:45.7310843Z shell: C:\Program Files\Git\bin\bash.EXE --noprofile --norc -e -o pipefail {0}
2026-10-10T22:41:45.7311243Z env:
2026-10-10T22:41:45.7311421Z   CARGO_TERM_COLOR: always
2026-10-10T22:41:45.7311627Z   RUST_BACKTRACE: 1
2026-10-10T22:41:45.7311847Z   CARGO_HOME: C:\Users\runneradmin\.cargo
2026-10-10T22:41:45.7312094Z ##[endgroup]
2026-10-10T22:41:45.7861266Z ##[end-action id=__dtolnay_rust-toolchain.__run_3;outcome=success;conclusion=success;duration_ms=71]
2026-10-10T22:41:45.7866521Z ##[start-action display=rustup toolchain install stable;id=__dtolnay_rust-toolchain.__run_4]
2026-10-10T22:41:45.8017832Z ##[group]Run rustup toolchain install stable --target wasm32-unknown-unknown --profile minimal --no-self-update
2026-10-10T22:41:45.8018628Z [36;1mrustup toolchain install stable --target wasm32-unknown-unknown --profile minimal --no-self-update[0m
2026-10-10T22:41:45.8034955Z shell: C:\Program Files\Git\bin\bash.EXE --noprofile --norc -e -o pipefail {0}
2026-10-10T22:41:45.8035342Z env:
2026-10-10T22:41:45.8035514Z   CARGO_TERM_COLOR: always
2026-10-10T22:41:45.8035719Z   RUST_BACKTRACE: 1
2026-10-10T22:41:45.8035924Z   CARGO_HOME: C:\Users\runneradmin\.cargo
2026-10-10T22:41:45.8036179Z   RUSTUP_PERMIT_COPY_RENAME: 1
2026-10-10T22:41:45.8036413Z ##[endgroup]
2026-10-10T22:41:48.6015067Z info: syncing channel updates for stable-x86_64-pc-windows-msvc
2026-10-10T22:41:49.0927126Z info: latest update on 2026-10-01 for version 1.99.0 (b940084d7 2026-09-28)
2026-10-10T22:41:49.1231182Z info: removing previous version of component rustfmt
2026-10-10T22:41:49.1431022Z info: removing previous version of component clippy
2026-10-10T22:41:49.1828350Z info: removing previous version of component rust-std for target x86_64-pc-windows-gnu
2026-10-10T22:41:49.2931704Z info: removing previous version of component rust-std for target i686-pc-windows-msvc
2026-10-10T22:41:49.3699818Z info: removing previous version of component cargo
2026-10-10T22:41:49.4528711Z info: removing previous version of component rust-std
2026-10-10T22:41:49.5369969Z info: removing previous version of component rustc
2026-10-10T22:41:49.6465401Z info: downloading 8 components
2026-10-10T22:42:04.3536366Z 
2026-10-10T22:42:04.3879981Z   stable-x86_64-pc-windows-msvc updated - rustc 1.99.0 (b940084d7 2026-09-28) (from rustc 1.98.1 (48a229cea 2026-09-01))
2026-10-10T22:42:04.3880985Z 
2026-10-10T22:42:04.4027025Z ##[end-action id=__dtolnay_rust-toolchain.__run_4;outcome=success;conclusion=success;duration_ms=18615]
2026-10-10T22:42:04.4032676Z ##[start-action display=Run rustup default stable;id=__dtolnay_rust-toolchain.__run_5]
2026-10-10T22:42:04.4178250Z ##[group]Run rustup default stable
2026-10-10T22:42:04.4178521Z [36;1mrustup default stable[0m
2026-10-10T22:42:04.4195384Z shell: C:\Program Files\Git\bin\bash.EXE --noprofile --norc -e -o pipefail {0}
2026-10-10T22:42:04.4195768Z env:
2026-10-10T22:42:04.4195937Z   CARGO_TERM_COLOR: always
2026-10-10T22:42:04.4196160Z   RUST_BACKTRACE: 1
2026-10-10T22:42:04.4196368Z   CARGO_HOME: C:\Users\runneradmin\.cargo
2026-10-10T22:42:04.4196617Z ##[endgroup]
2026-10-10T22:42:04.6926671Z info: using existing install for stable-x86_64-pc-windows-msvc
2026-10-10T22:42:04.6971940Z info: default toolchain set to stable-x86_64-pc-windows-msvc
2026-10-10T22:42:04.6972365Z 
2026-10-10T22:42:04.7187587Z   stable-x86_64-pc-windows-msvc unchanged - rustc 1.99.0 (b940084d7 2026-09-28)
2026-10-10T22:42:04.7187947Z 
2026-10-10T22:42:04.7277407Z ##[end-action id=__dtolnay_rust-toolchain.__run_5;outcome=success;conclusion=success;duration_ms=324]
2026-10-10T22:42:04.7282928Z ##[start-action display=Run : create cachekey;id=__dtolnay_rust-toolchain.rustc-version]
2026-10-10T22:42:04.7435624Z ##[group]Run : create cachekey
2026-10-10T22:42:04.7435897Z [36;1m: create cachekey[0m
2026-10-10T22:42:04.7436843Z [36;1mDATE=$(rustc +stable --version --verbose | sed -ne 's/^commit-date: \(20[0-9][0-9]\)-\([01][0-9]\)-\([0-3][0-9]\)$/\1\2\3/p')[0m
2026-10-10T22:42:04.7437500Z [36;1mHASH=$(rustc +stable --version --verbose | sed -ne 's/^commit-hash: //p')[0m
2026-10-10T22:42:04.7437995Z [36;1mecho "cachekey=$(echo $DATE$HASH | head -c12)" >> $GITHUB_OUTPUT[0m
2026-10-10T22:42:04.7453770Z shell: C:\Program Files\Git\bin\bash.EXE --noprofile --norc -e -o pipefail {0}
2026-10-10T22:42:04.7454154Z env:
2026-10-10T22:42:04.7454322Z   CARGO_TERM_COLOR: always
2026-10-10T22:42:04.7454527Z   RUST_BACKTRACE: 1
2026-10-10T22:42:04.7454732Z   CARGO_HOME: C:\Users\runneradmin\.cargo
2026-10-10T22:42:04.7455812Z ##[endgroup]
2026-10-10T22:42:05.4990601Z ##[end-action id=__dtolnay_rust-toolchain.rustc-version;outcome=success;conclusion=success;duration_ms=770]
2026-10-10T22:42:05.4993027Z ##[start-action display=Run : disable incremental compilation;id=__dtolnay_rust-toolchain.__run_6]
2026-10-10T22:42:05.5149242Z ##[group]Run : disable incremental compilation
2026-10-10T22:42:05.5149575Z [36;1m: disable incremental compilation[0m
2026-10-10T22:42:05.5149881Z [36;1mif [ -z "${CARGO_INCREMENTAL+set}" ]; then[0m
2026-10-10T22:42:05.5150197Z [36;1m  echo CARGO_INCREMENTAL=0 >> $GITHUB_ENV[0m
2026-10-10T22:42:05.5150455Z [36;1mfi[0m
2026-10-10T22:42:05.5166127Z shell: C:\Program Files\Git\bin\bash.EXE --noprofile --norc -e -o pipefail {0}
2026-10-10T22:42:05.5166526Z env:
2026-10-10T22:42:05.5166701Z   CARGO_TERM_COLOR: always
2026-10-10T22:42:05.5166905Z   RUST_BACKTRACE: 1
2026-10-10T22:42:05.5167108Z   CARGO_HOME: C:\Users\runneradmin\.cargo
2026-10-10T22:42:05.5167358Z ##[endgroup]
2026-10-10T22:42:05.5593014Z ##[end-action id=__dtolnay_rust-toolchain.__run_6;outcome=success;conclusion=success;duration_ms=59]
2026-10-10T22:42:05.5595472Z ##[start-action display=Run : enable colors in Cargo output;id=__dtolnay_rust-toolchain.__run_7]
2026-10-10T22:42:05.5731766Z ##[group]Run : enable colors in Cargo output
2026-10-10T22:42:05.5732088Z [36;1m: enable colors in Cargo output[0m
2026-10-10T22:42:05.5732373Z [36;1mif [ -z "${CARGO_TERM_COLOR+set}" ]; then[0m
2026-10-10T22:42:05.5732686Z [36;1m  echo CARGO_TERM_COLOR=always >> $GITHUB_ENV[0m
2026-10-10T22:42:05.5732949Z [36;1mfi[0m
2026-10-10T22:42:05.5748832Z shell: C:\Program Files\Git\bin\bash.EXE --noprofile --norc -e -o pipefail {0}
2026-10-10T22:42:05.5749221Z env:
2026-10-10T22:42:05.5749568Z   CARGO_TERM_COLOR: always
2026-10-10T22:42:05.5749789Z   RUST_BACKTRACE: 1
2026-10-10T22:42:05.5749994Z   CARGO_HOME: C:\Users\runneradmin\.cargo
2026-10-10T22:42:05.5750245Z   CARGO_INCREMENTAL: 0
2026-10-10T22:42:05.5750429Z ##[endgroup]
2026-10-10T22:42:05.6178248Z ##[end-action id=__dtolnay_rust-toolchain.__run_7;outcome=success;conclusion=success;duration_ms=58]
2026-10-10T22:42:05.6182722Z ##[start-action display=Run : enable Cargo sparse registry;id=__dtolnay_rust-toolchain.__run_8]
2026-10-10T22:42:05.6331513Z ##[group]Run : enable Cargo sparse registry
2026-10-10T22:42:05.6331838Z [36;1m: enable Cargo sparse registry[0m
2026-10-10T22:42:05.6332177Z [36;1m# implemented in 1.66, stabilized in 1.68, made default in 1.70[0m
2026-10-10T22:42:05.6333328Z [36;1mif [ -z "${CARGO_REGISTRIES_CRATES_IO_PROTOCOL+set}" -o -f "D:\a\_temp"/.implicit_cargo_registries_crates_io_protocol ]; then[0m
2026-10-10T22:42:05.6334036Z [36;1m  if rustc +stable --version --verbose | grep -q '^release: 1\.6[89]\.'; then[0m
2026-10-10T22:42:05.6334549Z [36;1m    touch "D:\a\_temp"/.implicit_cargo_registries_crates_io_protocol || true[0m
2026-10-10T22:42:05.6335027Z [36;1m    echo CARGO_REGISTRIES_CRATES_IO_PROTOCOL=sparse >> $GITHUB_ENV[0m
2026-10-10T22:42:05.6335518Z [36;1m  elif rustc +stable --version --verbose | grep -q '^release: 1\.6[67]\.'; then[0m
2026-10-10T22:42:05.6336010Z [36;1m    touch "D:\a\_temp"/.implicit_cargo_registries_crates_io_protocol || true[0m
2026-10-10T22:42:05.6336455Z [36;1m    echo CARGO_REGISTRIES_CRATES_IO_PROTOCOL=git >> $GITHUB_ENV[0m
2026-10-10T22:42:05.6336790Z [36;1m  fi[0m
2026-10-10T22:42:05.6336955Z [36;1mfi[0m
2026-10-10T22:42:05.6355268Z shell: C:\Program Files\Git\bin\bash.EXE --noprofile --norc -e -o pipefail {0}
2026-10-10T22:42:05.6355647Z env:
2026-10-10T22:42:05.6355815Z   CARGO_TERM_COLOR: always
2026-10-10T22:42:05.6356019Z   RUST_BACKTRACE: 1
2026-10-10T22:42:05.6356224Z   CARGO_HOME: C:\Users\runneradmin\.cargo
2026-10-10T22:42:05.6356483Z   CARGO_INCREMENTAL: 0
2026-10-10T22:42:05.6356670Z ##[endgroup]
2026-10-10T22:42:05.8480574Z ##[end-action id=__dtolnay_rust-toolchain.__run_8;outcome=success;conclusion=success;duration_ms=229]
2026-10-10T22:42:05.8484862Z ##[start-action display=Run : work around spurious network errors in curl 8.0;id=__dtolnay_rust-toolchain.__run_9]
2026-10-10T22:42:05.8631261Z ##[group]Run : work around spurious network errors in curl 8.0
2026-10-10T22:42:05.8631688Z [36;1m: work around spurious network errors in curl 8.0[0m
2026-10-10T22:42:05.8632221Z [36;1m# https://rust-lang.zulipchat.com/#narrow/stream/246057-t-cargo/topic/timeout.20investigation[0m
2026-10-10T22:42:05.8633318Z [36;1mif rustc +stable --version --verbose | grep -q '^release: 1\.7[01]\.'; then[0m
2026-10-10T22:42:05.8633769Z [36;1m  echo CARGO_HTTP_MULTIPLEXING=false >> $GITHUB_ENV[0m
2026-10-10T22:42:05.8634054Z [36;1mfi[0m
2026-10-10T22:42:05.8649529Z shell: C:\Program Files\Git\bin\bash.EXE --noprofile --norc -e -o pipefail {0}
2026-10-10T22:42:05.8649914Z env:
2026-10-10T22:42:05.8650081Z   CARGO_TERM_COLOR: always
2026-10-10T22:42:05.8650287Z   RUST_BACKTRACE: 1
2026-10-10T22:42:05.8650488Z   CARGO_HOME: C:\Users\runneradmin\.cargo
2026-10-10T22:42:05.8650755Z   CARGO_INCREMENTAL: 0
2026-10-10T22:42:05.8650939Z ##[endgroup]
2026-10-10T22:42:05.9746581Z ##[end-action id=__dtolnay_rust-toolchain.__run_9;outcome=success;conclusion=success;duration_ms=126]
2026-10-10T22:42:05.9751126Z ##[start-action display=Run rustc +stable --version --verbose;id=__dtolnay_rust-toolchain.__run_10]
2026-10-10T22:42:05.9896433Z ##[group]Run rustc +stable --version --verbose
2026-10-10T22:42:05.9896759Z [36;1mrustc +stable --version --verbose[0m
2026-10-10T22:42:05.9912692Z shell: C:\Program Files\Git\bin\bash.EXE --noprofile --norc -e -o pipefail {0}
2026-10-10T22:42:05.9913080Z env:
2026-10-10T22:42:05.9913246Z   CARGO_TERM_COLOR: always
2026-10-10T22:42:05.9913453Z   RUST_BACKTRACE: 1
2026-10-10T22:42:05.9913844Z   CARGO_HOME: C:\Users\runneradmin\.cargo
2026-10-10T22:42:05.9914111Z   CARGO_INCREMENTAL: 0
2026-10-10T22:42:05.9914302Z ##[endgroup]
2026-10-10T22:42:06.0824272Z rustc 1.99.0 (b940084d7 2026-09-28)
2026-10-10T22:42:06.0824727Z binary: rustc
2026-10-10T22:42:06.0825030Z commit-hash: b940084d7eb6a299eb4bfeb8e34901bc051e7ac4
2026-10-10T22:42:06.0825322Z commit-date: 2026-09-28
2026-10-10T22:42:06.0825529Z host: x86_64-pc-windows-msvc
2026-10-10T22:42:06.0825742Z release: 1.99.0
2026-10-10T22:42:06.0827895Z LLVM version: 23.1.1
2026-10-10T22:42:06.0971147Z ##[end-action id=__dtolnay_rust-toolchain.__run_10;outcome=success;conclusion=success;duration_ms=121]
2026-10-10T22:42:06.1192171Z ##[group]Run actions/setup-node@49933ea5288caeca8642d1e84afbd3f7d6820020
2026-10-10T22:42:06.1192590Z with:
2026-10-10T22:42:06.1192767Z   node-version: 20.19.0
2026-10-10T22:42:06.1192969Z   cache: npm
2026-10-10T22:42:06.1193232Z   cache-dependency-path: crates/forge3d-web/package-lock.json
2026-10-10T22:42:06.1193554Z   always-auth: false
2026-10-10T22:42:06.1194156Z   check-latest: false
2026-10-10T22:42:06.1196502Z   token: ***
2026-10-10T22:42:06.1196678Z env:
2026-10-10T22:42:06.1196840Z   CARGO_TERM_COLOR: always
2026-10-10T22:42:06.1197064Z   RUST_BACKTRACE: 1
2026-10-10T22:42:06.1197265Z   CARGO_HOME: C:\Users\runneradmin\.cargo
2026-10-10T22:42:06.1197514Z   CARGO_INCREMENTAL: 0
2026-10-10T22:42:06.1197707Z ##[endgroup]
2026-10-10T22:42:06.2952535Z Attempting to download 20.19.0...
2026-10-10T22:42:06.3138126Z (node:2120) [DEP0040] DeprecationWarning: The `punycode` module is deprecated. Please use a userland alternative instead.
2026-10-10T22:42:06.3139804Z (Use `node --trace-deprecation ...` to show where the warning was created)
2026-10-10T22:42:06.9030855Z Acquiring 20.19.0 - x64 from https://github.com/actions/node-versions/releases/download/20.19.0-13838090974/node-20.19.0-win32-x64.7z
2026-10-10T22:42:07.1978997Z Extracting ...
2026-10-10T22:42:09.6759793Z Adding to the cache ...
2026-10-10T22:42:13.3461409Z ##[group]Environment details
2026-10-10T22:42:14.5103119Z node: v20.19.0
2026-10-10T22:42:14.5103500Z npm: 10.8.2
2026-10-10T22:42:14.5103681Z yarn: 1.22.22
2026-10-10T22:42:14.5104112Z ##[endgroup]
2026-10-10T22:42:14.5847368Z [command]C:\Windows\system32\cmd.exe /D /S /C "C:\hostedtoolcache\windows\node\20.19.0\x64\npm.cmd config get cache"
2026-10-10T22:42:14.9190463Z C:\npm\cache
2026-10-10T22:42:15.1713310Z Cache hit for: node-cache-Windows-x64-npm-6eab7470fdf65070d11082aea6a3abafbfdd116475f06484d7321326761b0956
2026-10-10T22:42:15.1835202Z (node:2120) [DEP0169] DeprecationWarning: `url.parse()` behavior is not standardized and prone to errors that have security implications. Use the WHATWG URL API instead. CVEs are not issued for `url.parse()` vulnerabilities.
2026-10-10T22:42:16.1184574Z Received 85862153 of 85862153 (100.0%), 102.0 MBs/sec
2026-10-10T22:42:16.1187626Z Cache Size: ~82 MB (85862153 B)
2026-10-10T22:42:16.1257051Z [command]"C:\Program Files\Git\usr\bin\tar.exe" -xf D:/a/_temp/c65d61dd-ef06-43f9-9346-7806afa3d580/cache.tzst -P -C D:/a/forge3d-web/forge3d-web --force-local --use-compress-program "zstd -d"
2026-10-10T22:42:20.7335664Z Cache restored successfully
2026-10-10T22:42:20.7414483Z Cache restored from key: node-cache-Windows-x64-npm-6eab7470fdf65070d11082aea6a3abafbfdd116475f06484d7321326761b0956
2026-10-10T22:42:20.7804089Z ##[group]Run npm run verify:parity
2026-10-10T22:42:20.7804433Z [36;1mnpm run verify:parity[0m
2026-10-10T22:42:20.8939096Z shell: C:\Program Files\PowerShell\7\pwsh.EXE -command ". '{0}'"
2026-10-10T22:42:20.8939473Z env:
2026-10-10T22:42:20.8939658Z   CARGO_TERM_COLOR: always
2026-10-10T22:42:20.8939878Z   RUST_BACKTRACE: 1
2026-10-10T22:42:20.8940096Z   CARGO_HOME: C:\Users\runneradmin\.cargo
2026-10-10T22:42:20.8940373Z   CARGO_INCREMENTAL: 0
2026-10-10T22:42:20.8940576Z ##[endgroup]
2026-10-10T22:42:21.5992874Z 
2026-10-10T22:42:21.6001032Z > @forge3d/web@1.26.3 verify:parity
2026-10-10T22:42:21.6002708Z > node --test tests/parity/verify-parity-manifest.test.mjs && node ../../scripts/verify-parity-manifest.mjs
2026-10-10T22:42:21.6003539Z 
2026-10-10T22:42:21.6829259Z TAP version 13
2026-10-10T22:42:25.8128912Z # Subtest: accepts the exhaustive stored W00 baseline
2026-10-10T22:42:25.8138893Z ok 1 - accepts the exhaustive stored W00 baseline
2026-10-10T22:42:25.8140548Z   ---
2026-10-10T22:42:25.8141198Z   duration_ms: 326.4615
2026-10-10T22:42:25.8142228Z   ...
2026-10-10T22:42:25.8144550Z # Subtest: locks npm and CI to the required pre-build parity gate
2026-10-10T22:42:25.8153641Z ok 2 - locks npm and CI to the required pre-build parity gate
2026-10-10T22:42:25.8155589Z   ---
2026-10-10T22:42:25.8156108Z   duration_ms: 0.9303
2026-10-10T22:42:25.8156912Z   ...
2026-10-10T22:42:25.8158930Z # Subtest: rejects a duplicate artifact mapping
2026-10-10T22:42:25.8162006Z ok 3 - rejects a duplicate artifact mapping
2026-10-10T22:42:25.8162757Z   ---
2026-10-10T22:42:25.8168800Z   duration_ms: 292.5127
2026-10-10T22:42:25.8187284Z   ...
2026-10-10T22:42:25.8205289Z # Subtest: rejects an inventory artifact without a mapping
2026-10-10T22:42:25.8206539Z ok 4 - rejects an inventory artifact without a mapping
2026-10-10T22:42:25.8207338Z   ---
2026-10-10T22:42:25.8207911Z   duration_ms: 290.7485
2026-10-10T22:42:25.8208466Z   ...
2026-10-10T22:42:25.8209216Z # Subtest: rejects a mapping to an unresolved capability
2026-10-10T22:42:25.8210230Z ok 5 - rejects a mapping to an unresolved capability
2026-10-10T22:42:25.8210999Z   ---
2026-10-10T22:42:25.8211849Z   duration_ms: 273.9537
2026-10-10T22:42:25.8215767Z   ...
2026-10-10T22:42:25.8217948Z # Subtest: rejects blank owner, evidence, and test fields
2026-10-10T22:42:25.8219707Z ok 6 - rejects blank owner, evidence, and test fields
2026-10-10T22:42:25.8220602Z   ---
2026-10-10T22:42:25.8221153Z   duration_ms: 276.0787
2026-10-10T22:42:25.8221776Z   ...
2026-10-10T22:42:25.8222651Z # Subtest: rejects a lock-controlled consumer without its dependency entry
2026-10-10T22:42:25.8223791Z ok 7 - rejects a lock-controlled consumer without its dependency entry
2026-10-10T22:42:25.8224557Z   ---
2026-10-10T22:42:25.8224998Z   duration_ms: 290.2948
2026-10-10T22:42:25.8225484Z   ...
2026-10-10T22:42:25.8226741Z # Subtest: rejects a non-exact lock-controlled consumer version
2026-10-10T22:42:25.8227710Z ok 8 - rejects a non-exact lock-controlled consumer version
2026-10-10T22:42:25.8228431Z   ---
2026-10-10T22:42:25.8228931Z   duration_ms: 285.2742
2026-10-10T22:42:25.8229483Z   ...
2026-10-10T22:42:25.8230244Z # Subtest: rejects a missing fixture tolerance and profile budget
2026-10-10T22:42:25.8231365Z ok 9 - rejects a missing fixture tolerance and profile budget
2026-10-10T22:42:25.8232262Z   ---
2026-10-10T22:42:25.8232851Z   duration_ms: 265.9196
2026-10-10T22:42:25.8233450Z   ...
2026-10-10T22:42:25.8234377Z # Subtest: rejects a fixture generator digest that does not match its contract
2026-10-10T22:42:25.8235671Z ok 10 - rejects a fixture generator digest that does not match its contract
2026-10-10T22:42:25.8236568Z   ---
2026-10-10T22:42:25.8237100Z   duration_ms: 300.9884
2026-10-10T22:42:25.8237689Z   ...
2026-10-10T22:42:25.8238459Z # Subtest: rejects incomplete reference hardware contracts
2026-10-10T22:42:25.8240028Z ok 11 - rejects incomplete reference hardware contracts
2026-10-10T22:42:25.8245057Z   ---
2026-10-10T22:42:25.8245503Z   duration_ms: 269.6386
2026-10-10T22:42:25.8245892Z   ...
2026-10-10T22:42:25.8246524Z # Subtest: rejects a discrete profile without timestamp-query
2026-10-10T22:42:25.8247382Z ok 12 - rejects a discrete profile without timestamp-query
2026-10-10T22:42:25.8247939Z   ---
2026-10-10T22:42:25.8248246Z   duration_ms: 327.9231
2026-10-10T22:42:25.8248601Z   ...
2026-10-10T22:42:25.8249065Z # Subtest: rejects stale stored evidence digests
2026-10-10T22:42:25.8249725Z ok 13 - rejects stale stored evidence digests
2026-10-10T22:42:25.8250231Z   ---
2026-10-10T22:42:25.8250550Z   duration_ms: 294.3043
2026-10-10T22:42:25.8250915Z   ...
2026-10-10T22:42:25.8251611Z # Subtest: rejects experimental dependency entries without risk reviews
2026-10-10T22:42:25.8252629Z ok 14 - rejects experimental dependency entries without risk reviews
2026-10-10T22:42:25.8253615Z   ---
2026-10-10T22:42:25.8253907Z   duration_ms: 282.4308
2026-10-10T22:42:25.8254237Z   ...
2026-10-10T22:42:25.8254718Z # Subtest: rejects EXR when the WASM rayon exclusion drifts
2026-10-10T22:42:25.8255249Z ok 15 - rejects EXR when the WASM rayon exclusion drifts
2026-10-10T22:42:25.8255558Z   ---
2026-10-10T22:42:25.8255735Z   duration_ms: 279.1919
2026-10-10T22:42:25.8255937Z   ...
2026-10-10T22:42:25.8425598Z 1..15
2026-10-10T22:42:25.8426026Z # tests 15
2026-10-10T22:42:25.8426402Z # suites 0
2026-10-10T22:42:25.8426714Z # pass 15
2026-10-10T22:42:25.8427192Z # fail 0
2026-10-10T22:42:25.8428318Z # cancelled 0
2026-10-10T22:42:25.8428920Z # skipped 0
2026-10-10T22:42:25.8429574Z # todo 0
2026-10-10T22:42:25.8438185Z # duration_ms 4174.7373
2026-10-10T22:42:26.3184136Z {
2026-10-10T22:42:26.3184517Z   "ok": true,
2026-10-10T22:42:26.3184786Z   "capabilities": 84,
2026-10-10T22:42:26.3185017Z   "constraints": 7,
2026-10-10T22:42:26.3185235Z   "inventoryRecords": 6531,
2026-10-10T22:42:26.3185515Z   "mappings": 6531,
2026-10-10T22:42:26.3185765Z   "fixtures": 10,
2026-10-10T22:42:26.3186031Z   "hardwareProfiles": 2,
2026-10-10T22:42:26.3186811Z   "dependencyAssets": 12,
2026-10-10T22:42:26.3187273Z   "lockControlledConsumers": 52,
2026-10-10T22:42:26.3187583Z   "untracked": 0,
2026-10-10T22:42:26.3187820Z   "duplicates": 0,
2026-10-10T22:42:26.3188060Z   "unresolved": 0,
2026-10-10T22:42:26.3188287Z   "schemaErrors": 0,
2026-10-10T22:42:26.3188536Z   "lockViolations": 0
2026-10-10T22:42:26.3188778Z }
2026-10-10T22:42:26.4949888Z ##[group]Run cargo check -p forge3d-core --target wasm32-unknown-unknown --no-default-features
2026-10-10T22:42:26.4950640Z [36;1mcargo check -p forge3d-core --target wasm32-unknown-unknown --no-default-features[0m
2026-10-10T22:42:26.5022455Z shell: C:\Program Files\PowerShell\7\pwsh.EXE -command ". '{0}'"
2026-10-10T22:42:26.5022802Z env:
2026-10-10T22:42:26.5022978Z   CARGO_TERM_COLOR: always
2026-10-10T22:42:26.5024098Z   RUST_BACKTRACE: 1
2026-10-10T22:42:26.5024306Z   CARGO_HOME: C:\Users\runneradmin\.cargo
2026-10-10T22:42:26.5024565Z   CARGO_INCREMENTAL: 0
2026-10-10T22:42:26.5024756Z ##[endgroup]
2026-10-10T22:42:27.4482096Z [1m[92m    Updating[0m crates.io index
2026-10-10T22:42:28.0176261Z [1m[92m Downloading[0m crates ...
2026-10-10T22:42:28.1203797Z [1m[92m  Downloaded[0m unicode-ident v1.0.24
2026-10-10T22:42:28.1475962Z [1m[92m  Downloaded[0m num-complex v0.4.6
2026-10-10T22:42:28.1619475Z [1m[92m  Downloaded[0m byteorder v1.5.0
2026-10-10T22:42:28.1793458Z [1m[92m  Downloaded[0m cfg-if v1.0.4
2026-10-10T22:42:28.1940612Z [1m[92m  Downloaded[0m stable_deref_trait v1.2.1
2026-10-10T22:42:28.2040995Z [1m[92m  Downloaded[0m adler2 v2.0.1
2026-10-10T22:42:28.2192853Z [1m[92m  Downloaded[0m async-trait v0.1.89
2026-10-10T22:42:28.2635640Z [1m[92m  Downloaded[0m bit_field v0.10.3
2026-10-10T22:42:28.2758518Z [1m[92m  Downloaded[0m miniz_oxide v0.8.9
2026-10-10T22:42:28.2965719Z [1m[92m  Downloaded[0m num-traits v0.2.19
2026-10-10T22:42:28.3245357Z [1m[92m  Downloaded[0m thiserror v1.0.69
2026-10-10T22:42:28.4184744Z [1m[92m  Downloaded[0m bitflags v2.12.1
2026-10-10T22:42:28.4778130Z [1m[92m  Downloaded[0m autocfg v1.5.1
2026-10-10T22:42:28.4991474Z [1m[92m  Downloaded[0m paste v1.0.15
2026-10-10T22:42:28.5361868Z [1m[92m  Downloaded[0m quote v1.0.45
2026-10-10T22:42:28.5683085Z [1m[92m  Downloaded[0m raw-cpuid v11.6.0
2026-10-10T22:42:28.6150391Z [1m[92m  Downloaded[0m reborrow v0.5.5
2026-10-10T22:42:28.6232545Z [1m[92m  Downloaded[0m simd-adler32 v0.3.10
2026-10-10T22:42:28.6430552Z [1m[92m  Downloaded[0m version_check v0.9.5
2026-10-10T22:42:28.6617718Z [1m[92m  Downloaded[0m half v2.7.1
2026-10-10T22:42:28.6843366Z [1m[92m  Downloaded[0m hash32 v0.3.1
2026-10-10T22:42:28.7015124Z [1m[92m  Downloaded[0m pulp-wasm-simd-flag v0.1.1
2026-10-10T22:42:28.7083334Z [1m[92m  Downloaded[0m bytemuck v1.25.0
2026-10-10T22:42:28.7462445Z [1m[92m  Downloaded[0m rstar v0.12.2
2026-10-10T22:42:28.7760493Z [1m[92m  Downloaded[0m proc-macro2 v1.0.106
2026-10-10T22:42:28.8079459Z [1m[92m  Downloaded[0m lebe v0.5.3
2026-10-10T22:42:28.8199721Z [1m[92m  Downloaded[0m smallvec v1.15.1
2026-10-10T22:42:28.8420892Z [1m[92m  Downloaded[0m zune-inflate v0.2.54
2026-10-10T22:42:28.8572223Z [1m[92m  Downloaded[0m thiserror-impl v1.0.69
2026-10-10T22:42:28.8719145Z [1m[92m  Downloaded[0m zerocopy-derive v0.8.50
2026-10-10T22:42:29.4222534Z [1m[92m  Downloaded[0m heapless v0.8.0
2026-10-10T22:42:29.4606321Z [1m[92m  Downloaded[0m pulp v0.22.3
2026-10-10T22:42:29.5005281Z [1m[92m  Downloaded[0m libm v0.2.16
2026-10-10T22:42:29.6261040Z [1m[92m  Downloaded[0m glam v0.24.2
2026-10-10T22:42:29.7560271Z [1m[92m  Downloaded[0m syn v2.0.117
2026-10-10T22:42:29.8372265Z [1m[92m  Downloaded[0m exr v1.74.2
2026-10-10T22:42:29.9189118Z [1m[92m  Downloaded[0m zerocopy v0.8.50
2026-10-10T22:42:30.2585501Z [1m[92m   Compiling[0m proc-macro2 v1.0.106
2026-10-10T22:42:30.2586696Z [1m[92m   Compiling[0m quote v1.0.45
2026-10-10T22:42:30.2587409Z [1m[92m   Compiling[0m unicode-ident v1.0.24
2026-10-10T22:42:30.2588084Z [1m[92m   Compiling[0m libm v0.2.16
2026-10-10T22:42:30.4602540Z [1m[92m   Compiling[0m autocfg v1.5.1
2026-10-10T22:42:31.2631605Z [1m[92m   Compiling[0m num-traits v0.2.19
2026-10-10T22:42:32.5320202Z [1m[92m   Compiling[0m version_check v0.9.5
2026-10-10T22:42:32.6963978Z [1m[92m   Compiling[0m zerocopy v0.8.50
2026-10-10T22:42:33.2802849Z [1m[92m   Compiling[0m paste v1.0.15
2026-10-10T22:42:33.8894198Z [1m[92m   Compiling[0m pulp v0.22.3
2026-10-10T22:42:33.9454968Z [1m[92m   Compiling[0m syn v2.0.117
2026-10-10T22:42:34.3722843Z [1m[92m    Checking[0m byteorder v1.5.0
2026-10-10T22:42:34.4488409Z [1m[92m    Checking[0m bytemuck v1.25.0
2026-10-10T22:42:34.5595150Z [1m[92m   Compiling[0m heapless v0.8.0
2026-10-10T22:42:34.6882014Z [1m[92m    Checking[0m cfg-if v1.0.4
2026-10-10T22:42:34.7407410Z [1m[92m    Checking[0m hash32 v0.3.1
2026-10-10T22:42:35.0730192Z [1m[92m    Checking[0m simd-adler32 v0.3.10
2026-10-10T22:42:35.1617529Z [1m[92m    Checking[0m num-complex v0.4.6
2026-10-10T22:42:35.2136007Z [1m[92m   Compiling[0m thiserror v1.0.69
2026-10-10T22:42:35.7117740Z [1m[92m    Checking[0m reborrow v0.5.5
2026-10-10T22:42:35.7398926Z [1m[92m    Checking[0m pulp-wasm-simd-flag v0.1.1
2026-10-10T22:42:35.7835239Z [1m[92m    Checking[0m stable_deref_trait v1.2.1
2026-10-10T22:42:35.8061328Z [1m[92m    Checking[0m smallvec v1.15.1
2026-10-10T22:42:35.8400566Z [1m[92m    Checking[0m adler2 v2.0.1
2026-10-10T22:42:35.9448139Z [1m[92m    Checking[0m miniz_oxide v0.8.9
2026-10-10T22:42:36.6064913Z [1m[92m    Checking[0m zune-inflate v0.2.54
2026-10-10T22:42:36.6606669Z [1m[92m    Checking[0m bit_field v0.10.3
2026-10-10T22:42:36.8019283Z [1m[92m    Checking[0m lebe v0.5.3
2026-10-10T22:42:36.8166959Z [1m[92m    Checking[0m rstar v0.12.2
2026-10-10T22:42:37.0099244Z [1m[92m    Checking[0m glam v0.24.2
2026-10-10T22:42:40.1893876Z [1m[92m   Compiling[0m zerocopy-derive v0.8.50
2026-10-10T22:42:40.1894770Z [1m[92m   Compiling[0m thiserror-impl v1.0.69
2026-10-10T22:42:40.1895569Z [1m[92m   Compiling[0m async-trait v0.1.89
2026-10-10T22:42:46.5438845Z [1m[92m    Checking[0m half v2.7.1
2026-10-10T22:42:46.7730866Z [1m[92m    Checking[0m exr v1.74.2
2026-10-10T22:42:49.0903199Z [1m[92m    Checking[0m forge3d-core v1.26.3 (D:\a\forge3d-web\forge3d-web\crates\forge3d-core)
2026-10-10T22:42:49.5730270Z [1m[92m    Finished[0m `dev` profile [unoptimized + debuginfo] target(s) in 22.21s
2026-10-10T22:42:49.7385935Z ##[group]Run cargo check -p forge3d-web --target wasm32-unknown-unknown
2026-10-10T22:42:49.7386876Z [36;1mcargo check -p forge3d-web --target wasm32-unknown-unknown[0m
2026-10-10T22:42:49.7457900Z shell: C:\Program Files\PowerShell\7\pwsh.EXE -command ". '{0}'"
2026-10-10T22:42:49.7458261Z env:
2026-10-10T22:42:49.7458446Z   CARGO_TERM_COLOR: always
2026-10-10T22:42:49.7458669Z   RUST_BACKTRACE: 1
2026-10-10T22:42:49.7458882Z   CARGO_HOME: C:\Users\runneradmin\.cargo
2026-10-10T22:42:49.7459684Z   CARGO_INCREMENTAL: 0
2026-10-10T22:42:49.7459898Z ##[endgroup]
2026-10-10T22:42:50.1283665Z [1m[92m Downloading[0m crates ...
2026-10-10T22:42:50.1863242Z [1m[92m  Downloaded[0m gpu-descriptor-types v0.2.0
2026-10-10T22:42:50.1970980Z [1m[92m  Downloaded[0m bumpalo v3.20.3
2026-10-10T22:42:50.2222633Z [1m[92m  Downloaded[0m cfg_aliases v0.2.1
2026-10-10T22:42:50.2344596Z [1m[92m  Downloaded[0m glutin_wgl_sys v0.6.1
2026-10-10T22:42:50.2445672Z [1m[92m  Downloaded[0m document-features v0.2.12
2026-10-10T22:42:50.2622543Z [1m[92m  Downloaded[0m equivalent v1.0.2
2026-10-10T22:42:50.2756776Z [1m[92m  Downloaded[0m khronos-egl v6.0.0
2026-10-10T22:42:50.2949144Z [1m[92m  Downloaded[0m hexf-parse v0.2.1
2026-10-10T22:42:50.3001412Z [1m[92m  Downloaded[0m itoa v1.0.18
2026-10-10T22:42:50.3120803Z [1m[92m  Downloaded[0m futures-core v0.3.32
2026-10-10T22:42:50.3251737Z [1m[92m  Downloaded[0m futures-task v0.3.32
2026-10-10T22:42:50.3367072Z [1m[92m  Downloaded[0m gpu-descriptor v0.3.2
2026-10-10T22:42:50.3435266Z [1m[92m  Downloaded[0m wasm-bindgen-macro v0.2.122
2026-10-10T22:42:50.3512980Z [1m[92m  Downloaded[0m bit-set v0.9.1
2026-10-10T22:42:50.3638880Z [1m[92m  Downloaded[0m bit-vec v0.9.1
2026-10-10T22:42:50.3764478Z [1m[92m  Downloaded[0m foldhash v0.2.0
2026-10-10T22:42:50.3862681Z [1m[92m  Downloaded[0m arrayvec v0.7.6
2026-10-10T22:42:50.4040363Z [1m[92m  Downloaded[0m rustc-hash v1.1.0
2026-10-10T22:42:50.4117818Z [1m[92m  Downloaded[0m wasm-bindgen-shared v0.2.122
2026-10-10T22:42:50.4204228Z [1m[92m  Downloaded[0m renderdoc-sys v1.1.0
2026-10-10T22:42:50.4284609Z [1m[92m  Downloaded[0m windows-link v0.2.1
2026-10-10T22:42:50.4361183Z [1m[92m  Downloaded[0m windows-result v0.4.1
2026-10-10T22:42:50.4516335Z [1m[92m  Downloaded[0m windows-strings v0.5.1
2026-10-10T22:42:50.4679573Z [1m[92m  Downloaded[0m windows-implement v0.60.2
2026-10-10T22:42:50.4765604Z [1m[92m  Downloaded[0m windows-numerics v0.3.1
2026-10-10T22:42:50.4900100Z [1m[92m  Downloaded[0m wgpu-naga-bridge v29.0.3
2026-10-10T22:42:50.4993507Z [1m[92m  Downloaded[0m wasm-bindgen-futures v0.4.72
2026-10-10T22:42:50.5068081Z [1m[92m  Downloaded[0m wgpu-core-deps-windows-linux-android v29.0.3
2026-10-10T22:42:50.5142392Z [1m[92m  Downloaded[0m winapi-util v0.1.11
2026-10-10T22:42:50.5268799Z [1m[92m  Downloaded[0m windows-collections v0.3.2
2026-10-10T22:42:50.5366736Z [1m[92m  Downloaded[0m windows-interface v0.59.3
2026-10-10T22:42:50.5455482Z [1m[92m  Downloaded[0m profiling v1.0.18
2026-10-10T22:42:50.5604380Z [1m[92m  Downloaded[0m windows-threading v0.2.1
2026-10-10T22:42:50.5692907Z [1m[92m  Downloaded[0m gl_generator v0.14.0
2026-10-10T22:42:50.5848728Z [1m[92m  Downloaded[0m foldhash v0.1.5
2026-10-10T22:42:50.5963177Z [1m[92m  Downloaded[0m bytemuck_derive v1.10.2
2026-10-10T22:42:50.6065924Z [1m[92m  Downloaded[0m lock_api v0.4.14
2026-10-10T22:42:50.6156681Z [1m[92m  Downloaded[0m scopeguard v1.2.0
2026-10-10T22:42:50.6278257Z [1m[92m  Downloaded[0m slab v0.4.12
2026-10-10T22:42:50.6385271Z [1m[92m  Downloaded[0m serde-wasm-bindgen v0.6.5
2026-10-10T22:42:50.6523673Z [1m[92m  Downloaded[0m pkg-config v0.3.33
2026-10-10T22:42:50.6676396Z [1m[92m  Downloaded[0m range-alloc v0.1.5
2026-10-10T22:42:50.6763692Z [1m[92m  Downloaded[0m raw-window-handle v0.6.2
2026-10-10T22:42:50.6931741Z [1m[92m  Downloaded[0m thiserror v2.0.18
2026-10-10T22:42:50.7720323Z [1m[92m  Downloaded[0m libloading v0.8.9
2026-10-10T22:42:50.7945643Z [1m[92m  Downloaded[0m static_assertions v1.1.0
2026-10-10T22:42:50.8079108Z [1m[92m  Downloaded[0m presser v0.3.1
2026-10-10T22:42:50.8277758Z [1m[92m  Downloaded[0m zmij v1.0.21
2026-10-10T22:42:50.8417167Z [1m[92m  Downloaded[0m rustversion v1.0.22
2026-10-10T22:42:50.8703502Z [1m[92m  Downloaded[0m thiserror-impl v2.0.18
2026-10-10T22:42:50.8840036Z [1m[92m  Downloaded[0m pin-project-lite v0.2.17
2026-10-10T22:42:50.9479521Z [1m[92m  Downloaded[0m litrs v1.0.0
2026-10-10T22:42:50.9727433Z [1m[92m  Downloaded[0m parking_lot v0.12.5
2026-10-10T22:42:50.9968019Z [1m[92m  Downloaded[0m windows-core v0.62.2
2026-10-10T22:42:51.2490445Z [1m[92m  Downloaded[0m once_cell v1.21.4
2026-10-10T22:42:51.2789576Z [1m[92m  Downloaded[0m allocator-api2 v0.2.21
2026-10-10T22:42:51.3000644Z [1m[92m  Downloaded[0m codespan-reporting v0.13.1
2026-10-10T22:42:51.3842583Z [1m[92m  Downloaded[0m ordered-float v5.3.0
2026-10-10T22:42:51.3956758Z [1m[92m  Downloaded[0m parking_lot_core v0.9.12
2026-10-10T22:42:51.4148638Z [1m[92m  Downloaded[0m termcolor v1.4.1
2026-10-10T22:42:51.4250808Z [1m[92m  Downloaded[0m windows-future v0.3.2
2026-10-10T22:42:51.4401520Z [1m[92m  Downloaded[0m gpu-allocator v0.28.0
2026-10-10T22:42:51.4618073Z [1m[92m  Downloaded[0m log v0.4.32
2026-10-10T22:42:51.4795605Z [1m[92m  Downloaded[0m xml-rs v0.8.28
2026-10-10T22:42:51.5070678Z [1m[92m  Downloaded[0m serde_core v1.0.228
2026-10-10T22:42:51.5298140Z [1m[92m  Downloaded[0m slotmap v1.1.1
2026-10-10T22:42:51.5477231Z [1m[92m  Downloaded[0m spirv v0.4.0+sdk-1.4.341.0
2026-10-10T22:42:51.5549551Z [1m[92m  Downloaded[0m wasm-bindgen v0.2.122
2026-10-10T22:42:51.5763938Z [1m[92m  Downloaded[0m serde_derive v1.0.228
2026-10-10T22:42:51.6054131Z [1m[92m  Downloaded[0m wasm-bindgen-macro-support v0.2.122
2026-10-10T22:42:51.6203544Z [1m[92m  Downloaded[0m memchr v2.8.1
2026-10-10T22:42:51.6636725Z [1m[92m  Downloaded[0m serde v1.0.228
2026-10-10T22:42:51.6892450Z [1m[92m  Downloaded[0m js-sys v0.3.99
2026-10-10T22:42:51.7116058Z [1m[92m  Downloaded[0m indexmap v2.14.0
2026-10-10T22:42:51.7439082Z [1m[92m  Downloaded[0m wgpu-types v29.0.3
2026-10-10T22:42:51.7682878Z [1m[92m  Downloaded[0m hashbrown v0.15.5
2026-10-10T22:42:51.8032999Z [1m[92m  Downloaded[0m hashbrown v0.16.1
2026-10-10T22:42:51.8417998Z [1m[92m  Downloaded[0m serde_json v1.0.150
2026-10-10T22:42:51.9099847Z [1m[92m  Downloaded[0m futures-util v0.3.32
2026-10-10T22:42:52.0384820Z [1m[92m  Downloaded[0m hashbrown v0.17.1
2026-10-10T22:42:52.0753109Z [1m[92m  Downloaded[0m glow v0.17.0
2026-10-10T22:42:52.0930428Z [1m[92m  Downloaded[0m wgpu v29.0.3
2026-10-10T22:42:52.2262605Z [1m[92m  Downloaded[0m unicode-width v0.2.2
2026-10-10T22:42:52.2436187Z [1m[92m  Downloaded[0m wgpu-core v29.0.3
2026-10-10T22:42:52.3092002Z [1m[92m  Downloaded[0m wgpu-hal v29.0.3
2026-10-10T22:42:53.0215405Z [1m[92m  Downloaded[0m ash v0.38.0+1.3.281
2026-10-10T22:42:53.1160027Z [1m[92m  Downloaded[0m console_error_panic_hook v0.1.7
2026-10-10T22:42:53.1320743Z [1m[92m  Downloaded[0m khronos_api v3.1.0
2026-10-10T22:42:53.2217887Z [1m[92m  Downloaded[0m web-sys v0.3.99
2026-10-10T22:42:54.5460659Z [1m[92m  Downloaded[0m libc v0.2.186
2026-10-10T22:42:54.8395374Z [1m[92m  Downloaded[0m naga v29.0.3
2026-10-10T22:42:55.2057967Z [1m[92m  Downloaded[0m windows-sys v0.61.2
2026-10-10T22:42:55.9005760Z [1m[92m  Downloaded[0m windows v0.62.2
2026-10-10T22:42:57.4979683Z [1m[92m   Compiling[0m wasm-bindgen-shared v0.2.122
2026-10-10T22:42:57.4981555Z [1m[92m   Compiling[0m rustversion v1.0.22
2026-10-10T22:42:57.4983014Z [1m[92m   Compiling[0m bumpalo v3.20.3
2026-10-10T22:42:57.4984214Z [1m[92m   Compiling[0m syn v2.0.117
2026-10-10T22:42:57.9015131Z [1m[92m    Checking[0m unicode-ident v1.0.24
2026-10-10T22:42:58.0136079Z [1m[92m    Checking[0m once_cell v1.21.4
2026-10-10T22:42:58.0889600Z [1m[92m    Checking[0m futures-core v0.3.32
2026-10-10T22:42:58.4289934Z [1m[92m    Checking[0m futures-task v0.3.32
2026-10-10T22:42:58.5834906Z [1m[92m    Checking[0m slab v0.4.12
2026-10-10T22:42:58.7558324Z [1m[92m    Checking[0m pin-project-lite v0.2.17
2026-10-10T22:42:58.7563046Z [1m[92m   Compiling[0m serde_core v1.0.228
2026-10-10T22:42:58.8282574Z [1m[92m    Checking[0m futures-util v0.3.32
2026-10-10T22:42:59.3480566Z [1m[92m   Compiling[0m parking_lot_core v0.9.12
2026-10-10T22:42:59.3713725Z [1m[92m   Compiling[0m wasm-bindgen v0.2.122
2026-10-10T22:42:59.8017785Z [1m[92m    Checking[0m scopeguard v1.2.0
2026-10-10T22:42:59.8802067Z [1m[92m   Compiling[0m cfg_aliases v0.2.1
2026-10-10T22:42:59.9481572Z [1m[92m   Compiling[0m serde v1.0.228
2026-10-10T22:43:00.5453281Z [1m[92m   Compiling[0m wgpu v29.0.3
2026-10-10T22:43:01.3805301Z [1m[92m    Checking[0m lock_api v0.4.14
2026-10-10T22:43:01.6503585Z [1m[92m    Checking[0m bitflags v2.12.1
2026-10-10T22:43:01.7554716Z [1m[92m   Compiling[0m zmij v1.0.21
2026-10-10T22:43:01.8560344Z [1m[92m    Checking[0m foldhash v0.2.0
2026-10-10T22:43:02.0080648Z [1m[92m    Checking[0m raw-window-handle v0.6.2
2026-10-10T22:43:02.1482156Z [1m[92m    Checking[0m log v0.4.32
2026-10-10T22:43:02.2423177Z [1m[92m   Compiling[0m litrs v1.0.0
2026-10-10T22:43:02.3686890Z [1m[92m    Checking[0m hashbrown v0.16.1
2026-10-10T22:43:02.7642484Z [1m[92m   Compiling[0m wasm-bindgen-macro-support v0.2.122
2026-10-10T22:43:03.1295056Z [1m[92m    Checking[0m parking_lot v0.12.5
2026-10-10T22:43:03.3232230Z [1m[92m   Compiling[0m document-features v0.2.12
2026-10-10T22:43:03.3864346Z [1m[92m    Checking[0m arrayvec v0.7.6
2026-10-10T22:43:03.6255167Z [1m[92m   Compiling[0m serde_json v1.0.150
2026-10-10T22:43:03.8935916Z [1m[92m    Checking[0m static_assertions v1.1.0
2026-10-10T22:43:03.9783188Z [1m[92m    Checking[0m profiling v1.0.18
2026-10-10T22:43:04.3199422Z [1m[92m    Checking[0m memchr v2.8.1
2026-10-10T22:43:04.5931234Z [1m[92m    Checking[0m itoa v1.0.18
2026-10-10T22:43:06.9044513Z [1m[92m   Compiling[0m bytemuck_derive v1.10.2
2026-10-10T22:43:06.9321008Z [1m[92m   Compiling[0m zerocopy-derive v0.8.50
2026-10-10T22:43:08.1592301Z [1m[92m   Compiling[0m serde_derive v1.0.228
2026-10-10T22:43:09.7752724Z [1m[92m    Checking[0m bytemuck v1.25.0
2026-10-10T22:43:10.0553831Z [1m[92m    Checking[0m num-complex v0.4.6
2026-10-10T22:43:10.6594487Z [1m[92m    Checking[0m pulp v0.22.3
2026-10-10T22:43:10.9190129Z [1m[92m    Checking[0m zerocopy v0.8.50
2026-10-10T22:43:11.9753113Z [1m[92m   Compiling[0m wasm-bindgen-macro v0.2.122
2026-10-10T22:43:13.5935677Z [1m[92m   Compiling[0m thiserror-impl v1.0.69
2026-10-10T22:43:14.5999420Z [1m[92m    Checking[0m js-sys v0.3.99
2026-10-10T22:43:16.6753970Z [1m[92m    Checking[0m half v2.7.1
2026-10-10T22:43:17.0948647Z [1m[92m   Compiling[0m async-trait v0.1.89
2026-10-10T22:43:17.1008701Z [1m[92m    Checking[0m exr v1.74.2
2026-10-10T22:43:17.1585285Z [1m[92m    Checking[0m thiserror v1.0.69
2026-10-10T22:43:17.2446470Z [1m[92m    Checking[0m console_error_panic_hook v0.1.7
2026-10-10T22:43:25.2415083Z [1m[92m    Checking[0m web-sys v0.3.99
2026-10-10T22:43:25.2416038Z [1m[92m    Checking[0m wasm-bindgen-futures v0.4.72
2026-10-10T22:43:25.2416807Z [1m[92m    Checking[0m serde-wasm-bindgen v0.6.5
2026-10-10T22:43:35.8666062Z [1m[92m    Checking[0m wgpu-types v29.0.3
2026-10-10T22:43:45.3488112Z [1m[92m    Checking[0m forge3d-core v1.26.3 (D:\a\forge3d-web\forge3d-web\crates\forge3d-core)
2026-10-10T22:43:48.1157332Z [1m[92m    Checking[0m forge3d-web v1.26.3 (D:\a\forge3d-web\forge3d-web\crates\forge3d-web)
2026-10-10T22:43:53.1664842Z [1m[92m    Finished[0m `dev` profile [unoptimized + debuginfo] target(s) in 1m 03s
2026-10-10T22:43:53.3168170Z ##[group]Run cargo test -p forge3d-core --features gpu
2026-10-10T22:43:53.3168630Z [36;1mcargo test -p forge3d-core --features gpu[0m
2026-10-10T22:43:53.3239655Z shell: C:\Program Files\PowerShell\7\pwsh.EXE -command ". '{0}'"
2026-10-10T22:43:53.3239997Z env:
2026-10-10T22:43:53.3240173Z   CARGO_TERM_COLOR: always
2026-10-10T22:43:53.3240401Z   RUST_BACKTRACE: 1
2026-10-10T22:43:53.3240614Z   CARGO_HOME: C:\Users\runneradmin\.cargo
2026-10-10T22:43:53.3240865Z   CARGO_INCREMENTAL: 0
2026-10-10T22:43:53.3241074Z ##[endgroup]
2026-10-10T22:43:53.8154376Z [1m[92m   Compiling[0m proc-macro2 v1.0.106
2026-10-10T22:43:53.8155267Z [1m[92m   Compiling[0m quote v1.0.45
2026-10-10T22:43:53.8155971Z [1m[92m   Compiling[0m windows-link v0.2.1
2026-10-10T22:43:53.8156664Z [1m[92m   Compiling[0m autocfg v1.5.1
2026-10-10T22:43:53.8844504Z [1m[92m   Compiling[0m libm v0.2.16
2026-10-10T22:43:54.2372418Z [1m[92m   Compiling[0m cfg_aliases v0.2.1
2026-10-10T22:43:54.3218896Z [1m[92m   Compiling[0m bitflags v2.12.1
2026-10-10T22:43:54.5011916Z [1m[92m   Compiling[0m num-traits v0.2.19
2026-10-10T22:43:54.6729646Z [1m[92m   Compiling[0m log v0.4.32
2026-10-10T22:43:54.8950398Z [1m[92m   Compiling[0m cfg-if v1.0.4
2026-10-10T22:43:54.9200897Z [1m[92m   Compiling[0m windows-strings v0.5.1
2026-10-10T22:43:55.0609375Z [1m[92m   Compiling[0m windows-result v0.4.1
2026-10-10T22:43:55.5317348Z [1m[92m   Compiling[0m zerocopy v0.8.50
2026-10-10T22:43:55.6119657Z [1m[92m   Compiling[0m khronos_api v3.1.0
2026-10-10T22:43:55.9360512Z [1m[92m   Compiling[0m syn v2.0.117
2026-10-10T22:43:56.1772380Z [1m[92m   Compiling[0m equivalent v1.0.2
2026-10-10T22:43:56.2462303Z [1m[92m   Compiling[0m thiserror v2.0.18
2026-10-10T22:43:57.0842750Z [1m[92m   Compiling[0m xml-rs v0.8.28
2026-10-10T22:43:57.1326545Z [1m[92m   Compiling[0m allocator-api2 v0.2.21
2026-10-10T22:43:57.3362170Z [1m[92m   Compiling[0m foldhash v0.2.0
2026-10-10T22:43:57.5819217Z [1m[92m   Compiling[0m smallvec v1.15.1
2026-10-10T22:43:57.6646410Z [1m[92m   Compiling[0m hashbrown v0.16.1
2026-10-10T22:43:57.8976785Z [1m[92m   Compiling[0m naga v29.0.3
2026-10-10T22:43:58.3783409Z [1m[92m   Compiling[0m gl_generator v0.14.0
2026-10-10T22:43:58.7171552Z [1m[92m   Compiling[0m windows-threading v0.2.1
2026-10-10T22:43:58.7244709Z [1m[92m   Compiling[0m libloading v0.8.9
2026-10-10T22:43:58.8997502Z [1m[92m   Compiling[0m bit-vec v0.9.1
2026-10-10T22:43:59.1349210Z [1m[92m   Compiling[0m libc v0.2.186
2026-10-10T22:43:59.2846908Z [1m[92m   Compiling[0m hashbrown v0.17.1
2026-10-10T22:43:59.4121034Z [1m[92m   Compiling[0m ash v0.38.0+1.3.281
2026-10-10T22:43:59.6687546Z [1m[92m   Compiling[0m parking_lot_core v0.9.12
2026-10-10T22:43:59.6806553Z [1m[92m   Compiling[0m unicode-width v0.2.2
2026-10-10T22:44:00.1014293Z [1m[92m   Compiling[0m codespan-reporting v0.13.1
2026-10-10T22:44:00.3114492Z [1m[92m   Compiling[0m indexmap v2.14.0
2026-10-10T22:44:00.8235962Z [1m[92m   Compiling[0m glutin_wgl_sys v0.6.1
2026-10-10T22:44:01.3965725Z [1m[92m   Compiling[0m bit-set v0.9.1
2026-10-10T22:44:01.6785475Z [1m[92m   Compiling[0m spirv v0.4.0+sdk-1.4.341.0
2026-10-10T22:44:01.6786285Z [1m[92m   Compiling[0m khronos-egl v6.0.0
2026-10-10T22:44:02.2318788Z [1m[92m   Compiling[0m arrayvec v0.7.6
2026-10-10T22:44:02.2679928Z [1m[92m   Compiling[0m scopeguard v1.2.0
2026-10-10T22:44:02.6402551Z [1m[92m   Compiling[0m once_cell v1.21.4
2026-10-10T22:44:02.6967315Z [1m[92m   Compiling[0m hexf-parse v0.2.1
2026-10-10T22:44:02.9601227Z [1m[92m   Compiling[0m foldhash v0.1.5
2026-10-10T22:44:03.0671823Z [1m[92m   Compiling[0m rustc-hash v1.1.0
2026-10-10T22:44:03.1854316Z [1m[92m   Compiling[0m raw-window-handle v0.6.2
2026-10-10T22:44:03.2780608Z [1m[92m   Compiling[0m hashbrown v0.15.5
2026-10-10T22:44:03.7873802Z [1m[92m   Compiling[0m lock_api v0.4.14
2026-10-10T22:44:04.5487343Z [1m[92m   Compiling[0m windows-implement v0.60.2
2026-10-10T22:44:04.5537440Z [1m[92m   Compiling[0m bytemuck_derive v1.10.2
2026-10-10T22:44:04.8862235Z [1m[92m   Compiling[0m windows-interface v0.59.3
2026-10-10T22:44:05.6897606Z [1m[92m   Compiling[0m zerocopy-derive v0.8.50
2026-10-10T22:44:05.8660085Z [1m[92m   Compiling[0m thiserror-impl v2.0.18
2026-10-10T22:44:06.2620887Z [1m[92m   Compiling[0m windows-core v0.62.2
2026-10-10T22:44:06.9083726Z [1m[92m   Compiling[0m bytemuck v1.25.0
2026-10-10T22:44:07.2118499Z [1m[92m   Compiling[0m windows-numerics v0.3.1
2026-10-10T22:44:07.2975315Z [1m[92m   Compiling[0m windows-future v0.3.2
2026-10-10T22:44:07.4621221Z [1m[92m   Compiling[0m windows-collections v0.3.2
2026-10-10T22:44:08.2619874Z [1m[92m   Compiling[0m windows v0.62.2
2026-10-10T22:44:08.2898889Z [1m[92m   Compiling[0m wgpu-types v29.0.3
2026-10-10T22:44:13.4484932Z [1m[92m   Compiling[0m gpu-descriptor-types v0.2.0
2026-10-10T22:44:13.7827086Z [1m[92m   Compiling[0m wgpu-hal v29.0.3
2026-10-10T22:44:14.3663288Z [1m[92m   Compiling[0m presser v0.3.1
2026-10-10T22:44:14.6480499Z [1m[92m   Compiling[0m half v2.7.1
2026-10-10T22:44:14.8527924Z [1m[92m   Compiling[0m gpu-descriptor v0.3.2
2026-10-10T22:44:15.2301156Z [1m[92m   Compiling[0m parking_lot v0.12.5
2026-10-10T22:44:16.9137668Z [1m[92m   Compiling[0m ordered-float v5.3.0
2026-10-10T22:44:17.3255275Z [1m[92m   Compiling[0m glow v0.17.0
2026-10-10T22:44:21.0020134Z [1m[92m   Compiling[0m profiling v1.0.18
2026-10-10T22:44:21.0599133Z [1m[92m   Compiling[0m paste v1.0.15
2026-10-10T22:44:21.4006468Z [1m[92m   Compiling[0m range-alloc v0.1.5
2026-10-10T22:44:21.5393863Z [1m[92m   Compiling[0m version_check v0.9.5
2026-10-10T22:44:21.9738945Z [1m[92m   Compiling[0m renderdoc-sys v1.1.0
2026-10-10T22:44:22.1400793Z [1m[92m   Compiling[0m pulp v0.22.3
2026-10-10T22:44:22.6094462Z [1m[92m   Compiling[0m wgpu-core v29.0.3
2026-10-10T22:44:23.1078552Z [1m[92m   Compiling[0m byteorder v1.5.0
2026-10-10T22:44:23.3306282Z [1m[92m   Compiling[0m litrs v1.0.0
2026-10-10T22:44:24.1409080Z [1m[92m   Compiling[0m heapless v0.8.0
2026-10-10T22:44:24.5584539Z [1m[92m   Compiling[0m document-features v0.2.12
2026-10-10T22:44:25.3351487Z [1m[92m   Compiling[0m hash32 v0.3.1
2026-10-10T22:44:26.2733035Z [1m[92m   Compiling[0m num-complex v0.4.6
2026-10-10T22:44:27.0191505Z [1m[92m   Compiling[0m gpu-allocator v0.28.0
2026-10-10T22:44:27.3468147Z [1m[92m   Compiling[0m raw-cpuid v11.6.0
2026-10-10T22:44:28.9576671Z [1m[92m   Compiling[0m wgpu-naga-bridge v29.0.3
2026-10-10T22:44:31.0215733Z [1m[92m   Compiling[0m wgpu v29.0.3
2026-10-10T22:44:31.3040147Z [1m[92m   Compiling[0m reborrow v0.5.5
2026-10-10T22:44:31.3844033Z [1m[92m   Compiling[0m serde_core v1.0.228
2026-10-10T22:44:31.7664356Z [1m[92m   Compiling[0m zmij v1.0.21
2026-10-10T22:44:31.7880265Z [1m[92m   Compiling[0m pulp-wasm-simd-flag v0.1.1
2026-10-10T22:44:31.8803752Z [1m[92m   Compiling[0m stable_deref_trait v1.2.1
2026-10-10T22:44:31.9418461Z [1m[92m   Compiling[0m adler2 v2.0.1
2026-10-10T22:44:32.0794772Z [1m[92m   Compiling[0m thiserror v1.0.69
2026-10-10T22:44:32.0817043Z [1m[92m   Compiling[0m simd-adler32 v0.3.10
2026-10-10T22:44:32.4047320Z [1m[92m   Compiling[0m zune-inflate v0.2.54
2026-10-10T22:44:32.7127210Z [1m[92m   Compiling[0m miniz_oxide v0.8.9
2026-10-10T22:44:34.1049821Z [1m[92m   Compiling[0m thiserror-impl v1.0.69
2026-10-10T22:44:35.8838174Z [1m[92m   Compiling[0m wgpu-core-deps-windows-linux-android v29.0.3
2026-10-10T22:44:38.8085576Z [1m[92m   Compiling[0m bit_field v0.10.3
2026-10-10T22:44:39.0134524Z [1m[92m   Compiling[0m static_assertions v1.1.0
2026-10-10T22:44:39.0772090Z [1m[92m   Compiling[0m lebe v0.5.3
2026-10-10T22:44:39.3275084Z [1m[92m   Compiling[0m serde_json v1.0.150
2026-10-10T22:44:39.6310748Z [1m[92m   Compiling[0m exr v1.74.2
2026-10-10T22:44:50.6817684Z [1m[92m   Compiling[0m rstar v0.12.2
2026-10-10T22:44:51.2478018Z [1m[92m   Compiling[0m async-trait v0.1.89
2026-10-10T22:44:51.3244975Z [1m[92m   Compiling[0m memchr v2.8.1
2026-10-10T22:44:52.5525734Z [1m[92m   Compiling[0m glam v0.24.2
2026-10-10T22:44:52.8115180Z [1m[92m   Compiling[0m itoa v1.0.18
2026-10-10T22:44:56.1305079Z [1m[92m   Compiling[0m forge3d-core v1.26.3 (D:\a\forge3d-web\forge3d-web\crates\forge3d-core)
2026-10-10T22:45:02.8059656Z [1m[92m    Finished[0m `test` profile [unoptimized + debuginfo] target(s) in 1m 09s
2026-10-10T22:45:02.8144200Z [1m[92m     Running[0m unittests src\lib.rs (target\debug\deps\forge3d_core-d8bc93af0b01b204.exe)
2026-10-10T22:45:02.8258162Z 
2026-10-10T22:45:02.8258971Z running 94 tests
2026-10-10T22:45:02.8269191Z test codecs::exr::tests::channel_naming_matches_native_exr_writer ... ok
2026-10-10T22:45:02.8275583Z test codecs::exr::tests::encoder_rejects_invalid_channel_sets ... ok
2026-10-10T22:45:02.8279414Z test codecs::rgbe::tests::accepts_crlf_headers_and_rgbe_magic ... ok
2026-10-10T22:45:02.8283637Z test codecs::rgbe::tests::accepts_only_whitespace_trailing_bytes ... ok
2026-10-10T22:45:02.8287611Z test codecs::rgbe::tests::decodes_flat_pixels_below_rle_width_threshold ... ok
2026-10-10T22:45:02.8291975Z test codecs::rgbe::tests::decodes_old_flat_scanlines_at_rle_eligible_width ... ok
2026-10-10T22:45:02.8298086Z test codecs::rgbe::tests::decodes_rle_scanline_with_mixed_runs_and_literals ... ok
2026-10-10T22:45:02.8302682Z test codecs::rgbe::tests::enforces_dimension_and_pixel_limits ... ok
2026-10-10T22:45:02.8307513Z test codecs::rgbe::tests::hdr_values_are_not_clamped_to_one ... ok
2026-10-10T22:45:02.8309188Z test codecs::exr::tests::beauty_round_trip_is_exact_and_header_matches_native_parser ... ok
2026-10-10T22:45:02.8313521Z test codecs::rgbe::tests::rejects_bad_magic_and_missing_format ... ok
2026-10-10T22:45:02.8319089Z test codecs::rgbe::tests::rejects_bad_resolution_lines ... ok
2026-10-10T22:45:02.8320200Z test codecs::rgbe::tests::rejects_empty_and_headerless_input ... ok
2026-10-10T22:45:02.8323703Z test codecs::rgbe::tests::rejects_rle_zero_counts_overflow_and_bad_markers ... ok
2026-10-10T22:45:02.8325303Z test codecs::rgbe::tests::rejects_truncated_flat_and_rle_data ... ok
2026-10-10T22:45:02.8328764Z test codecs::rgbe::tests::rejects_two_two_marker_with_wrong_declared_width ... ok
2026-10-10T22:45:02.8333799Z test codecs::rgbe::tests::reorients_all_axis_sign_combinations ... ok
2026-10-10T22:45:02.8335233Z test codecs::rgbe::tests::result_shape_matches_dimensions ... ok
2026-10-10T22:45:02.8336681Z test codecs::rgbe::tests::zero_exponent_produces_black_with_unit_alpha ... ok
2026-10-10T22:45:02.8337831Z test codecs::sha256::tests::ibl_source_hash_matches_lead_literal ... ok
2026-10-10T22:45:02.8343020Z test gpu::runtime::tests::device_health_notifies_each_listener_once_on_first_loss ... ok
2026-10-10T22:45:02.8347828Z test gpu::runtime::tests::device_health_unsubscribe_detaches_listener ... ok
2026-10-10T22:45:02.8354203Z test codecs::exr::tests::malformed_and_oversized_files_fail_with_typed_errors_before_allocation ... ok
2026-10-10T22:45:02.8357847Z test gpu::runtime::tests::fatal_uncaptured_errors_mark_device_lost_and_notify_once ... ok
2026-10-10T22:45:02.8359153Z test gpu::runtime::tests::gpu_runtime_options_default_to_browser_compatible_limits ... ok
2026-10-10T22:45:02.8361519Z test gpu::runtime::tests::uncaptured_validation_error_is_retained_without_marking_device_lost ... ok
2026-10-10T22:45:02.8363342Z test gpu::surface::tests::surface_configuration_rejects_zero_size_before_touching_adapter ... ok
2026-10-10T22:45:02.8364708Z test gpu::surface::tests::surface_descriptor_defaults_to_fifo_presentation ... ok
2026-10-10T22:45:02.8367051Z test io::source::tests::byte_range_rejects_overflow ... ok
2026-10-10T22:45:02.8369038Z test io::source::tests::fake_source_reads_full_and_ranged_bytes ... ok
2026-10-10T22:45:02.8372725Z test io::source::tests::little_endian_f32_decoder_validates_length_and_expected_count ... ok
2026-10-10T22:45:02.8373845Z test labels::callout::tests::test_auto_pointer_direction ... ok
2026-10-10T22:45:02.8378512Z test labels::callout::tests::test_callout_style_default ... ok
2026-10-10T22:45:02.8380274Z test labels::callout::tests::test_generate_rounded_rect ... ok
2026-10-10T22:45:02.8384291Z test labels::collision::tests::test_clear ... ok
2026-10-10T22:45:02.8385060Z test labels::collision::tests::test_collision ... ok
2026-10-10T22:45:02.8388028Z test labels::collision::tests::test_no_collision ... ok
2026-10-10T22:45:02.8388838Z test labels::curved::tests::test_sample_at_distance ... ok
2026-10-10T22:45:02.8392121Z test labels::curved::tests::test_sampled_path_from_polyline ... ok
2026-10-10T22:45:02.8393050Z test labels::declutter::tests::test_boxes_overlap ... ok
2026-10-10T22:45:02.8396516Z test labels::declutter::tests::test_greedy_non_overlapping ... ok
2026-10-10T22:45:02.8397585Z test labels::declutter::tests::test_greedy_overlapping_priority ... ok
2026-10-10T22:45:02.8401740Z test labels::layer::tests::test_feature_from_points ... ok
2026-10-10T22:45:02.8402479Z test labels::layer::tests::test_generate_labels ... ok
2026-10-10T22:45:02.8405445Z test labels::layer::tests::test_label_layer_creation ... ok
2026-10-10T22:45:02.8406346Z test labels::leader::tests::test_create_leader ... ok
2026-10-10T22:45:02.8409234Z test labels::leader::tests::test_elbow_leader ... ok
2026-10-10T22:45:02.8410027Z test labels::leader::tests::test_generate_vertices ... ok
2026-10-10T22:45:02.8413312Z test labels::line_label::tests::test_glyph_rotation_flips_upside_down_reverse_line ... ok
2026-10-10T22:45:02.8414756Z test labels::line_label::tests::test_glyph_rotation_follows_diagonal_tangent ... ok
2026-10-10T22:45:02.8417413Z test labels::line_label::tests::test_path_length ... ok
2026-10-10T22:45:02.8418572Z test labels::line_label::tests::test_sample_path ... ok
2026-10-10T22:45:02.8421587Z test labels::projection::tests::test_behind_camera ... ok
2026-10-10T22:45:02.8422498Z test labels::projection::tests::test_identity_projection ... ok
2026-10-10T22:45:02.8425604Z test labels::rtree::tests::test_clear ... ok
2026-10-10T22:45:02.8426348Z test labels::rtree::tests::test_collision ... ok
2026-10-10T22:45:02.8429524Z test labels::rtree::tests::test_no_collision ... ok
2026-10-10T22:45:02.8433132Z test labels::rtree::tests::test_query ... ok
2026-10-10T22:45:02.8434612Z test labels::typography::tests::test_kerning_table ... ok
2026-10-10T22:45:02.8435454Z test labels::typography::tests::test_text_case_title ... ok
2026-10-10T22:45:02.8438525Z test labels::typography::tests::test_text_case_upper ... ok
2026-10-10T22:45:02.8439308Z test labels::typography::tests::test_typography_defaults ... ok
2026-10-10T22:45:02.8445891Z test offline::tests::atrous_denoiser_validates_inputs_and_uses_depth_guidance ... ok
2026-10-10T22:45:02.8450746Z test offline::tests::convergence_tracker_matches_native_history_semantics ... ok
2026-10-10T22:45:02.8470569Z test offline::tests::convergence_trend_rule_matches_native_window ... ok
2026-10-10T22:45:02.8507848Z test codecs::exr::tests::multichannel_aov_file_keeps_every_native_channel_and_exact_ids ... ok
2026-10-10T22:45:02.8513179Z test offline::tests::halton_matches_native_radical_inverse ... ok
2026-10-10T22:45:02.8517669Z test offline::tests::image_metrics_report_identity_and_known_errors ... ok
2026-10-10T22:45:02.8521808Z test offline::tests::jitter_matches_native_perspective_formula_and_shifts_orthographic ... ok
2026-10-10T22:45:02.8526000Z test offline::tests::luminance_downsample_and_tile_means_follow_native_blocks ... ok
2026-10-10T22:45:02.8565765Z test offline::tests::noise_estimate_tracks_gaussian_like_noise_and_ignores_flat_images ... ok
2026-10-10T22:45:02.8570235Z test offline::tests::r2_sequence_reproduces_native_offsets ... ok
2026-10-10T22:45:02.8574160Z test offline::tests::tonemap_operators_match_native_curves ... ok
2026-10-10T22:45:02.9012995Z test tests::core_source_tree_has_no_python_boundary_tokens ... ok
2026-10-10T22:45:02.9021689Z test tests::default_core_root_does_not_expose_staged_native_or_offline_modules ... ok
2026-10-10T22:45:02.9027183Z test tests::phase10_core_readback_contract_is_exposed ... ok
2026-10-10T22:45:02.9031142Z test tests::phase4_feature_gate_manifest_tracks_core_optional_surfaces ... ok
2026-10-10T22:45:02.9040485Z test tests::phase5_browser_gpu_sources_do_not_use_blocking_or_global_context ... ok
2026-10-10T22:45:02.9220077Z test tests::phase5_core_production_sources_have_no_blocking_or_global_gpu_callsite_tokens ... ok
2026-10-10T22:45:02.9427797Z test tests::phase5_core_source_tree_has_no_legacy_global_gpu_singleton ... ok
2026-10-10T22:45:02.9444543Z test tests::phase5_gpu_runtime_api_is_public_without_legacy_singleton ... ok
2026-10-10T22:45:02.9450648Z test tests::phase8_core_terrain_heightmap_contract_is_exposed ... ok
2026-10-10T22:45:02.9456015Z test tests::phase9_core_camera_contract_is_exposed ... ok
2026-10-10T22:45:02.9472565Z test tests::removed_python_binding_roots_do_not_exist_in_browser_only_workspace ... ok
2026-10-10T22:45:02.9476902Z test vector::tests::conservative_culling_keeps_intersecting_triangles ... ok
2026-10-10T22:45:02.9483046Z test vector::tests::extrusion_and_billboard_have_pixel_units ... ok
2026-10-10T22:45:02.9494947Z test vector::tests::fused_matrix_control_crosses_the_directed_depth_storage_boundary ... ok
2026-10-10T22:45:02.9498754Z test vector::tests::gpu_storage_layouts ... ok
2026-10-10T22:45:02.9503346Z test vector::tests::native_weight_is_alpha_scaled ... ok
2026-10-10T22:45:02.9516566Z test vector::tests::near_coplanar_drapes_never_round_behind_the_surface ... ok
2026-10-10T22:45:02.9520337Z test vector::tests::projection_preserves_large_coordinate_cancellation ... ok
2026-10-10T22:45:02.9781853Z test codecs::sha256::tests::sha256_matches_standard_vectors ... ok
2026-10-10T22:45:03.2050796Z test offline::tests::atrous_denoiser_meets_offline_denoise_acceptance ... ok
2026-10-10T22:45:03.2060679Z test offline::tests::edge_stopping_preserves_converged_detail_and_zero_matches_native_weights ... ok
2026-10-10T22:45:03.2061180Z 
2026-10-10T22:45:03.2061532Z test result: ok. 94 passed; 0 failed; 0 ignored; 0 measured; 0 filtered out; finished in 0.38s
2026-10-10T22:45:03.2061885Z 
2026-10-10T22:45:03.2083860Z [1m[92m   Doc-tests[0m forge3d_core
2026-10-10T22:45:03.3683394Z 
2026-10-10T22:45:03.3684251Z running 1 test
2026-10-10T22:45:03.3689000Z test crates\forge3d-core\src\labels\layer.rs - labels::layer::label_layer_from_mapbox_style (line 440) ... ignored
2026-10-10T22:45:03.3689546Z 
2026-10-10T22:45:03.3690195Z test result: ok. 0 passed; 0 failed; 1 ignored; 0 measured; 0 filtered out; finished in 0.00s
2026-10-10T22:45:03.3690567Z 
2026-10-10T22:45:03.5023436Z ##[group]Run cargo test -p forge3d-core --features webgpu
2026-10-10T22:45:03.5024571Z [36;1mcargo test -p forge3d-core --features webgpu[0m
2026-10-10T22:45:03.5097176Z shell: C:\Program Files\PowerShell\7\pwsh.EXE -command ". '{0}'"
2026-10-10T22:45:03.5097549Z env:
2026-10-10T22:45:03.5097732Z   CARGO_TERM_COLOR: always
2026-10-10T22:45:03.5097977Z   RUST_BACKTRACE: 1
2026-10-10T22:45:03.5098207Z   CARGO_HOME: C:\Users\runneradmin\.cargo
2026-10-10T22:45:03.5098487Z   CARGO_INCREMENTAL: 0
2026-10-10T22:45:03.5098695Z ##[endgroup]
2026-10-10T22:45:03.9956909Z [1m[92m   Compiling[0m serde_core v1.0.228
2026-10-10T22:45:03.9978481Z [1m[92m   Compiling[0m serde v1.0.228
2026-10-10T22:45:03.9985367Z [1m[92m   Compiling[0m serde_derive v1.0.228
2026-10-10T22:45:06.8223645Z [1m[92m   Compiling[0m serde_json v1.0.150
2026-10-10T22:45:07.3605907Z [1m[92m   Compiling[0m forge3d-core v1.26.3 (D:\a\forge3d-web\forge3d-web\crates\forge3d-core)
2026-10-10T22:45:21.9641706Z [1m[92m    Finished[0m `test` profile [unoptimized + debuginfo] target(s) in 18.13s
2026-10-10T22:45:21.9719162Z [1m[92m     Running[0m unittests src\lib.rs (target\debug\deps\forge3d_core-f66fb224b9af2242.exe)
2026-10-10T22:45:21.9831567Z 
2026-10-10T22:45:21.9832052Z running 414 tests
2026-10-10T22:45:21.9841574Z test camera::tests::camera_input_orthographic_projection_and_extents ... ok
2026-10-10T22:45:21.9843022Z test camera::tests::camera_input_rejects_colinear_up_and_keeps_legacy_messages ... ok
2026-10-10T22:45:21.9844199Z test camera::tests::animation_edits_replace_clear_and_reject_non_finite ... ok
2026-10-10T22:45:21.9848389Z test camera::tests::controller_switches_modes_without_jumping_the_view ... ok
2026-10-10T22:45:21.9852840Z test camera::tests::fps_controller_moves_with_native_axes_and_speed ... ok
2026-10-10T22:45:21.9857135Z test camera::tests::mouse_drag_rotates_active_controller_with_pitch_clamp ... ok
2026-10-10T22:45:22.0245535Z test camera::tests::dof_helpers_match_native_oracle ... ok
2026-10-10T22:45:22.0248906Z test camera::tests::animation_matches_native_oracle ... ok
2026-10-10T22:45:22.0252942Z test camera::tests::render_config_names_frames_like_native ... ok
2026-10-10T22:45:22.0257534Z test camera::tests::projection_errors_keep_native_wording ... ok
2026-10-10T22:45:22.0644407Z test camera::tests::projection_matches_native_oracle ... ok
2026-10-10T22:45:22.0657789Z test camera::tests::rig_validation_matches_native_errors ... ok
2026-10-10T22:45:22.0661825Z test camera::tests::terrain_source_fills_nodata_and_samples_bilinearly ... ok
2026-10-10T22:45:22.1018950Z test camera::tests::clamped_rig_playback_never_violates_clearance_between_samples ... ok
2026-10-10T22:45:22.1022502Z test camera::tests::world_screen_round_trip_and_picking_ray ... ok
2026-10-10T22:45:22.1054410Z test camera::tests::transforms_match_native_oracle ... ok
2026-10-10T22:45:22.1058652Z test codecs::exr::tests::channel_naming_matches_native_exr_writer ... ok
2026-10-10T22:45:22.1062068Z test codecs::exr::tests::beauty_round_trip_is_exact_and_header_matches_native_parser ... ok
2026-10-10T22:45:22.1063834Z test codecs::exr::tests::encoder_rejects_invalid_channel_sets ... ok
2026-10-10T22:45:22.1124946Z test codecs::exr::tests::malformed_and_oversized_files_fail_with_typed_errors_before_allocation ... ok
2026-10-10T22:45:22.1129615Z test codecs::rgbe::tests::accepts_crlf_headers_and_rgbe_magic ... ok
2026-10-10T22:45:22.1134020Z test codecs::rgbe::tests::accepts_only_whitespace_trailing_bytes ... ok
2026-10-10T22:45:22.1137939Z test codecs::rgbe::tests::decodes_flat_pixels_below_rle_width_threshold ... ok
2026-10-10T22:45:22.1142651Z test codecs::rgbe::tests::decodes_old_flat_scanlines_at_rle_eligible_width ... ok
2026-10-10T22:45:22.1147024Z test codecs::rgbe::tests::decodes_rle_scanline_with_mixed_runs_and_literals ... ok
2026-10-10T22:45:22.1151192Z test codecs::rgbe::tests::enforces_dimension_and_pixel_limits ... ok
2026-10-10T22:45:22.1161753Z test codecs::rgbe::tests::hdr_values_are_not_clamped_to_one ... ok
2026-10-10T22:45:22.1162793Z test codecs::rgbe::tests::rejects_bad_magic_and_missing_format ... ok
2026-10-10T22:45:22.1166841Z test codecs::rgbe::tests::rejects_bad_resolution_lines ... ok
2026-10-10T22:45:22.1170467Z test codecs::rgbe::tests::rejects_empty_and_headerless_input ... ok
2026-10-10T22:45:22.1174911Z test codecs::rgbe::tests::rejects_rle_zero_counts_overflow_and_bad_markers ... ok
2026-10-10T22:45:22.1178885Z test codecs::rgbe::tests::rejects_truncated_flat_and_rle_data ... ok
2026-10-10T22:45:22.1182879Z test codecs::rgbe::tests::rejects_two_two_marker_with_wrong_declared_width ... ok
2026-10-10T22:45:22.1187036Z test codecs::rgbe::tests::reorients_all_axis_sign_combinations ... ok
2026-10-10T22:45:22.1191010Z test codecs::rgbe::tests::result_shape_matches_dimensions ... ok
2026-10-10T22:45:22.1195977Z test codecs::rgbe::tests::zero_exponent_produces_black_with_unit_alpha ... ok
2026-10-10T22:45:22.1200783Z test codecs::sha256::tests::ibl_source_hash_matches_lead_literal ... ok
2026-10-10T22:45:22.1277665Z test codecs::exr::tests::multichannel_aov_file_keeps_every_native_channel_and_exact_ids ... ok
2026-10-10T22:45:22.1281940Z test environment::tests::tests::bounded_volume ... ok
2026-10-10T22:45:22.1285692Z test environment::tests::tests::native_sun_contract ... ok
2026-10-10T22:45:22.1290557Z test gpu::runtime::tests::device_health_notifies_each_listener_once_on_first_loss ... ok
2026-10-10T22:45:22.1294635Z test gpu::runtime::tests::device_health_unsubscribe_detaches_listener ... ok
2026-10-10T22:45:22.1299135Z test gpu::runtime::tests::fatal_uncaptured_errors_mark_device_lost_and_notify_once ... ok
2026-10-10T22:45:22.1302942Z test gpu::runtime::tests::gpu_runtime_options_default_to_browser_compatible_limits ... ok
2026-10-10T22:45:22.1307282Z test gpu::runtime::tests::uncaptured_validation_error_is_retained_without_marking_device_lost ... ok
2026-10-10T22:45:22.1311475Z test gpu::surface::tests::surface_configuration_rejects_zero_size_before_touching_adapter ... ok
2026-10-10T22:45:22.1315184Z test gpu::surface::tests::surface_descriptor_defaults_to_fifo_presentation ... ok
2026-10-10T22:45:22.1319160Z test io::source::tests::byte_range_rejects_overflow ... ok
2026-10-10T22:45:22.1323128Z test io::source::tests::fake_source_reads_full_and_ranged_bytes ... ok
2026-10-10T22:45:22.1327198Z test io::source::tests::little_endian_f32_decoder_validates_length_and_expected_count ... ok
2026-10-10T22:45:22.1331638Z test labels::callout::tests::test_auto_pointer_direction ... ok
2026-10-10T22:45:22.1335250Z test labels::callout::tests::test_callout_style_default ... ok
2026-10-10T22:45:22.1338942Z test labels::callout::tests::test_generate_rounded_rect ... ok
2026-10-10T22:45:22.1342799Z test labels::collision::tests::test_clear ... ok
2026-10-10T22:45:22.1346558Z test labels::collision::tests::test_collision ... ok
2026-10-10T22:45:22.1350131Z test labels::collision::tests::test_no_collision ... ok
2026-10-10T22:45:22.1354109Z test labels::curved::tests::test_sample_at_distance ... ok
2026-10-10T22:45:22.1357837Z test labels::curved::tests::test_sampled_path_from_polyline ... ok
2026-10-10T22:45:22.1361587Z test labels::declutter::tests::test_boxes_overlap ... ok
2026-10-10T22:45:22.1365458Z test labels::declutter::tests::test_greedy_non_overlapping ... ok
2026-10-10T22:45:22.1369315Z test labels::declutter::tests::test_greedy_overlapping_priority ... ok
2026-10-10T22:45:22.1373762Z test labels::layer::tests::test_feature_from_points ... ok
2026-10-10T22:45:22.1377563Z test labels::layer::tests::test_generate_labels ... ok
2026-10-10T22:45:22.1381525Z test labels::layer::tests::test_label_layer_creation ... ok
2026-10-10T22:45:22.1385094Z test labels::leader::tests::test_create_leader ... ok
2026-10-10T22:45:22.1392116Z test labels::leader::tests::test_elbow_leader ... ok
2026-10-10T22:45:22.1395771Z test labels::leader::tests::test_generate_vertices ... ok
2026-10-10T22:45:22.1400861Z test labels::line_label::tests::test_glyph_rotation_flips_upside_down_reverse_line ... ok
2026-10-10T22:45:22.1405191Z test labels::line_label::tests::test_glyph_rotation_follows_diagonal_tangent ... ok
2026-10-10T22:45:22.1409061Z test labels::line_label::tests::test_path_length ... ok
2026-10-10T22:45:22.1412566Z test labels::line_label::tests::test_sample_path ... ok
2026-10-10T22:45:22.1416187Z test labels::projection::tests::test_behind_camera ... ok
2026-10-10T22:45:22.1419728Z test labels::projection::tests::test_identity_projection ... ok
2026-10-10T22:45:22.1423684Z test labels::rtree::tests::test_clear ... ok
2026-10-10T22:45:22.1427185Z test labels::rtree::tests::test_collision ... ok
2026-10-10T22:45:22.1431139Z test labels::rtree::tests::test_no_collision ... ok
2026-10-10T22:45:22.1434838Z test labels::rtree::tests::test_query ... ok
2026-10-10T22:45:22.1438543Z test labels::typography::tests::test_kerning_table ... ok
2026-10-10T22:45:22.1442151Z test labels::typography::tests::test_text_case_title ... ok
2026-10-10T22:45:22.1445668Z test labels::typography::tests::test_text_case_upper ... ok
2026-10-10T22:45:22.1449691Z test labels::typography::tests::test_typography_defaults ... ok
2026-10-10T22:45:22.1453996Z test lighting::tests::effective_range_and_bounds_follow_the_shared_contract ... ok
2026-10-10T22:45:22.1471120Z test lighting::tests::ltc_lut_is_deterministic_finite_and_monotonic ... ok
2026-10-10T22:45:22.1472151Z test camera::tests::rig_bakes_are_deterministic_and_never_violate_clearance ... ok
2026-10-10T22:45:22.1475634Z test lighting::tests::packed_layout_matches_gpu_contract ... ok
2026-10-10T22:45:22.1477261Z test lighting::tests::packing_sets_two_sided_flag_without_overloading_casts_shadow ... ok
2026-10-10T22:45:22.1482179Z test lighting::tests::packing_writes_normalized_lanes ... ok
2026-10-10T22:45:22.1483714Z test lighting::tests::runtime_defaults_contain_normalized_key_and_fill ... ok
2026-10-10T22:45:22.1488312Z test lighting::tests::spot_cone_and_rect_sidedness_gate_point_queries ... ok
2026-10-10T22:45:22.1490172Z test lighting::tests::uniform_carries_global_lighting_fields ... ok
2026-10-10T22:45:22.1492397Z test lighting::tests::validation_normalizes_directions_and_rect_bases ... ok
2026-10-10T22:45:22.1493976Z test lighting::tests::validation_rejects_malformed_lights_and_config ... ok
2026-10-10T22:45:22.1496987Z test materials::tests::brdf_model_discriminants_match_canonical_order ... ok
2026-10-10T22:45:22.1501071Z test materials::tests::cooktorrance_ggx_matches_reference_at_normal_incidence ... ok
2026-10-10T22:45:22.1505045Z test materials::tests::default_state_contains_only_the_default_slot ... ok
2026-10-10T22:45:22.1513085Z test materials::tests::every_model_returns_finite_nonnegative_at_incidence_and_grazing ... ok
2026-10-10T22:45:22.1517347Z test materials::tests::lambert_returns_base_over_pi ... ok
2026-10-10T22:45:22.1520857Z test materials::tests::packed_layout_matches_gpu_contract ... ok
2026-10-10T22:45:22.1524642Z test materials::tests::packing_writes_material_lanes ... ok
2026-10-10T22:45:22.1531238Z test materials::tests::route_table_covers_exact_alias_and_approximation ... ok
2026-10-10T22:45:22.1535232Z test materials::tests::state_packing_indexes_by_slot_index ... ok
2026-10-10T22:45:22.1539356Z test materials::tests::texture_flags_pack_and_validate ... ok
2026-10-10T22:45:22.1543813Z test materials::tests::validation_rejects_malformed_materials_and_states ... ok
2026-10-10T22:45:22.1551640Z test memory::tests::allocate_with_policy_records_admitted_bytes ... ok
2026-10-10T22:45:22.1555388Z test memory::tests::default_budget_is_512_mib ... ok
2026-10-10T22:45:22.1559320Z test memory::tests::downscale_steps_down_deterministically ... ok
2026-10-10T22:45:22.1562911Z test memory::tests::downscale_uses_ceil_arithmetic ... ok
2026-10-10T22:45:22.1569244Z test memory::tests::duplicate_key_is_idempotent_and_conflicts_error ... ok
2026-10-10T22:45:22.1570292Z test camera::tests::rigs_bake_native_keyframes_and_sample_paths ... ok
2026-10-10T22:45:22.1573653Z test memory::tests::low_quality_overflow_rejects ... ok
2026-10-10T22:45:22.1574473Z test memory::tests::peak_survives_release_and_clear ... ok
2026-10-10T22:45:22.1577541Z test memory::tests::reject_policy_fails_before_overflow ... ok
2026-10-10T22:45:22.1578501Z test memory::tests::release_updates_categories_and_unknown_release_is_false ... ok
2026-10-10T22:45:22.1581362Z test memory::tests::requested_quality_is_never_upgraded ... ok
2026-10-10T22:45:22.1582854Z test mesh_tbn::tests::degenerate_uvs_fall_back_to_finite_perpendicular ... ok
2026-10-10T22:45:22.1585600Z test mesh_tbn::tests::flat_quad_produces_unit_x_tangent ... ok
2026-10-10T22:45:22.1586384Z test mesh_tbn::tests::mirrored_uv_flips_handedness ... ok
2026-10-10T22:45:22.1589536Z test mesh_tbn::tests::shared_vertex_weights_tangents_by_geometric_area ... ok
2026-10-10T22:45:22.1590721Z test mesh_tbn::tests::tangents_are_orthonormal_to_normals ... ok
2026-10-10T22:45:22.1593213Z test mesh_tbn::tests::validation_rejects_malformed_inputs ... ok
2026-10-10T22:45:22.1594068Z test mesh_tbn::tests::validation_rejects_nonfinite_components ... ok
2026-10-10T22:45:22.1600535Z test offline::tests::atrous_denoiser_validates_inputs_and_uses_depth_guidance ... ok
2026-10-10T22:45:22.1605842Z test offline::tests::convergence_tracker_matches_native_history_semantics ... ok
2026-10-10T22:45:22.1609927Z test offline::tests::convergence_trend_rule_matches_native_window ... ok
2026-10-10T22:45:22.2163973Z test materials::tests::brdfs_integrate_to_bounded_energy ... ok
2026-10-10T22:45:22.2168397Z test offline::tests::halton_matches_native_radical_inverse ... ok
2026-10-10T22:45:22.2172914Z test offline::tests::image_metrics_report_identity_and_known_errors ... ok
2026-10-10T22:45:22.2176970Z test offline::tests::jitter_matches_native_perspective_formula_and_shifts_orthographic ... ok
2026-10-10T22:45:22.2181217Z test offline::tests::luminance_downsample_and_tile_means_follow_native_blocks ... ok
2026-10-10T22:45:22.2222100Z test offline::tests::noise_estimate_tracks_gaussian_like_noise_and_ignores_flat_images ... ok
2026-10-10T22:45:22.2226381Z test offline::tests::r2_sequence_reproduces_native_offsets ... ok
2026-10-10T22:45:22.2230084Z test offline::tests::tonemap_operators_match_native_curves ... ok
2026-10-10T22:45:22.2233764Z test postfx::tests::bloom_and_lens_match_native_formulas ... ok
2026-10-10T22:45:22.2237364Z test postfx::tests::hzb_includes_odd_edges_and_reaches_one_pixel ... ok
2026-10-10T22:45:22.2243640Z test postfx::tests::ordered_passes_expose_quality_blurs_and_atrous_iterations ... ok
2026-10-10T22:45:22.2247424Z test postfx::tests::temporal_disocclusion_rejects_identity_and_depth_changes ... ok
2026-10-10T22:45:22.2251266Z test postfx::tests::trilinear_lut_preserves_linear_rgb ... ok
2026-10-10T22:45:22.2257519Z test postfx::tests::wasm_boundary_rejects_order_quality_and_reserved_parameter_drift ... ok
2026-10-10T22:45:22.2261377Z test readback::tests::aligns_rows_to_webgpu_copy_alignment ... ok
2026-10-10T22:45:22.2265343Z test readback::tests::f16_decoding_is_exact_across_classes ... ok
2026-10-10T22:45:22.2306127Z test readback::tests::f16_encoding_round_trips_every_half_and_rounds_to_nearest_even ... ok
2026-10-10T22:45:22.2310235Z test readback::tests::float_and_uint_rows_decode_after_unpadding ... ok
2026-10-10T22:45:22.2313866Z test readback::tests::rgba8_layout_uses_padded_rows_and_tight_row_size ... ok
2026-10-10T22:45:22.2317538Z test readback::tests::typed_formats_report_texel_sizes_and_padded_layouts ... ok
2026-10-10T22:45:22.2321204Z test readback::tests::unpad_rows_returns_tightly_packed_rgba ... ok
2026-10-10T22:45:22.2326480Z test render_graph::alias_tests::byte_totals_overflow_is_an_error ... ok
2026-10-10T22:45:22.2331430Z test render_graph::alias_tests::disjoint_compatible_transients_alias_to_one_physical ... ok
2026-10-10T22:45:22.2336127Z test render_graph::alias_tests::incompatible_kinds_and_non_transients_do_not_alias ... ok
2026-10-10T22:45:22.2341963Z test render_graph::alias_tests::logical_and_physical_bytes_account_aliases_once ... ok
2026-10-10T22:45:22.2346291Z test render_graph::alias_tests::overlapping_lifetimes_do_not_alias ... ok
2026-10-10T22:45:22.2350015Z test render_graph::alias_tests::texture_byte_size_uses_checked_arithmetic ... ok
2026-10-10T22:45:22.2354020Z test render_graph::tests::add_dependency_seam_can_create_rejected_cycles ... ok
2026-10-10T22:45:22.2357737Z test render_graph::tests::add_pass_rejects_invalid_handles ... ok
2026-10-10T22:45:22.2361866Z test render_graph::tests::add_pass_rejects_read_write_conflicts ... ok
2026-10-10T22:45:22.2366136Z test render_graph::tests::explicit_dependencies_order_independent_passes ... ok
2026-10-10T22:45:22.2370645Z test render_graph::tests::hazard_edges_compile_terrain_ground_text_overlay_order ... ok
2026-10-10T22:45:22.2374544Z test render_graph::tests::topological_order_rejects_cycles ... ok
2026-10-10T22:45:22.2378595Z test resources::tests::bundle_cache_insert_replace_remove ... ok
2026-10-10T22:45:22.2382728Z test resources::tests::chunked_buffer_fills_chunks_and_applies_backpressure ... ok
2026-10-10T22:45:22.2386389Z test resources::tests::chunked_buffer_validates_arguments ... ok
2026-10-10T22:45:22.2390116Z test resources::tests::compressed_texture_size_rounds_up_odd_dimensions ... ok
2026-10-10T22:45:22.2393746Z test resources::tests::double_buffer_swaps_front_and_back ... ok
2026-10-10T22:45:22.2397208Z test resources::tests::mip_level_count_uses_max_dimension ... ok
2026-10-10T22:45:22.2401017Z test resources::tests::staging_ring_respects_alignment ... ok
2026-10-10T22:45:22.2404647Z test resources::tests::staging_ring_validates_arguments ... ok
2026-10-10T22:45:22.2408360Z test resources::tests::staging_ring_wraps_and_stalls_until_fence_completes ... ok
2026-10-10T22:45:22.2412439Z test resources::tests::texture_byte_size_rejects_mip_levels_beyond_chain ... ok
2026-10-10T22:45:22.2416016Z test resources::tests::texture_byte_size_sums_all_mips ... ok
2026-10-10T22:45:22.2419563Z test resources::tests::texture_format_info_covers_block_formats ... ok
2026-10-10T22:45:22.2423502Z test resources::tests::transcode_fallback_prefers_bc7_then_etc2_then_rgba8 ... ok
2026-10-10T22:45:22.2427719Z test scene::tests::invisible_parent_suppresses_descendants ... ok
2026-10-10T22:45:22.2431681Z test scene::tests::remove_deletes_subtree_child_before_parent ... ok
2026-10-10T22:45:22.2435562Z test scene::tests::reparent_updates_roots_and_children_without_duplicates ... ok
2026-10-10T22:45:22.2439473Z test scene::tests::set_parent_rejects_missing_self_and_ancestor_cycles ... ok
2026-10-10T22:45:22.2443884Z test scene::tests::visible_traversal_orders_parents_before_children_across_kinds ... ok
2026-10-10T22:45:22.2447881Z test scene::tests::world_transform_composes_parent_and_local ... ok
2026-10-10T22:45:22.2452092Z test shadowing::tests::cascades_produce_finite_distinct_matrices ... ok
2026-10-10T22:45:22.2455826Z test shadowing::tests::cascades_reject_invalid_inputs ... ok
2026-10-10T22:45:22.2459820Z test shadowing::tests::config_validation_rejects_bad_values ... ok
2026-10-10T22:45:22.2463683Z test shadowing::tests::csm_defaults_and_validation ... ok
2026-10-10T22:45:22.2467099Z test shadowing::tests::debug_view_names_are_exact ... ok
2026-10-10T22:45:22.2470550Z test shadowing::tests::default_config_is_disabled_pcf ... ok
2026-10-10T22:45:22.2474040Z test shadowing::tests::disabled_splits_cover_near_to_min_far ... ok
2026-10-10T22:45:22.2478129Z test shadowing::tests::effective_map_size_drives_cascade_texel_grid ... ok
2026-10-10T22:45:22.2482199Z test shadowing::tests::enabled_splits_match_practical_split_scheme_literal ... ok
2026-10-10T22:45:22.2486130Z test shadowing::tests::estimated_gpu_bytes_follows_contract ... ok
2026-10-10T22:45:22.2489992Z test shadowing::tests::estimated_gpu_bytes_rejects_out_of_range_cascade_counts ... ok
2026-10-10T22:45:22.2493760Z test shadowing::tests::filter_names_parse_case_insensitively ... ok
2026-10-10T22:45:22.2498428Z test shadowing::tests::moment_filters_are_vsm_evsm_msm ... ok
2026-10-10T22:45:22.2508098Z test shadowing::tests::msm_reference_solve_is_finite_and_differs_from_vsm ... ok
2026-10-10T22:45:22.2511933Z test shadowing::tests::packed_uniform_places_fields ... ok
2026-10-10T22:45:22.2515569Z test shadowing::tests::peter_panning_safe_requires_bias_and_offset ... ok
2026-10-10T22:45:22.2519509Z test shadowing::tests::split_distances_reject_shadow_far_at_or_below_near ... ok
2026-10-10T22:45:22.2523215Z test shadowing::tests::split_distances_validate_planes ... ok
2026-10-10T22:45:22.2526703Z test shadowing::tests::stabilize_bounds_matches_lead_literal ... ok
2026-10-10T22:45:22.2530810Z test shadowing::tests::sub_texel_camera_translation_stabilizes_identically ... ok
2026-10-10T22:45:22.2534277Z test shadowing::tests::uniform_layout_is_exact ... ok
2026-10-10T22:45:22.2538094Z test shadowing::tests::unstabilized_cascades_track_camera_translation ... ok
2026-10-10T22:45:22.2542399Z test terrain::tests::bounds_validate_and_resolve ... ok
2026-10-10T22:45:22.2546442Z test terrain::tests::clipmap_options_resolve_and_validate ... ok
2026-10-10T22:45:22.2550259Z test terrain::tests::clipmap_requires_perspective_render_mode ... ok
2026-10-10T22:45:22.2553878Z test terrain::tests::explicit_grid_geometry_matches_default ... ok
2026-10-10T22:45:22.2557413Z test terrain::tests::geometry_defaults_to_grid ... ok
2026-10-10T22:45:22.2569148Z test terrain::tests::streaming_atlas_larger_than_the_device_dimension_is_resource_limit_exceeded ... ok
2026-10-10T22:45:22.2580555Z test terrain::tests::streaming_rejects_explicit_grid_geometry ... ok
2026-10-10T22:45:22.2591255Z test terrain::tests::streaming_rejects_zero_max_in_flight ... ok
2026-10-10T22:45:22.2596730Z test terrain::tests::streaming_requires_coarsest_level_heights ... ok
2026-10-10T22:45:22.2600599Z test terrain::tests::streaming_requires_minimum_pyramid_dims ... ok
2026-10-10T22:45:22.2604426Z test terrain::tests::streaming_requires_tile_size_at_least_16 ... ok
2026-10-10T22:45:22.2608117Z test terrain::tests::streaming_requires_width_and_height ... ok
2026-10-10T22:45:22.2619112Z test terrain::tests::streaming_resident_budget_must_fit_coarsest_plus_slot ... ok
2026-10-10T22:45:22.2630481Z test terrain::tests::streaming_resolves_pyramid_and_implies_clipmap ... ok
2026-10-10T22:45:22.2634312Z test terrain::tests::terrain_analysis_config_validation ... ok
2026-10-10T22:45:22.2638069Z test terrain::tests::terrain_analysis_disabled_modes_return_full_visibility ... ok
2026-10-10T22:45:22.2642243Z test terrain::tests::terrain_analysis_methods_reject_invalid_configs ... ok
2026-10-10T22:45:22.2646286Z test terrain::tests::terrain_contours_follow_linear_ramp ... ok
2026-10-10T22:45:22.2649916Z test terrain::tests::terrain_contours_reject_invalid_levels ... ok
2026-10-10T22:45:22.2654143Z test terrain::tests::terrain_contours_uses_asymptotic_determinant ... ok
2026-10-10T22:45:22.2655113Z test codecs::sha256::tests::sha256_matches_standard_vectors ... ok
2026-10-10T22:45:22.2661567Z test terrain::tests::terrain_heightmap_computes_min_max ... ok
2026-10-10T22:45:22.2667544Z test terrain::tests::terrain_flat_ao_and_sun_are_fully_visible ... ok
2026-10-10T22:45:22.2669024Z test terrain::tests::terrain_heightmap_defaults_to_legacy_normalized_extent ... ok
2026-10-10T22:45:22.2671482Z test terrain::tests::terrain_heightmap_excludes_nodata_and_nan_from_min_max ... ok
2026-10-10T22:45:22.2672554Z test terrain::tests::terrain_heightmap_rejects_infinite_nodata ... ok
2026-10-10T22:45:22.2673587Z test terrain::tests::terrain_heightmap_rejects_invalid_metadata ... ok
2026-10-10T22:45:22.2675400Z test terrain::tests::terrain_heightmap_rejects_length_mismatch ... ok
2026-10-10T22:45:22.2677134Z test terrain::tests::terrain_heightmap_rejects_no_valid_samples ... ok
2026-10-10T22:45:22.2679403Z test terrain::tests::terrain_heightmap_rejects_non_finite_samples ... ok
2026-10-10T22:45:22.2680436Z test terrain::tests::terrain_mesh_descriptor_builds_normalized_grid ... ok
2026-10-10T22:45:22.2683215Z test terrain::tests::terrain_mesh_descriptor_rejects_single_cell ... ok
2026-10-10T22:45:22.2684982Z test terrain::tests::terrain_mesh_descriptor_uses_physical_spacing ... ok
2026-10-10T22:45:22.2686613Z test terrain::tests::terrain_query_reproduces_plane ... ok
2026-10-10T22:45:22.2687484Z test terrain::tests::terrain_slope_aspect_handles_nodata_center ... ok
2026-10-10T22:45:22.2690570Z test terrain::tests::terrain_slope_aspect_handles_single_axis_dimensions ... ok
2026-10-10T22:45:22.2691619Z test terrain::tests::terrain_slope_aspect_matches_analytic_plane ... ok
2026-10-10T22:45:22.2697580Z test terrain::tests::terrain_valley_is_occluded_by_ao_and_sun ... ok
2026-10-10T22:45:22.2701698Z test terrain_clipmap::tests::test_center_snapping ... ok
2026-10-10T22:45:22.2705364Z test terrain_clipmap::tests::test_clipmap_config_valid ... ok
2026-10-10T22:45:22.2711078Z test terrain_clipmap::tests::test_clipmap_config_validation ... ok
2026-10-10T22:45:22.6489716Z test offline::tests::atrous_denoiser_meets_offline_denoise_acceptance ... ok
2026-10-10T22:45:22.6698327Z test offline::tests::edge_stopping_preserves_converged_detail_and_zero_matches_native_weights ... ok
2026-10-10T22:45:22.9153246Z test terrain_clipmap::tests::test_dominant_winding ... ok
2026-10-10T22:45:22.9396487Z test terrain_clipmap::tests::test_frustum_planes_from_view_proj ... ok
2026-10-10T22:45:25.3832656Z test terrain_clipmap::tests::test_generate_terrain_mesh_different_centers ... ok
2026-10-10T22:45:27.1472035Z test terrain_clipmap::tests::test_generate_terrain_mesh_different_extents ... ok
2026-10-10T22:45:27.7261492Z test terrain_clipmap::tests::test_generate_terrain_mesh_valid ... ok
2026-10-10T22:45:28.0599512Z test terrain_clipmap::tests::test_height_discontinuity_tolerance_and_negative_control ... ok
2026-10-10T22:45:28.9001041Z test terrain_clipmap::tests::test_fixture_config ... ok
2026-10-10T22:45:30.1384514Z test terrain_clipmap::tests::test_known_reductions ... ok
2026-10-10T22:45:30.1695784Z test terrain_clipmap::tests::test_lod_selection_monotonic_with_distance ... ok
2026-10-10T22:45:30.1700733Z test terrain_clipmap::tests::test_lod_selection_near_and_far ... ok
2026-10-10T22:45:30.7576495Z test terrain_clipmap::tests::test_mesh_topology ... ok
2026-10-10T22:45:30.7581037Z test terrain_clipmap::tests::test_morph_weight_native_formula ... ok
2026-10-10T22:45:30.9963976Z test terrain_clipmap::tests::test_known_triangle_counts ... ok
2026-10-10T22:45:30.9968245Z test terrain_clipmap::tests::test_pack_tile_id ... ok
2026-10-10T22:45:30.9972188Z test terrain_clipmap::tests::test_ring_cell_mapping ... ok
2026-10-10T22:45:31.5830902Z test terrain_clipmap::tests::test_ring_vs_center_size ... ok
2026-10-10T22:45:32.4055311Z test terrain_clipmap::tests::test_estimate_triangle_count_matches_generation ... ok
2026-10-10T22:45:32.5072842Z test terrain_clipmap::tests::test_morph_weights ... ok
2026-10-10T22:45:32.9356468Z test terrain_clipmap::tests::test_seam_free_odd_and_negative_camera_snapping ... ok
2026-10-10T22:45:33.1058481Z test terrain_clipmap::tests::test_triangle_count_vs_fullres ... ok
2026-10-10T22:45:33.5128593Z test terrain_clipmap::tests::test_triangle_reduction ... ok
2026-10-10T22:45:33.7066020Z test terrain_clipmap::tests::test_triangle_reduction_across_ring_counts ... ok
2026-10-10T22:45:34.0882555Z test terrain_clipmap::tests::test_uv_bounds ... ok
2026-10-10T22:45:34.2665130Z test terrain_clipmap::tests::test_vertex_position_evaluation ... ok
2026-10-10T22:45:34.2670918Z test terrain_material::tests::aux_array_packs_detail_normals_and_masks_with_neutral_defaults ... ok
2026-10-10T22:45:34.2675814Z test terrain_material::tests::defaults_match_native_settings_and_zero_feature_baseline ... ok
2026-10-10T22:45:34.2680819Z test terrain_material::tests::flat_material_set_uses_one_texel_per_layer_with_native_rounding ... ok
2026-10-10T22:45:34.2685638Z test terrain_material::tests::height_curve_lut_packs_row_major ... ok
2026-10-10T22:45:34.2690450Z test terrain_material::tests::invalid_layer_textures_fall_back_to_base_color_with_a_diagnostic ... ok
2026-10-10T22:45:34.6855651Z test terrain_clipmap::tests::test_xz_covers_extent ... ok
2026-10-10T22:45:34.6860478Z test terrain_material::tests::packing_follows_native_upload_rules ... ok
2026-10-10T22:45:34.6864528Z test terrain_material::tests::specular_aa_tiers_set_variance_thresholds ... ok
2026-10-10T22:45:34.6868571Z test terrain_material::tests::terrain_default_layers_match_native_material_set ... ok
2026-10-10T22:45:34.6875112Z test terrain_material::tests::textured_layers_resample_to_the_first_texture_and_build_mips ... ok
2026-10-10T22:45:34.6879087Z test terrain_material::tests::uniform_layout_matches_wgsl_struct ... ok
2026-10-10T22:45:34.6885464Z test terrain_material::tests::validation_keeps_native_messages ... ok
2026-10-10T22:45:34.6891105Z test terrain_overlay::tests::test_at_most_8_visible_layers ... ok
2026-10-10T22:45:34.6895093Z test terrain_overlay::tests::test_bilinear_edge_clamp_and_opacity ... ok
2026-10-10T22:45:34.6898939Z test terrain_overlay::tests::test_bilinear_sampling_round_trips_texel_centers ... ok
2026-10-10T22:45:34.6904318Z test terrain_overlay::tests::test_blend_linear_modes ... ok
2026-10-10T22:45:34.6908323Z test terrain_overlay::tests::test_blend_mode_parse_valid ... ok
2026-10-10T22:45:34.6911848Z test terrain_overlay::tests::test_blend_mode_values ... ok
2026-10-10T22:45:34.6915576Z test terrain_overlay::tests::test_crs_transform ... ok
2026-10-10T22:45:34.6919070Z test terrain_overlay::tests::test_empty_name_rejected ... ok
2026-10-10T22:45:34.6922501Z test terrain_overlay::tests::test_extent_validation ... ok
2026-10-10T22:45:34.6926211Z test terrain_overlay::tests::test_georeference_uv_crs ... ok
2026-10-10T22:45:34.6931315Z test terrain_overlay::tests::test_global_opacity_validation ... ok
2026-10-10T22:45:34.6935106Z test terrain_overlay::tests::test_has_visible_layers ... ok
2026-10-10T22:45:34.6938706Z test terrain_overlay::tests::test_image_validation ... ok
2026-10-10T22:45:34.6942348Z test terrain_overlay::tests::test_invalid_blend_mode_rejected ... ok
2026-10-10T22:45:34.6945832Z test terrain_overlay::tests::test_layer_count ... ok
2026-10-10T22:45:34.6949327Z test terrain_overlay::tests::test_layer_custom_values ... ok
2026-10-10T22:45:34.6952803Z test terrain_overlay::tests::test_layer_default_values ... ok
2026-10-10T22:45:34.6956935Z test terrain_overlay::tests::test_mercator_roundtrip ... ok
2026-10-10T22:45:34.6960374Z test terrain_overlay::tests::test_negative_z_order ... ok
2026-10-10T22:45:34.6963866Z test terrain_overlay::tests::test_normalize_crs ... ok
2026-10-10T22:45:34.6967414Z test terrain_overlay::tests::test_opacity_range_validation ... ok
2026-10-10T22:45:34.7088507Z test terrain_overlay::tests::test_plan_budget_downscale_and_limit ... ok
2026-10-10T22:45:34.7094196Z test terrain_overlay::tests::test_plan_crs_layer_identical_crs ... ok
2026-10-10T22:45:34.7098706Z test terrain_overlay::tests::test_plan_crs_layer_reprojected ... ok
2026-10-10T22:45:34.7102590Z test terrain_overlay::tests::test_plan_crs_mismatch_error ... ok
2026-10-10T22:45:34.7193899Z test terrain_overlay::tests::test_plan_determinism ... ok
2026-10-10T22:45:34.7197775Z test terrain_overlay::tests::test_plan_disabled_and_no_visible ... ok
2026-10-10T22:45:34.7201617Z test terrain_overlay::tests::test_plan_resample_exact_full_extent ... ok
2026-10-10T22:45:34.7205399Z test terrain_overlay::tests::test_plan_resamples_uv_extent ... ok
2026-10-10T22:45:34.9127694Z test terrain_overlay::tests::test_plan_target_dims_and_scale ... ok
2026-10-10T22:45:34.9131787Z test terrain_overlay::tests::test_resolution_scale_validation ... ok
2026-10-10T22:45:34.9135950Z test terrain_overlay::tests::test_settings_default_values ... ok
2026-10-10T22:45:34.9139627Z test terrain_overlay::tests::test_srgb_to_linear ... ok
2026-10-10T22:45:34.9143724Z test terrain_overlay::tests::test_visible_layers_filters_invisible ... ok
2026-10-10T22:45:34.9147481Z test terrain_overlay::tests::test_z_order_sorting ... ok
2026-10-10T22:45:34.9151448Z test terrain_overlay::tests::test_z_order_stable_by_input_index ... ok
2026-10-10T22:45:34.9188407Z test terrain_probes::heightfield_baker::tests::test_flat_terrain_unoccluded ... ok
2026-10-10T22:45:34.9209142Z test terrain_probes::heightfield_baker::tests::test_nodata_heightfield_no_nan ... ok
2026-10-10T22:45:34.9660071Z test terrain_probes::heightfield_baker::tests::test_probe_bake_deterministic ... ok
2026-10-10T22:45:34.9869889Z test terrain_probes::reflection_baker::tests::test_reflection_probe_bake_deterministic ... ok
2026-10-10T22:45:34.9954474Z test terrain_probes::reflection_baker::tests::test_reflection_probe_generates_mips ... ok
2026-10-10T22:45:34.9958708Z test terrain_probes::types::tests::test_probe_placement_invariant ... ok
2026-10-10T22:45:35.2224975Z test terrain_material::tests::material_textures_downscale_to_the_budget_and_report_it ... ok
2026-10-10T22:45:35.2234384Z test terrain_scatter::tests::hlod_static_sphere_and_animated_population_bounds_are_independent ... ok
2026-10-10T22:45:35.2240740Z test terrain_scatter::tests::mesh_attributes_and_material_slots_are_bounded_at_wasm_boundary ... ok
2026-10-10T22:45:35.2246731Z test terrain_scatter::tests::native_lod_threshold_and_cull_boundary ... ok
2026-10-10T22:45:35.2253922Z test terrain_scatter::tests::raw_wasm_payload_rejects_bounds_and_wind_tampering ... ok
2026-10-10T22:45:35.2260087Z test terrain_scatter::tests::tiny_population_slack_scales_with_actual_diagonal ... ok
2026-10-10T22:45:35.2264051Z test terrain_stream::tests::test_data_lod_for_ring ... ok
2026-10-10T22:45:35.2268229Z test terrain_stream::tests::test_mosaic_backpressure ... ok
2026-10-10T22:45:35.2272189Z test terrain_stream::tests::test_mosaic_bytes_and_slot_origin ... ok
2026-10-10T22:45:35.2276626Z test terrain_stream::tests::test_mosaic_capacity_check ... ok
2026-10-10T22:45:35.2280915Z test terrain_stream::tests::test_mosaic_dirty_lods_scope ... ok
2026-10-10T22:45:35.2285068Z test terrain_stream::tests::test_mosaic_insert_lookup_evict ... ok
2026-10-10T22:45:35.2289663Z test terrain_stream::tests::test_mosaic_page_table_and_dirty_lods ... ok
2026-10-10T22:45:35.2294539Z test terrain_stream::tests::test_mosaic_pin_coarsest_required ... ok
2026-10-10T22:45:35.2299030Z test terrain_stream::tests::test_mosaic_pinned_never_evicted ... ok
2026-10-10T22:45:35.2302967Z test terrain_stream::tests::test_mosaic_resident_bytes ... ok
2026-10-10T22:45:35.2307052Z test terrain_stream::tests::test_mosaic_resolve_fallback_chain ... ok
2026-10-10T22:45:35.2312136Z test terrain_stream::tests::test_plan_clipmap_requests_cover_footprint ... ok
2026-10-10T22:45:35.2319833Z test terrain_stream::tests::test_plan_clipmap_requests_deterministic ... ok
2026-10-10T22:45:35.2323798Z test terrain_stream::tests::test_pyramid_contains_and_parent_of ... ok
2026-10-10T22:45:35.2327721Z test terrain_stream::tests::test_pyramid_fixture_dims ... ok
2026-10-10T22:45:35.2331580Z test terrain_stream::tests::test_pyramid_tile_rect_clipped_at_edge ... ok
2026-10-10T22:45:35.2335611Z test terrain_stream::tests::test_pyramid_total_and_finest_sample ... ok
2026-10-10T22:45:35.2339145Z test terrain_stream::tests::test_pyramid_validation ... ok
2026-10-10T22:45:35.2342970Z test terrain_stream::tests::test_queue_backpressure ... ok
2026-10-10T22:45:35.2346825Z test terrain_stream::tests::test_queue_cancel_and_reacquire ... ok
2026-10-10T22:45:35.2350712Z test terrain_stream::tests::test_queue_counters ... ok
2026-10-10T22:45:35.2354626Z test terrain_stream::tests::test_queue_prefer_coarse ... ok
2026-10-10T22:45:35.2358941Z test terrain_stream::tests::test_queue_prefer_coarse_cancels_descendants ... ok
2026-10-10T22:45:35.2363272Z test terrain_stream::tests::test_queue_prefer_fine ... ok
2026-10-10T22:45:35.2366820Z test terrain_stream::tests::test_tile_id_descendant ... ok
2026-10-10T22:45:35.2370976Z test terrain_stream::tests::test_tile_id_hierarchy ... ok
2026-10-10T22:45:35.2374549Z test terrain_stream::tests::test_tile_id_pack ... ok
2026-10-10T22:45:35.2604247Z test terrain_vt::tests::test_apply_feedback_bounds_filtering ... ok
2026-10-10T22:45:35.2648345Z test terrain_probes::types::tests::test_probe_placement_invariant_fails_on_mismatch - should panic ... ok
2026-10-10T22:45:35.2657127Z test terrain_vt::tests::test_build_tile_data_border_clamping ... ok
2026-10-10T22:45:35.2884221Z test terrain_vt::tests::test_collect_requests_deterministic_and_ancestors ... ok
2026-10-10T22:45:35.3138856Z test terrain_vt::tests::test_ensure_resident_hit_miss_evict ... ok
2026-10-10T22:45:35.3362236Z test terrain_vt::tests::test_fallback_colors ... ok
2026-10-10T22:45:35.3366348Z test terrain_vt::tests::test_mip_chain_values ... ok
2026-10-10T22:45:35.3370536Z test terrain_vt::tests::test_native_terrain_vt_runtime_is_currently_albedo_only ... ok
2026-10-10T22:45:35.3607886Z test terrain_vt::tests::test_page_table_texels_and_dirty_layers ... ok
2026-10-10T22:45:35.3646946Z test terrain_vt::tests::test_budget_never_exceeded_under_camera_sweep ... ok
2026-10-10T22:45:35.3650936Z test terrain_vt::tests::test_registry_albedo_size_mismatch ... ok
2026-10-10T22:45:35.3654815Z test terrain_vt::tests::test_registry_clear_and_generation ... ok
2026-10-10T22:45:35.3658667Z test terrain_vt::tests::test_registry_non_albedo_nonempty ... ok
2026-10-10T22:45:35.3662654Z test terrain_vt::tests::test_registry_virtual_size_mismatch_reregister ... ok
2026-10-10T22:45:35.3666646Z test terrain_vt::tests::test_registry_virtual_size_validation ... ok
2026-10-10T22:45:35.3839992Z test terrain_vt::tests::test_record_upload_ms_running_average ... ok
2026-10-10T22:45:35.3886644Z test terrain_vt::tests::test_runtime_geometry_and_budget ... ok
2026-10-10T22:45:35.4066516Z test terrain_vt::tests::test_runtime_resident_megabytes ... ok
2026-10-10T22:45:35.4106494Z test terrain_vt::tests::test_runtime_source_size_must_match_layer ... ok
2026-10-10T22:45:35.4107800Z test terrain_vt::tests::test_runtime_skips_non_albedo_and_out_of_range_sources ... ok
2026-10-10T22:45:35.4110528Z test terrain_vt::tests::test_support_report_albedo_only ... ok
2026-10-10T22:45:35.4111428Z test terrain_vt::tests::test_support_report_custom_layer_id ... ok
2026-10-10T22:45:35.4115539Z test terrain_vt::tests::test_support_report_non_albedo_deterministic ... ok
2026-10-10T22:45:35.4353134Z test terrain_vt::tests::test_target_mip_level ... ok
2026-10-10T22:45:35.4358256Z test terrain_vt::tests::test_vt_atlas_larger_than_the_device_dimension_is_resource_limit_exceeded ... ok
2026-10-10T22:45:35.4371976Z test terrain_vt::tests::test_vt_full_pyramid_levels ... ok
2026-10-10T22:45:35.4377146Z test terrain_vt::tests::test_vt_layer_family_accepts_forward_compatible_families ... ok
2026-10-10T22:45:35.4378608Z test terrain_vt::tests::test_visible_uv_rect_mesh_vs_screen ... ok
2026-10-10T22:45:35.4386372Z test terrain_vt::tests::test_vt_layer_family_defaults ... ok
2026-10-10T22:45:35.4387637Z test terrain_vt::tests::test_vt_layer_family_rejects_unknown ... ok
2026-10-10T22:45:35.4390046Z test terrain_vt::tests::test_vt_layer_family_validation ... ok
2026-10-10T22:45:35.4391325Z test terrain_vt::tests::test_vt_layer_pages_at_mip_non_power_of_two ... ok
2026-10-10T22:45:35.4397386Z test terrain_vt::tests::test_vt_settings_actual_mip_count ... ok
2026-10-10T22:45:35.4399192Z test terrain_vt::tests::test_vt_settings_defaults ... ok
2026-10-10T22:45:35.4404907Z test terrain_vt::tests::test_vt_settings_reject_duplicate_families ... ok
2026-10-10T22:45:35.4405931Z test terrain_vt::tests::test_vt_settings_reject_indivisible_atlas ... ok
2026-10-10T22:45:35.4410294Z test terrain_vt::tests::test_vt_settings_validation_ranges ... ok
2026-10-10T22:45:35.4412915Z test terrain_vt::tests::test_vtstats_default_disabled ... ok
2026-10-10T22:45:35.4432608Z test tests::default_core_root_does_not_expose_staged_native_or_offline_modules ... ok
2026-10-10T22:45:35.4438756Z test tests::phase10_core_readback_contract_is_exposed ... ok
2026-10-10T22:45:35.4443563Z test tests::phase4_feature_gate_manifest_tracks_core_optional_surfaces ... ok
2026-10-10T22:45:35.4454077Z test tests::phase5_browser_gpu_sources_do_not_use_blocking_or_global_context ... ok
2026-10-10T22:45:35.4647085Z test tests::phase5_core_production_sources_have_no_blocking_or_global_gpu_callsite_tokens ... ok
2026-10-10T22:45:35.4843878Z test tests::phase5_core_source_tree_has_no_legacy_global_gpu_singleton ... ok
2026-10-10T22:45:35.4849050Z test tests::core_source_tree_has_no_python_boundary_tokens ... ok
2026-10-10T22:45:35.4850108Z test tests::phase5_gpu_runtime_api_is_public_without_legacy_singleton ... ok
2026-10-10T22:45:35.4854199Z test tests::phase8_core_terrain_heightmap_contract_is_exposed ... ok
2026-10-10T22:45:35.4855118Z test tests::phase9_core_camera_contract_is_exposed ... ok
2026-10-10T22:45:35.4858806Z test timing::tests::finish_frame_increments_index_and_drains_passes ... ok
2026-10-10T22:45:35.4859919Z test tests::removed_python_binding_roots_do_not_exist_in_browser_only_workspace ... ok
2026-10-10T22:45:35.4862714Z test timing::tests::non_finite_or_negative_times_are_rejected ... ok
2026-10-10T22:45:35.4863706Z test timing::tests::record_gpu_falls_back_to_cpu_when_unsupported ... ok
2026-10-10T22:45:35.4866819Z test timing::tests::source_reflects_timestamp_query_support ... ok
2026-10-10T22:45:35.4867828Z test vector::tests::conservative_culling_keeps_intersecting_triangles ... ok
2026-10-10T22:45:35.4870967Z test vector::tests::extrusion_and_billboard_have_pixel_units ... ok
2026-10-10T22:45:35.4872639Z test vector::tests::fused_matrix_control_crosses_the_directed_depth_storage_boundary ... ok
2026-10-10T22:45:35.4874869Z test vector::tests::gpu_storage_layouts ... ok
2026-10-10T22:45:35.4875621Z test vector::tests::native_weight_is_alpha_scaled ... ok
2026-10-10T22:45:35.4878860Z test vector::tests::near_coplanar_drapes_never_round_behind_the_surface ... ok
2026-10-10T22:45:35.4879970Z test vector::tests::projection_preserves_large_coordinate_cancellation ... ok
2026-10-10T22:45:40.0471255Z test terrain_clipmap::tests::test_area_coverage_exact_across_configs_and_cameras ... ok
2026-10-10T22:45:52.2560729Z test terrain_clipmap::tests::test_seam_free_across_configs_and_cameras ... ok
2026-10-10T22:45:52.2561092Z 
2026-10-10T22:45:52.2561447Z test result: ok. 414 passed; 0 failed; 0 ignored; 0 measured; 0 filtered out; finished in 30.27s
2026-10-10T22:45:52.2561810Z 
2026-10-10T22:45:52.2654132Z [1m[92m   Doc-tests[0m forge3d_core
2026-10-10T22:45:52.7769749Z 
2026-10-10T22:45:52.7770286Z running 1 test
2026-10-10T22:45:52.7776120Z test crates\forge3d-core\src\labels\layer.rs - labels::layer::label_layer_from_mapbox_style (line 440) ... ignored
2026-10-10T22:45:52.7776669Z 
2026-10-10T22:45:52.7777008Z test result: ok. 0 passed; 0 failed; 1 ignored; 0 measured; 0 filtered out; finished in 0.00s
2026-10-10T22:45:52.7777359Z 
2026-10-10T22:45:52.9071927Z ##[group]Run cargo test -p forge3d-web
2026-10-10T22:45:52.9072304Z [36;1mcargo test -p forge3d-web[0m
2026-10-10T22:45:52.9141431Z shell: C:\Program Files\PowerShell\7\pwsh.EXE -command ". '{0}'"
2026-10-10T22:45:52.9141772Z env:
2026-10-10T22:45:52.9141948Z   CARGO_TERM_COLOR: always
2026-10-10T22:45:52.9142160Z   RUST_BACKTRACE: 1
2026-10-10T22:45:52.9142366Z   CARGO_HOME: C:\Users\runneradmin\.cargo
2026-10-10T22:45:52.9142621Z   CARGO_INCREMENTAL: 0
2026-10-10T22:45:52.9142809Z ##[endgroup]
2026-10-10T22:45:53.2841965Z [1m[92m Downloading[0m crates ...
2026-10-10T22:45:53.3408213Z [1m[92m  Downloaded[0m wasm-bindgen-test-macro v0.3.72
2026-10-10T22:45:53.3488113Z [1m[92m  Downloaded[0m cast v0.3.0
2026-10-10T22:45:53.3588779Z [1m[92m  Downloaded[0m nu-ansi-term v0.50.3
2026-10-10T22:45:53.3817804Z [1m[92m  Downloaded[0m oorandom v11.1.5
2026-10-10T22:45:53.3884149Z [1m[92m  Downloaded[0m wasm-bindgen-test v0.3.72
2026-10-10T22:45:53.4285439Z [1m[92m  Downloaded[0m wasm-bindgen-test-shared v0.2.122
2026-10-10T22:45:53.5360728Z [1m[92m   Compiling[0m syn v2.0.117
2026-10-10T22:45:53.5367645Z [1m[92m   Compiling[0m wasm-bindgen-shared v0.2.122
2026-10-10T22:45:53.5372488Z [1m[92m   Compiling[0m rustversion v1.0.22
2026-10-10T22:45:53.5383059Z [1m[92m   Compiling[0m bumpalo v3.20.3
2026-10-10T22:45:53.8897543Z [1m[92m   Compiling[0m serde_core v1.0.228
2026-10-10T22:45:54.3462092Z [1m[92m   Compiling[0m slab v0.4.12
2026-10-10T22:45:54.4937579Z [1m[92m   Compiling[0m futures-task v0.3.32
2026-10-10T22:45:54.5422210Z [1m[92m   Compiling[0m pin-project-lite v0.2.17
2026-10-10T22:45:54.6255189Z [1m[92m   Compiling[0m futures-core v0.3.32
2026-10-10T22:45:54.8033158Z [1m[92m   Compiling[0m futures-util v0.3.32
2026-10-10T22:45:54.8321018Z [1m[92m   Compiling[0m wasm-bindgen v0.2.122
2026-10-10T22:45:55.1688815Z [1m[92m   Compiling[0m serde_json v1.0.150
2026-10-10T22:45:55.4962154Z [1m[92m   Compiling[0m windows-sys v0.61.2
2026-10-10T22:45:57.6576881Z [1m[92m   Compiling[0m nu-ansi-term v0.50.3
2026-10-10T22:45:57.8711997Z [1m[92m   Compiling[0m wasm-bindgen-test-shared v0.2.122
2026-10-10T22:45:58.1703473Z [1m[92m   Compiling[0m oorandom v11.1.5
2026-10-10T22:45:58.2793309Z [1m[92m   Compiling[0m cast v0.3.0
2026-10-10T22:45:58.3701943Z [1m[92m   Compiling[0m wasm-bindgen-macro-support v0.2.122
2026-10-10T22:46:00.1747338Z [1m[92m   Compiling[0m windows-interface v0.59.3
2026-10-10T22:46:00.1748186Z [1m[92m   Compiling[0m windows-implement v0.60.2
2026-10-10T22:46:00.1893504Z [1m[92m   Compiling[0m bytemuck_derive v1.10.2
2026-10-10T22:46:01.1477622Z [1m[92m   Compiling[0m zerocopy-derive v0.8.50
2026-10-10T22:46:01.2557023Z [1m[92m   Compiling[0m windows-core v0.62.2
2026-10-10T22:46:02.0479267Z [1m[92m   Compiling[0m thiserror-impl v2.0.18
2026-10-10T22:46:02.0960023Z [1m[92m   Compiling[0m bytemuck v1.25.0
2026-10-10T22:46:02.4570764Z [1m[92m   Compiling[0m windows-collections v0.3.2
2026-10-10T22:46:03.1459290Z [1m[92m   Compiling[0m windows-future v0.3.2
2026-10-10T22:46:03.5441015Z [1m[92m   Compiling[0m zerocopy v0.8.50
2026-10-10T22:46:04.0365767Z [1m[92m   Compiling[0m thiserror v2.0.18
2026-10-10T22:46:04.1262535Z [1m[92m   Compiling[0m windows-numerics v0.3.1
2026-10-10T22:46:04.2748522Z [1m[92m   Compiling[0m wgpu-types v29.0.3
2026-10-10T22:46:04.3849656Z [1m[92m   Compiling[0m windows v0.62.2
2026-10-10T22:46:05.0887121Z [1m[92m   Compiling[0m wasm-bindgen-macro v0.2.122
2026-10-10T22:46:07.7018896Z [1m[92m   Compiling[0m js-sys v0.3.99
2026-10-10T22:46:08.5045134Z [1m[92m   Compiling[0m serde_derive v1.0.228
2026-10-10T22:46:09.5735859Z [1m[92m   Compiling[0m half v2.7.1
2026-10-10T22:46:10.3959687Z [1m[92m   Compiling[0m naga v29.0.3
2026-10-10T22:46:13.6862782Z [1m[92m   Compiling[0m serde v1.0.228
2026-10-10T22:46:14.6187230Z [1m[92m   Compiling[0m num-complex v0.4.6
2026-10-10T22:46:15.3404090Z [1m[92m   Compiling[0m pulp v0.22.3
2026-10-10T22:46:20.0069173Z [1m[92m   Compiling[0m async-trait v0.1.89
2026-10-10T22:46:20.5563607Z [1m[92m   Compiling[0m thiserror-impl v1.0.69
2026-10-10T22:46:21.6306256Z [1m[92m   Compiling[0m exr v1.74.2
2026-10-10T22:46:22.4171784Z [1m[92m   Compiling[0m gpu-allocator v0.28.0
2026-10-10T22:46:24.3576133Z [1m[92m   Compiling[0m wgpu-naga-bridge v29.0.3
2026-10-10T22:46:24.5523059Z [1m[92m   Compiling[0m wgpu-hal v29.0.3
2026-10-10T22:46:26.3857252Z [1m[92m   Compiling[0m thiserror v1.0.69
2026-10-10T22:46:26.4784869Z [1m[92m   Compiling[0m wasm-bindgen-futures v0.4.72
2026-10-10T22:46:26.5518839Z [1m[92m   Compiling[0m web-sys v0.3.99
2026-10-10T22:46:29.5507514Z [1m[92m   Compiling[0m serde-wasm-bindgen v0.6.5
2026-10-10T22:46:30.1779223Z [1m[92m   Compiling[0m console_error_panic_hook v0.1.7
2026-10-10T22:46:30.2861725Z [1m[92m   Compiling[0m wasm-bindgen-test-macro v0.3.72
2026-10-10T22:46:30.8557328Z [1m[92m   Compiling[0m wasm-bindgen-test v0.3.72
2026-10-10T22:46:33.4780920Z [1m[92m   Compiling[0m wgpu-core-deps-windows-linux-android v29.0.3
2026-10-10T22:46:33.5380826Z [1m[92m   Compiling[0m wgpu-core v29.0.3
2026-10-10T22:46:41.5110718Z [1m[92m   Compiling[0m wgpu v29.0.3
2026-10-10T22:46:44.8291133Z [1m[92m   Compiling[0m forge3d-core v1.26.3 (D:\a\forge3d-web\forge3d-web\crates\forge3d-core)
2026-10-10T22:46:54.1555927Z [1m[92m   Compiling[0m forge3d-web v1.26.3 (D:\a\forge3d-web\forge3d-web\crates\forge3d-web)
2026-10-10T22:47:08.4067942Z [1m[92m    Finished[0m `test` profile [unoptimized + debuginfo] target(s) in 1m 15s
2026-10-10T22:47:08.4170774Z [1m[92m     Running[0m unittests src\lib.rs (target\debug\deps\forge3d_web-f5e06d708f7ea513.exe)
2026-10-10T22:47:08.4287401Z 
2026-10-10T22:47:08.4287911Z running 190 tests
2026-10-10T22:47:08.4294607Z test error::tests::maps_core_errors_to_stable_browser_codes ... ok
2026-10-10T22:47:08.4296522Z test inputs::tests::resize_options_compute_dpr_scaled_pixel_size ... ok
2026-10-10T22:47:08.4297976Z test inputs::tests::camera_options_reject_non_finite_values ... ok
2026-10-10T22:47:08.4299877Z test inputs::tests::camera_options_select_orthographic_projection ... ok
2026-10-10T22:47:08.4301204Z test inputs::tests::resize_options_reject_non_finite_dpr ... ok
2026-10-10T22:47:08.4303050Z test inputs::tests::runtime_options_compute_dpr_scaled_pixel_size ... ok
2026-10-10T22:47:08.4304616Z test inputs::tests::runtime_options_default_to_browser_mvp_values ... ok
2026-10-10T22:47:08.4307069Z test inputs::tests::runtime_options_reject_zero_dimensions ... ok
2026-10-10T22:47:08.4308541Z test inputs::tests::runtime_power_preferences_map_exactly_and_default_to_high_performance ... ok
2026-10-10T22:47:08.4310408Z test inputs::tests::terrain_allocation_computes_skirted_mesh_bytes_with_checked_arithmetic ... ok
2026-10-10T22:47:08.4312748Z test inputs::tests::terrain_allocation_rejects_physical_limits_before_copy_or_mesh_creation ... ok
2026-10-10T22:47:08.4315054Z test inputs::tests::terrain_color_ramp_defaults_to_faa_vfr_contour_stops ... ok
2026-10-10T22:47:08.4316721Z test inputs::tests::terrain_bounds_validate_order ... ok
2026-10-10T22:47:08.4317599Z test inputs::tests::terrain_color_ramp_rejects_unordered_stops ... ok
2026-10-10T22:47:08.4318590Z test inputs::tests::terrain_geometry_clipmap_options_map_to_core ... ok
2026-10-10T22:47:08.4319696Z test inputs::tests::terrain_geometry_mode_defaults_to_grid_inside_geometry_block ... ok
2026-10-10T22:47:08.4320754Z test inputs::tests::terrain_geometry_rejects_screen_mode_clipmap ... ok
2026-10-10T22:47:08.4321729Z test inputs::tests::terrain_heightmap_options_reject_non_finite_values ... ok
2026-10-10T22:47:08.4326208Z test inputs::tests::terrain_heightmap_options_reject_wrong_lengths ... ok
2026-10-10T22:47:08.4327761Z test inputs::tests::terrain_js_option_structs_reject_unknown_fields ... ok
2026-10-10T22:47:08.4333851Z test inputs::tests::terrain_streaming_options_map_and_imply_clipmap ... ok
2026-10-10T22:47:08.4334988Z test inputs::tests::terrain_streaming_requires_dimensions ... ok
2026-10-10T22:47:08.4337728Z test io::tests::bounded_response_body_rejects_truncation_and_oversize ... ok
2026-10-10T22:47:08.4339120Z test inputs::tests::terrain_streaming_rejects_explicit_grid_mode ... ok
2026-10-10T22:47:08.4340199Z test io::tests::phase6_browser_io_skeleton_reports_future_source_support ... ok
2026-10-10T22:47:08.4342768Z test io::tests::url_response_policy_accepts_only_exact_ranges_and_zero_offset_200 ... ok
2026-10-10T22:47:08.4346040Z test runtime::diagnostics::tests::kebab_name_normalizes_debug_names ... ok
2026-10-10T22:47:08.4347497Z test io::tests::content_range_requires_the_exact_requested_span ... ok
2026-10-10T22:47:08.4349031Z test runtime::environment::reflection::native::tests::capture_up_recovers_a_rolled_view_from_unjittered_projection ... ok
2026-10-10T22:47:08.4351168Z test runtime::diagnostics::tests::numeric_limits_cover_required_diagnostic_fields ... ok
2026-10-10T22:47:08.4357610Z test runtime::environment::reflection::native::tests::native_array_fixture_preserves_nonzero_plane_height ... ok
2026-10-10T22:47:08.4360476Z test runtime::environment::reflection::native::tests::native_screen_uses_distinct_noncommuting_raster_and_sampling_products ... ok
2026-10-10T22:47:08.4361988Z test runtime::environment::tests::sampled_texture_layouts_fit_default_webgpu_limits ... ok
2026-10-10T22:47:08.4362933Z test runtime::environment::tests::uniform_layout ... ok
2026-10-10T22:47:08.4364396Z test runtime::ibl::tests::lighting_shader_declares_group3_and_unconditional_samples ... ok
2026-10-10T22:47:08.4365937Z test runtime::ibl::tests::compute_shader_uses_8x8_workgroups_and_rgba16float_outputs ... ok
2026-10-10T22:47:08.4369796Z test runtime::ibl::tests::lighting_shader_uses_fresnel_diffuse_split ... ok
2026-10-10T22:47:08.4372934Z test runtime::ibl::tests::null_snapshot_decodes_to_none ... ok
2026-10-10T22:47:08.4374228Z test runtime::ibl::tests::prefilter_schedule_matches_native ... ok
2026-10-10T22:47:08.4375383Z test runtime::ibl::tests::prepared_lengths_match_rgba16f_layout ... ok
2026-10-10T22:47:08.4379592Z test runtime::ibl::tests::prefilter_mode_defaults_to_per_mip_and_rejects_unknown_values ... ok
2026-10-10T22:47:08.4380762Z test runtime::ibl::tests::quality_ladder_descends_from_requested ... ok
2026-10-10T22:47:08.4381686Z test runtime::ibl::tests::quality_table_matches_native_tiers ... ok
2026-10-10T22:47:08.4382951Z test runtime::ibl::tests::rejects_invalid_report_fields ... ok
2026-10-10T22:47:08.4387198Z test runtime::ibl::tests::rejects_missing_source_and_bad_hash ... ok
2026-10-10T22:47:08.4388534Z test runtime::ibl::tests::rejects_noncanonical_rotation ... ok
2026-10-10T22:47:08.4394841Z test runtime::ibl::tests::rejects_nonfinite_intensity_rotation_and_data ... ok
2026-10-10T22:47:08.5517653Z test runtime::environment::tests::shaders_validate ... ok
2026-10-10T22:47:08.5525327Z test runtime::ibl::tests::rejects_source_hash_mismatch ... ok
2026-10-10T22:47:08.5530279Z test runtime::ibl::tests::rejects_unknown_and_inconsistent_quality ... ok
2026-10-10T22:47:08.5535558Z test runtime::ibl::tests::rejects_wrong_data_length_and_oversize_dimensions ... ok
2026-10-10T22:47:08.5539172Z test runtime::ibl::tests::uniform_layout_is_32_bytes ... ok
2026-10-10T22:47:08.5544177Z test runtime::ibl::tests::valid_snapshot_parses ... ok
2026-10-10T22:47:08.5548193Z test runtime::init::tests::alpha_selection_preserves_reported_capability_fallback_elsewhere ... ok
2026-10-10T22:47:08.5552060Z test runtime::init::tests::browser_webgpu_selects_both_core_canvas_alpha_modes ... ok
2026-10-10T22:47:08.5555972Z test runtime::lighting::tests::lighting_byte_accounting_matches_the_gpu_layout ... ok
2026-10-10T22:47:08.5564173Z test runtime::lighting::tests::materials_snapshot_parses_and_validates ... ok
2026-10-10T22:47:08.5578338Z test runtime::lighting::tests::materials_snapshot_rejects_malformed ... ok
2026-10-10T22:47:08.5585385Z test runtime::lighting::tests::normalizes_directions_and_rect_bases_from_snapshots ... ok
2026-10-10T22:47:08.5590276Z test runtime::lighting::tests::parses_and_validates_direct_snapshots ... ok
2026-10-10T22:47:08.5601652Z test runtime::lighting::tests::rejects_malformed_snapshots ... ok
2026-10-10T22:47:08.5619405Z test runtime::lighting::tests::terrain_shader_binds_the_shared_lighting_group ... ok
2026-10-10T22:47:08.5623991Z test runtime::memory::tests::disabled_shadow_moment_allocation_reports_actual_one_layer_bytes ... ok
2026-10-10T22:47:08.5627996Z test runtime::memory::tests::downscaled_dimension_preserves_edges_and_floor ... ok
2026-10-10T22:47:08.5632339Z test runtime::memory::tests::ledger_records_downgrades_and_effective_quality ... ok
2026-10-10T22:47:08.5638335Z test runtime::memory::tests::ledger_replace_all_rejection_leaves_the_ledger_untouched ... ok
2026-10-10T22:47:08.5644048Z test runtime::memory::tests::ledger_replace_all_swaps_a_key_set_that_sequential_replace_would_overflow ... ok
2026-10-10T22:47:08.5648520Z test runtime::memory::tests::ledger_replace_swaps_accounting_and_rejects_overflow ... ok
2026-10-10T22:47:08.5656634Z test runtime::memory::tests::native_ledger_admits_each_fixed_w04_key_once_and_clear_empties ... ok
2026-10-10T22:47:08.5661494Z test runtime::memory::tests::native_ledger_clone_isolates_failed_planning_from_live_accounting ... ok
2026-10-10T22:47:08.5665470Z test runtime::memory::tests::resample_heightmap_keeps_first_and_last_samples ... ok
2026-10-10T22:47:08.5669630Z test runtime::offline::tests::capture_passes_fit_the_default_color_attachment_budget ... ok
2026-10-10T22:47:08.5752329Z test runtime::offline::tests::capture_variants_add_entry_points_only_when_requested ... ok
2026-10-10T22:47:08.5757098Z test runtime::offline::tests::grid_uniforms_share_the_rust_field_order ... ok
2026-10-10T22:47:08.6022361Z test runtime::offline::tests::offline_compute_shaders_are_valid_wgsl ... ok
2026-10-10T22:47:08.6026699Z test runtime::offline::tests::planned_target_bytes_follow_selected_layers ... ok
2026-10-10T22:47:08.6030720Z test runtime::offline::tests::tonemap_shader_lanes_match_core_operator_lanes ... ok
2026-10-10T22:47:08.6034429Z test runtime::offline::tests::uniform_layouts_match_wgsl_structs ... ok
2026-10-10T22:47:08.6042133Z test runtime::postfx::tests::executed_plan_matches_public_pass_order ... ok
2026-10-10T22:47:08.6045762Z test runtime::postfx::tests::params_layout_matches_wgsl ... ok
2026-10-10T22:47:08.6894338Z test runtime::postfx::tests::postfx_shaders_validate_with_baseline_capabilities ... ok
2026-10-10T22:47:08.6899402Z test runtime::render::tests::health_is_checked_immediately_before_acquisition ... ok
2026-10-10T22:47:08.6903807Z test runtime::render::tests::outdated_reconfigures_and_lost_recreates_before_exactly_one_retry ... ok
2026-10-10T22:47:08.6908089Z test runtime::render::tests::recreation_failure_is_surface_lost_and_never_retries ... ok
2026-10-10T22:47:08.6912503Z test runtime::render::tests::second_or_mixed_failure_is_terminal_without_another_recovery ... ok
2026-10-10T22:47:08.6916618Z test runtime::render::tests::timeout_and_occlusion_are_skipped_without_submission ... ok
2026-10-10T22:47:08.6920673Z test runtime::render::tests::timeout_or_occlusion_on_retry_skips_without_more_recovery ... ok
2026-10-10T22:47:08.6924924Z test runtime::render::tests::validation_returns_the_sticky_diagnostic_or_explicit_internal_error ... ok
2026-10-10T22:47:08.6934717Z test runtime::scatter::prepare::tests::wind_uniforms_match_executed_historical_native_and_clusters_disable_them ... ok
2026-10-10T22:47:08.8803356Z test runtime::scatter::shader::tests::scatter_display_and_capture_variants_validate ... ok
2026-10-10T22:47:08.8808616Z test runtime::scene::geometry::tests::ground_plane_emits_six_vertices_with_transform ... ok
2026-10-10T22:47:08.8812733Z test runtime::scene::geometry::tests::ground_plane_emits_unit_normal_and_quad_uvs ... ok
2026-10-10T22:47:08.8817420Z test runtime::scene::geometry::tests::lit_vertex_is_84_bytes_and_overlay_vertex_is_28 ... ok
2026-10-10T22:47:08.8821448Z test runtime::scene::geometry::tests::overlay_vertices_convert_pixels_to_ndc ... ok
2026-10-10T22:47:08.8825435Z test runtime::scene::geometry::tests::rotated_ground_plane_transforms_normal ... ok
2026-10-10T22:47:08.8829537Z test runtime::scene::geometry::tests::text_mesh_advances_one_quad_per_scalar ... ok
2026-10-10T22:47:08.8833327Z test runtime::scene::geometry::tests::transform_matrix_normalizes_rotation ... ok
2026-10-10T22:47:08.8838015Z test runtime::scene::parse::tests::empty_scene_retains_parsed_lighting_state ... ok
2026-10-10T22:47:08.8842444Z test runtime::scene::parse::tests::malformed_lighting_snapshot_is_rejected ... ok
2026-10-10T22:47:08.8846506Z test runtime::scene::parse::tests::topology_accepts_parent_first_order ... ok
2026-10-10T22:47:08.8851804Z test runtime::scene::parse::tests::topology_rejects_duplicate_ids ... ok
2026-10-10T22:47:08.8856091Z test runtime::scene::parse::tests::topology_requires_parent_before_child ... ok
2026-10-10T22:47:08.8860499Z test runtime::scene::pipelines::tests::vertex_layouts_match_the_struct_sizes ... ok
2026-10-10T22:47:08.8868711Z test runtime::scene::pipelines::tests::world_shader_binds_the_shared_lighting_group ... ok
2026-10-10T22:47:08.8877858Z test runtime::scene::pipelines::tests::world_shader_dispatches_all_thirteen_brdf_constants ... ok
2026-10-10T22:47:08.8885103Z test runtime::scene::plan::tests::custom_passes_can_interleave_via_dependencies ... ok
2026-10-10T22:47:08.8889976Z test runtime::scene::plan::tests::dependency_cycles_are_rejected ... ok
2026-10-10T22:47:08.8893960Z test runtime::scene::plan::tests::duplicate_pass_names_are_rejected ... ok
2026-10-10T22:47:08.8898986Z test runtime::scene::plan::tests::implicit_passes_compile_in_canonical_order ... ok
2026-10-10T22:47:08.8903763Z test runtime::scene::plan::tests::unknown_and_forward_dependencies_are_rejected ... ok
2026-10-10T22:47:09.1266944Z test runtime::ibl::tests::prepared_payload_validates_against_quality_table ... ok
2026-10-10T22:47:09.1334839Z test runtime::shader_variants::tests::clipmap_lod_select_shader_is_valid_wgsl ... ok
2026-10-10T22:47:09.1340089Z test runtime::shader_variants::tests::default_runtime_state_selects_ggx_and_directional_only ... ok
2026-10-10T22:47:09.1431427Z test runtime::ibl::tests::rejects_mode_prepared_mismatch ... ok
2026-10-10T22:47:09.1927664Z test runtime::shader_variants::tests::absent_environment_and_water_mask_remove_w10_shader_code ... ok
2026-10-10T22:47:09.1977177Z test runtime::shader_variants::tests::every_material_route_enables_its_effective_shader_case ... ok
2026-10-10T22:47:10.0730996Z test runtime::ibl::tests::rejects_prepared_size_and_length_mismatch ... ok
2026-10-10T22:47:10.0867570Z test runtime::shader_variants::tests::full_template_keeps_every_region_and_no_markers ... ok
2026-10-10T22:47:10.1002729Z test runtime::shader_variants::tests::no_probe_variants_omit_storage_reads_and_bindings ... ok
2026-10-10T22:47:11.4558809Z test runtime::shader_variants::tests::environment_and_masked_reflection_variants_validate_independently ... ok
2026-10-10T22:47:11.4564816Z test runtime::shader_variants::tests::preprocessor_handles_if_else_nesting_negation_and_alternatives ... ok
2026-10-10T22:47:11.6973943Z test runtime::shader_variants::tests::preprocessor_rejects_unknown_features - should panic ... ok
2026-10-10T22:47:11.6996923Z test runtime::shader_variants::tests::preprocessor_rejects_unterminated_regions - should panic ... ok
2026-10-10T22:47:11.7002479Z test runtime::shader_variants::tests::shadow_control_lanes_select_filter_and_debug_regions ... ok
2026-10-10T22:47:11.7114833Z test runtime::shader_variants::tests::specialization_drops_unreachable_regions ... ok
2026-10-10T22:47:11.7119589Z test runtime::shader_variants::tests::terrain_mode_selects_exactly_one_render_path ... ok
2026-10-10T22:47:11.7124475Z test runtime::shader_variants::tests::texture_flags_light_kinds_and_debug_bounds_select_regions ... ok
2026-10-10T22:47:12.0682619Z test runtime::shader_variants::tests::no_w08_variants_contain_no_w08_identifiers ... ok
2026-10-10T22:47:12.0689029Z test runtime::shadows::tests::caster_falls_back_to_index_when_ids_are_absent ... ok
2026-10-10T22:47:12.0695518Z test runtime::shadows::tests::comparison_sampler_is_nearest_for_hard_filtering ... ok
2026-10-10T22:47:12.0702237Z test runtime::shadows::tests::disabled_shadows_report_no_effective_cascades ... ok
2026-10-10T22:47:12.0707191Z test runtime::shadows::tests::evsm_uses_negative_warp_and_full_rgba32float_range ... ok
2026-10-10T22:47:12.0712195Z test runtime::shadows::tests::map_size_ladder_downscales_powers_of_two ... ok
2026-10-10T22:47:12.0717546Z test runtime::shadows::tests::moment_filter_snapshots_require_rgba32float_report ... ok
2026-10-10T22:47:12.0723062Z test runtime::shadows::tests::msm_uses_the_scaled_hamburger_correction ... ok
2026-10-10T22:47:12.0727937Z test runtime::shadows::tests::non_directional_and_disabled_casters_are_skipped ... ok
2026-10-10T22:47:12.0733645Z test runtime::shadows::tests::out_of_volume_projections_are_lit ... ok
2026-10-10T22:47:12.0738689Z test runtime::shadows::tests::parses_a_valid_shadow_snapshot ... ok
2026-10-10T22:47:12.0746897Z test runtime::shadows::tests::refresh_uses_the_effective_map_size_for_cascades ... ok
2026-10-10T22:47:12.0753180Z test runtime::shadows::tests::rejects_csm_as_a_filter_with_pipeline_message ... ok
2026-10-10T22:47:12.0762719Z test runtime::shadows::tests::rejects_invalid_config_and_csm_values ... ok
2026-10-10T22:47:12.0771408Z test runtime::shadows::tests::rejects_report_tampering ... ok
2026-10-10T22:47:12.0776009Z test runtime::shadows::tests::selects_the_first_enabled_shadow_casting_directional ... ok
2026-10-10T22:47:12.0782350Z test runtime::shadows::tests::shader_sources_cover_all_six_filters_and_debug_views ... ok
2026-10-10T22:47:12.0786989Z test runtime::shadows::tests::shadow_texture_bytes_matches_the_public_estimate_formula ... ok
2026-10-10T22:47:12.0792603Z test runtime::terrain::w08_slot_tests::base_constants_match_the_real_layouts ... ok
2026-10-10T22:47:12.0797076Z test runtime::terrain::w08_slot_tests::keeps_drops_only_the_missing_w08_bindings ... ok
2026-10-10T22:47:12.0802279Z test runtime::terrain::w08_slot_tests::profiles_never_exceed_the_negotiated_limit ... ok
2026-10-10T22:47:12.0806957Z test runtime::terrain::w08_slot_tests::untextured_terrain_fits_every_w08_slot_in_the_webgpu_default ... ok
2026-10-10T22:47:12.0812051Z test runtime::terrain::w08_slot_tests::vt_storage_limits_count_actual_probe_and_base_layouts ... ok
2026-10-10T22:47:12.0817969Z test runtime::terrain::w08_slot_tests::w10_optional_bindings_fit_their_real_profiles ... ok
2026-10-10T22:47:12.0823523Z test runtime::terrain_material::tests::disabled_plan_is_tiny_and_reports_disabled ... ok
2026-10-10T22:47:12.0829408Z test runtime::terrain_material::tests::material_plan_reports_fallbacks_and_approximations ... ok
2026-10-10T22:47:12.0834892Z test runtime::terrain_material::tests::screen_terrains_without_a_material_pack_the_default_material ... ok
2026-10-10T22:47:12.0839768Z test runtime::terrain_material::tests::shader_regions_follow_the_enabled_material_features ... ok
2026-10-10T22:47:12.0845034Z test runtime::terrain_vt::tests::decode_feedback_drops_empty_slots_and_duplicates ... ok
2026-10-10T22:47:12.0849316Z test runtime::terrain_vt::tests::decode_feedback_of_a_zeroed_ring_is_empty ... ok
2026-10-10T22:47:12.0854169Z test runtime::terrain_w08::tests::clipmap_vertex_pack_is_terrain_layout ... ok
2026-10-10T22:47:12.0858431Z test runtime::terrain_w08::tests::lod_select_layouts_match_wgsl ... ok
2026-10-10T22:47:12.0889008Z test runtime::terrain_w08::tests::shadow_proxy_bytes_match_the_built_mesh ... ok
2026-10-10T22:47:12.0907452Z test runtime::terrain_w08::tests::streaming_ledger_bytes_cover_the_whole_allocated_atlas ... ok
2026-10-10T22:47:12.0912960Z test runtime::terrain_w08::tests::terrain_geometry_uniform_layout_matches_wgsl ... ok
2026-10-10T22:47:12.0917971Z test runtime::tests::color_ramp_uniform_matches_wgsl_uniform_layout_size ... ok
2026-10-10T22:47:12.0922449Z test runtime::tests::r32float_upload_plan_selects_tight_or_rowwise_by_alignment ... ok
2026-10-10T22:47:12.0927320Z test runtime::tests::runtime_dispose_guard_uses_stable_error_code ... ok
2026-10-10T22:47:12.0931918Z test runtime::tests::screenshot_normalization_covers_all_supported_surface_formats ... ok
2026-10-10T22:47:12.0936930Z test runtime::tests::terrain_edge_skirts_extend_boundary_vertices_below_surface ... ok
2026-10-10T22:47:12.0941791Z test runtime::textures::tests::textures_layout_has_six_entries_and_two_ledger_keys ... ok
2026-10-10T22:47:12.0949533Z test runtime::textures::tests::textures_missing_set_yields_empty_flags ... ok
2026-10-10T22:47:12.0957861Z test runtime::textures::tests::textures_parse_valid_set_and_flags ... ok
2026-10-10T22:47:12.0970790Z test runtime::textures::tests::textures_reject_anisotropy_without_linear_filters ... ok
2026-10-10T22:47:12.0977204Z test runtime::textures::tests::textures_reject_mismatched_mip_chain ... ok
2026-10-10T22:47:12.0983459Z test runtime::textures::tests::textures_reject_srgb_normal_map ... ok
2026-10-10T22:47:12.0991720Z test runtime::textures::tests::textures_reject_unknown_format_and_bad_sampler ... ok
2026-10-10T22:47:12.0997522Z test runtime::textures::tests::textures_reject_wrong_level_byte_size ... ok
2026-10-10T22:47:12.1002114Z test runtime::timing::tests::cpu_fallback_assigns_zero_gpu_time_to_world_passes ... ok
2026-10-10T22:47:12.1006541Z test runtime::timing::tests::nonfinite_or_negative_group_times_are_rejected ... ok
2026-10-10T22:47:12.1011018Z test runtime::timing::tests::pass_milliseconds_split_world_time_by_draw_share ... ok
2026-10-10T22:47:12.1015363Z test runtime::timing::tests::slot_state_flags_drive_busy_fallback_semantics ... ok
2026-10-10T22:47:12.1019825Z test runtime::vector::tests::dual_source_selection_has_a_truthful_fallback ... ok
2026-10-10T22:47:12.1024204Z test runtime::vector::tests::malformed_geometry_is_rejected_before_allocation ... ok
2026-10-10T22:47:12.1250312Z test runtime::vector::tests::projection_and_draw_uniform_offsets_match_rust ... ok
2026-10-10T22:47:12.1660356Z test runtime::vector::tests::shaders_validate_with_exact_storage_contracts ... ok
2026-10-10T22:47:12.1666962Z test terrain_material_input::tests::empty_object_resolves_to_native_defaults ... ok
2026-10-10T22:47:12.1674536Z test terrain_material_input::tests::invalid_values_use_native_messages ... ok
2026-10-10T22:47:12.1680403Z test terrain_material_input::tests::partial_fields_override_defaults ... ok
2026-10-10T22:47:12.1684779Z test terrain_material_input::tests::unknown_fields_are_rejected ... ok
2026-10-10T22:47:15.0665559Z test runtime::shader_variants::tests::w08_terrain_variants_are_valid_wgsl ... ok
2026-10-10T22:47:20.5953450Z test runtime::shader_variants::tests::every_world_variant_is_valid_wgsl ... ok
2026-10-10T22:47:57.0079105Z test runtime::shader_variants::tests::every_terrain_variant_is_valid_wgsl ... ok
2026-10-10T22:47:57.0079469Z 
2026-10-10T22:47:57.0079872Z test result: ok. 190 passed; 0 failed; 0 ignored; 0 measured; 0 filtered out; finished in 48.58s
2026-10-10T22:47:57.0080236Z 
2026-10-10T22:47:57.0163924Z [1m[92m   Doc-tests[0m forge3d_web
2026-10-10T22:47:57.9416169Z 
2026-10-10T22:47:57.9416692Z running 0 tests
2026-10-10T22:47:57.9416905Z 
2026-10-10T22:47:57.9417500Z test result: ok. 0 passed; 0 failed; 0 ignored; 0 measured; 0 filtered out; finished in 0.00s
2026-10-10T22:47:57.9417858Z 
2026-10-10T22:47:58.0835775Z ##[group]Run npm ci --registry=https://registry.npmjs.org
2026-10-10T22:47:58.0836438Z [36;1mnpm ci --registry=https://registry.npmjs.org[0m
2026-10-10T22:47:58.0836785Z [36;1mif ($LASTEXITCODE -ne 0) {[0m
2026-10-10T22:47:58.0837116Z [36;1m  throw "npm ci failed with exit code $LASTEXITCODE"[0m
2026-10-10T22:47:58.0837449Z [36;1m}[0m
2026-10-10T22:47:58.0837772Z [36;1mif (-not (Test-Path node_modules/.bin/wasm-pack.cmd)) {[0m
2026-10-10T22:47:58.0838435Z [36;1m  throw "npm ci completed without installing the wasm-pack command shim"[0m
2026-10-10T22:47:58.0838827Z [36;1m}[0m
2026-10-10T22:47:58.0910994Z shell: C:\Program Files\PowerShell\7\pwsh.EXE -command ". '{0}'"
2026-10-10T22:47:58.0911350Z env:
2026-10-10T22:47:58.0911533Z   CARGO_TERM_COLOR: always
2026-10-10T22:47:58.0911749Z   RUST_BACKTRACE: 1
2026-10-10T22:47:58.0911969Z   CARGO_HOME: C:\Users\runneradmin\.cargo
2026-10-10T22:47:58.0912233Z   CARGO_INCREMENTAL: 0
2026-10-10T22:47:58.0912474Z ##[endgroup]
2026-10-10T22:47:59.2257883Z npm warn EBADENGINE Unsupported engine {
2026-10-10T22:47:59.2258630Z npm warn EBADENGINE   package: '@wcohen/worker-router@0.0.1',
2026-10-10T22:47:59.2259404Z npm warn EBADENGINE   required: { node: '>=21' },
2026-10-10T22:47:59.2259955Z npm warn EBADENGINE   current: { node: 'v20.19.0', npm: '10.8.2' }
2026-10-10T22:47:59.2260817Z npm warn EBADENGINE }
2026-10-10T22:47:59.2271071Z npm warn EBADENGINE Unsupported engine {
2026-10-10T22:47:59.2271816Z npm warn EBADENGINE   package: '@wcohen/worker-router@0.0.2',
2026-10-10T22:47:59.2272532Z npm warn EBADENGINE   required: { node: '>=21' },
2026-10-10T22:47:59.2273253Z npm warn EBADENGINE   current: { node: 'v20.19.0', npm: '10.8.2' }
2026-10-10T22:47:59.2273796Z npm warn EBADENGINE }
2026-10-10T22:48:02.4746861Z 
2026-10-10T22:48:02.4747709Z added 103 packages, and audited 104 packages in 4s
2026-10-10T22:48:02.4748395Z 
2026-10-10T22:48:02.4749034Z 25 packages are looking for funding
2026-10-10T22:48:02.4749748Z   run `npm fund` for details
2026-10-10T22:48:02.5001300Z 
2026-10-10T22:48:02.5002387Z 7 vulnerabilities (2 moderate, 3 high, 2 critical)
2026-10-10T22:48:02.5002943Z 
2026-10-10T22:48:02.5003351Z To address issues that do not require attention, run:
2026-10-10T22:48:02.5004046Z   npm audit fix
2026-10-10T22:48:02.5019097Z 
2026-10-10T22:48:02.5019350Z To address all issues, run:
2026-10-10T22:48:02.5020091Z   npm audit fix --force
2026-10-10T22:48:02.5020272Z 
2026-10-10T22:48:02.5020514Z Run `npm audit` for details.
2026-10-10T22:48:02.6756057Z ##[group]Run npm run build:wasm
2026-10-10T22:48:02.6756421Z [36;1mnpm run build:wasm[0m
2026-10-10T22:48:02.6830308Z shell: C:\Program Files\PowerShell\7\pwsh.EXE -command ". '{0}'"
2026-10-10T22:48:02.6830663Z env:
2026-10-10T22:48:02.6830852Z   CARGO_TERM_COLOR: always
2026-10-10T22:48:02.6831077Z   RUST_BACKTRACE: 1
2026-10-10T22:48:02.6831307Z   CARGO_HOME: C:\Users\runneradmin\.cargo
2026-10-10T22:48:02.6831568Z   CARGO_INCREMENTAL: 0
2026-10-10T22:48:02.6831768Z ##[endgroup]
2026-10-10T22:48:03.3111482Z 
2026-10-10T22:48:03.3112093Z > @forge3d/web@1.26.3 build:wasm
2026-10-10T22:48:03.3113006Z > wasm-pack build . --target web --out-dir pkg --out-name forge3d_web
2026-10-10T22:48:03.3113558Z 
2026-10-10T22:48:05.6048639Z [INFO]: Checking for the Wasm target...
2026-10-10T22:48:05.7034757Z [INFO]: Compiling to Wasm...
2026-10-10T22:48:05.9362664Z [1m[92m   Compiling[0m unicode-ident v1.0.24
2026-10-10T22:48:05.9363654Z [1m[92m   Compiling[0m proc-macro2 v1.0.106
2026-10-10T22:48:05.9364366Z [1m[92m   Compiling[0m quote v1.0.45
2026-10-10T22:48:05.9365122Z [1m[92m   Compiling[0m wasm-bindgen-shared v0.2.122
2026-10-10T22:48:06.0559716Z [1m[92m   Compiling[0m cfg-if v1.0.4
2026-10-10T22:48:06.1185385Z [1m[92m   Compiling[0m rustversion v1.0.22
2026-10-10T22:48:06.3633892Z [1m[92m   Compiling[0m bumpalo v3.20.3
2026-10-10T22:48:06.7310794Z [1m[92m   Compiling[0m once_cell v1.21.4
2026-10-10T22:48:06.8552446Z [1m[92m   Compiling[0m pin-project-lite v0.2.17
2026-10-10T22:48:06.9476667Z [1m[92m   Compiling[0m futures-task v0.3.32
2026-10-10T22:48:07.1483798Z [1m[92m   Compiling[0m futures-core v0.3.32
2026-10-10T22:48:07.4500293Z [1m[92m   Compiling[0m wasm-bindgen v0.2.122
2026-10-10T22:48:07.6402538Z [1m[92m   Compiling[0m syn v2.0.117
2026-10-10T22:48:07.7433254Z [1m[92m   Compiling[0m libm v0.2.16
2026-10-10T22:48:07.7789984Z [1m[92m   Compiling[0m slab v0.4.12
2026-10-10T22:48:08.0103954Z [1m[92m   Compiling[0m autocfg v1.5.1
2026-10-10T22:48:08.1710630Z [1m[92m   Compiling[0m futures-util v0.3.32
2026-10-10T22:48:08.5927137Z [1m[92m   Compiling[0m num-traits v0.2.19
2026-10-10T22:48:09.0255899Z [1m[92m   Compiling[0m serde_core v1.0.228
2026-10-10T22:48:09.4084618Z [1m[92m   Compiling[0m smallvec v1.15.1
2026-10-10T22:48:09.8382539Z [1m[92m   Compiling[0m parking_lot_core v0.9.12
2026-10-10T22:48:10.1315973Z [1m[92m   Compiling[0m version_check v0.9.5
2026-10-10T22:48:11.3435770Z [1m[92m   Compiling[0m paste v1.0.15
2026-10-10T22:48:11.6541757Z [1m[92m   Compiling[0m zerocopy v0.8.50
2026-10-10T22:48:11.7195534Z [1m[92m   Compiling[0m pulp v0.22.3
2026-10-10T22:48:12.1225401Z [1m[92m   Compiling[0m byteorder v1.5.0
2026-10-10T22:48:12.1787674Z [1m[92m   Compiling[0m cfg_aliases v0.2.1
2026-10-10T22:48:12.2445873Z [1m[92m   Compiling[0m serde v1.0.228
2026-10-10T22:48:12.3717582Z [1m[92m   Compiling[0m scopeguard v1.2.0
2026-10-10T22:48:12.4598308Z [1m[92m   Compiling[0m heapless v0.8.0
2026-10-10T22:48:12.6626642Z [1m[92m   Compiling[0m lock_api v0.4.14
2026-10-10T22:48:12.8498528Z [1m[92m   Compiling[0m wasm-bindgen-macro-support v0.2.122
2026-10-10T22:48:13.0031421Z [1m[92m   Compiling[0m hash32 v0.3.1
2026-10-10T22:48:13.1494306Z [1m[92m   Compiling[0m wgpu v29.0.3
2026-10-10T22:48:15.0550918Z [1m[92m   Compiling[0m foldhash v0.2.0
2026-10-10T22:48:15.3339400Z [1m[92m   Compiling[0m zmij v1.0.21
2026-10-10T22:48:15.6583230Z [1m[92m   Compiling[0m reborrow v0.5.5
2026-10-10T22:48:15.7467274Z [1m[92m   Compiling[0m thiserror v1.0.69
2026-10-10T22:48:16.0922042Z [1m[92m   Compiling[0m simd-adler32 v0.3.10
2026-10-10T22:48:16.1827330Z [1m[92m   Compiling[0m adler2 v2.0.1
2026-10-10T22:48:16.2881688Z [1m[92m   Compiling[0m bytemuck_derive v1.10.2
2026-10-10T22:48:16.3453582Z [1m[92m   Compiling[0m zerocopy-derive v0.8.50
2026-10-10T22:48:17.1489037Z [1m[92m   Compiling[0m serde_derive v1.0.228
2026-10-10T22:48:18.1623796Z [1m[92m   Compiling[0m bytemuck v1.25.0
2026-10-10T22:48:18.5533915Z [1m[92m   Compiling[0m num-complex v0.4.6
2026-10-10T22:48:19.4069391Z [1m[92m   Compiling[0m litrs v1.0.0
2026-10-10T22:48:19.6430344Z [1m[92m   Compiling[0m wasm-bindgen-macro v0.2.122
2026-10-10T22:48:20.2413800Z [1m[92m   Compiling[0m pulp-wasm-simd-flag v0.1.1
2026-10-10T22:48:20.3322933Z [1m[92m   Compiling[0m log v0.4.32
2026-10-10T22:48:20.6108392Z [1m[92m   Compiling[0m bitflags v2.12.1
2026-10-10T22:48:21.1403144Z [1m[92m   Compiling[0m raw-window-handle v0.6.2
2026-10-10T22:48:21.5296288Z [1m[92m   Compiling[0m stable_deref_trait v1.2.1
2026-10-10T22:48:22.5813728Z [1m[92m   Compiling[0m js-sys v0.3.99
2026-10-10T22:48:23.9180954Z [1m[92m   Compiling[0m document-features v0.2.12
2026-10-10T22:48:24.7511252Z [1m[92m   Compiling[0m thiserror-impl v1.0.69
2026-10-10T22:48:25.6496879Z [1m[92m   Compiling[0m half v2.7.1
2026-10-10T22:48:26.1748097Z [1m[92m   Compiling[0m miniz_oxide v0.8.9
2026-10-10T22:48:26.2943950Z [1m[92m   Compiling[0m zune-inflate v0.2.54
2026-10-10T22:48:26.7527845Z [1m[92m   Compiling[0m hashbrown v0.16.1
2026-10-10T22:48:27.1119494Z [1m[92m   Compiling[0m parking_lot v0.12.5
2026-10-10T22:48:27.9217461Z [1m[92m   Compiling[0m profiling v1.0.18
2026-10-10T22:48:27.9866007Z [1m[92m   Compiling[0m arrayvec v0.7.6
2026-10-10T22:48:28.2056665Z [1m[92m   Compiling[0m serde_json v1.0.150
2026-10-10T22:48:28.2926374Z [1m[92m   Compiling[0m bit_field v0.10.3
2026-10-10T22:48:28.4647419Z [1m[92m   Compiling[0m lebe v0.5.3
2026-10-10T22:48:28.4898664Z [1m[92m   Compiling[0m static_assertions v1.1.0
2026-10-10T22:48:28.6640081Z [1m[92m   Compiling[0m rstar v0.12.2
2026-10-10T22:48:28.7454299Z [1m[92m   Compiling[0m exr v1.74.2
2026-10-10T22:48:29.0333985Z [1m[92m   Compiling[0m async-trait v0.1.89
2026-10-10T22:48:29.3551199Z [1m[92m   Compiling[0m memchr v2.8.1
2026-10-10T22:48:30.3145822Z [1m[92m   Compiling[0m itoa v1.0.18
2026-10-10T22:48:30.5861477Z [1m[92m   Compiling[0m glam v0.24.2
2026-10-10T22:48:34.3970567Z [1m[92m   Compiling[0m console_error_panic_hook v0.1.7
2026-10-10T22:48:37.3737186Z [1m[92m   Compiling[0m web-sys v0.3.99
2026-10-10T22:48:37.3738136Z [1m[92m   Compiling[0m wasm-bindgen-futures v0.4.72
2026-10-10T22:48:37.4461030Z [1m[92m   Compiling[0m serde-wasm-bindgen v0.6.5
2026-10-10T22:48:49.2060785Z [1m[92m   Compiling[0m wgpu-types v29.0.3
2026-10-10T22:48:59.4044346Z [1m[92m   Compiling[0m forge3d-core v1.26.3 (D:\a\forge3d-web\forge3d-web\crates\forge3d-core)
2026-10-10T22:49:27.9922919Z [1m[92m   Compiling[0m forge3d-web v1.26.3 (D:\a\forge3d-web\forge3d-web\crates\forge3d-web)
2026-10-10T22:50:13.2105931Z [1m[92m    Finished[0m `release` profile [optimized] target(s) in 2m 07s
2026-10-10T22:50:13.2400152Z [INFO]: Installing wasm-bindgen...
2026-10-10T22:50:18.7317021Z [INFO]: Optimizing wasm binaries with `wasm-opt`...
2026-10-10T22:50:48.7662634Z [INFO]: :-) Done in 2m 43s
2026-10-10T22:50:48.7663328Z [INFO]: :-) Your wasm pkg is ready to publish at pkg.
2026-10-10T22:50:48.9394811Z ##[group]Run npm run test:unit
2026-10-10T22:50:48.9395327Z [36;1mnpm run test:unit[0m
2026-10-10T22:50:48.9528543Z shell: C:\Program Files\PowerShell\7\pwsh.EXE -command ". '{0}'"
2026-10-10T22:50:48.9529158Z env:
2026-10-10T22:50:48.9529522Z   CARGO_TERM_COLOR: always
2026-10-10T22:50:48.9529906Z   RUST_BACKTRACE: 1
2026-10-10T22:50:48.9530265Z   CARGO_HOME: C:\Users\runneradmin\.cargo
2026-10-10T22:50:48.9530713Z   CARGO_INCREMENTAL: 0
2026-10-10T22:50:48.9531052Z ##[endgroup]
2026-10-10T22:50:49.7608608Z 
2026-10-10T22:50:49.7609102Z > @forge3d/web@1.26.3 test:unit
2026-10-10T22:50:49.7609414Z > vitest run
2026-10-10T22:50:49.7609537Z 
2026-10-10T22:50:50.5248346Z 
2026-10-10T22:50:50.5252937Z [1m[46m RUN [49m[22m [36mv4.0.18 [39m[90mD:/a/forge3d-web/forge3d-web/crates/forge3d-web[39m
2026-10-10T22:50:50.5254139Z 
2026-10-10T22:50:54.0164554Z  [32m✓[39m tests/unit/textures.test.ts [2m([22m[2m42 tests[22m[2m)[22m[32m 98[2mms[22m[39m
2026-10-10T22:50:54.0769695Z  [32m✓[39m tests/unit/session.test.ts [2m([22m[2m24 tests[22m[2m)[22m[32m 169[2mms[22m[39m
2026-10-10T22:50:55.0515992Z  [32m✓[39m tests/unit/scene.test.ts [2m([22m[2m33 tests[22m[2m)[22m[32m 65[2mms[22m[39m
2026-10-10T22:50:56.0318048Z  [32m✓[39m tests/unit/terrain-dataset.test.ts [2m([22m[2m38 tests[22m[2m)[22m[32m 194[2mms[22m[39m
2026-10-10T22:50:56.9953208Z  [32m✓[39m tests/unit/range-scheduler.test.ts [2m([22m[2m27 tests[22m[2m)[22m[32m 188[2mms[22m[39m
2026-10-10T22:51:00.0622176Z  [32m✓[39m tests/unit/viewer.test.ts [2m([22m[2m45 tests[22m[2m)[22m[33m 6116[2mms[22m[39m
2026-10-10T22:51:00.0731628Z      [33m[2m✓[22m[39m clears failed labels and uses only the caller channel for capture and replacement errors [33m 4119[2mms[22m[39m
2026-10-10T22:51:00.0734181Z      [33m[2m✓[22m[39m retries failed labels after recovery without repeating the handled error [33m 510[2mms[22m[39m
2026-10-10T22:51:01.0321866Z  [32m✓[39m tests/unit/label-workflows.test.ts [2m([22m[2m52 tests[22m[2m)[22m[32m 251[2mms[22m[39m
2026-10-10T22:51:01.3451536Z  [32m✓[39m tests/unit/worker-renderer.test.ts [2m([22m[2m12 tests[22m[2m)[22m[33m 3419[2mms[22m[39m
2026-10-10T22:51:01.3501424Z      [33m[2m✓[22m[39m leaves no listeners or pointers after 30 cycles [33m 2849[2mms[22m[39m
2026-10-10T22:51:01.8947130Z  [32m✓[39m tests/unit/viewer-controls.test.ts [2m([22m[2m15 tests[22m[2m)[22m[32m 59[2mms[22m[39m
2026-10-10T22:51:03.3533621Z  [32m✓[39m tests/unit/terrain-streaming.test.ts [2m([22m[2m20 tests[22m[2m)[22m[33m 486[2mms[22m[39m
2026-10-10T22:51:03.3606232Z      [33m[2m✓[22m[39m commits the COG nodata when options.terrain.nodata is unset [33m 447[2mms[22m[39m
2026-10-10T22:51:04.1969485Z  [32m✓[39m tests/unit/lighting.test.ts [2m([22m[2m23 tests[22m[2m)[22m[32m 38[2mms[22m[39m
2026-10-10T22:51:04.9950937Z  [32m✓[39m tests/unit/camera-controllers.test.ts [2m([22m[2m14 tests[22m[2m)[22m[32m 40[2mms[22m[39m
2026-10-10T22:51:05.4126571Z  [31m❯[39m tests/unit/ibl.test.ts [2m([22m[2m34 tests[22m[2m | [22m[31m1 failed[39m[2m)[22m[33m 10533[2mms[22m[39m
2026-10-10T22:51:05.4129645Z      [32m✓[39m decodes flat pixels for widths below the RLE threshold[32m 6[2mms[22m[39m
2026-10-10T22:51:05.4148185Z      [32m✓[39m preserves HDR values above one[32m 1[2mms[22m[39m
2026-10-10T22:51:05.4176497Z      [32m✓[39m accepts #?RGBE magic and CRLF headers[32m 0[2mms[22m[39m
2026-10-10T22:51:05.4387889Z      [32m✓[39m decodes modern RLE scanlines with mixed runs and literals[32m 2[2mms[22m[39m
2026-10-10T22:51:05.4547016Z      [32m✓[39m reorients all axis-sign combinations to canonical output[32m 3[2mms[22m[39m
2026-10-10T22:51:05.4593813Z      [32m✓[39m rejects malformed inputs[32m 2[2mms[22m[39m
2026-10-10T22:51:05.4599867Z      [32m✓[39m decodes old flat scanlines at RLE-eligible width[32m 5[2mms[22m[39m
2026-10-10T22:51:05.4602091Z      [32m✓[39m rejects a two-two marker with the wrong declared width[32m 1[2mms[22m[39m
2026-10-10T22:51:05.4650970Z      [32m✓[39m rejects RLE protocol violations[32m 2[2mms[22m[39m
2026-10-10T22:51:05.4653257Z      [32m✓[39m enforces the dimension limit and trailing-data rules[32m 1[2mms[22m[39m
2026-10-10T22:51:05.4657330Z      [32m✓[39m matches the published quality table[32m 1[2mms[22m[39m
2026-10-10T22:51:05.4667025Z      [32m✓[39m creates from linear data with defensive copies[32m 5[2mms[22m[39m
2026-10-10T22:51:05.4670452Z      [32m✓[39m validates source shape, intensity, rotation, and quality[32m 3[2mms[22m[39m
2026-10-10T22:51:05.4672932Z      [32m✓[39m normalizes rotation into [0, 360)[32m 1[2mms[22m[39m
2026-10-10T22:51:05.4677140Z      [32m✓[39m decodes RGBE byte sources[32m 1[2mms[22m[39m
2026-10-10T22:51:05.4679067Z      [32m✓[39m matches the lead-checked SHA-256 literals[32m 3[2mms[22m[39m
2026-10-10T22:51:05.4811897Z      [32m✓[39m defaults to the per-mip prefilter and keys the native schedule separately[32m 3[2mms[22m[39m
2026-10-10T22:51:05.4815715Z      [32m✓[39m produces deterministic cache keys that vary with settings[32m 2[2mms[22m[39m
2026-10-10T22:51:05.4818071Z      [33m[2m✓[22m[39m prepares through a precompute target and leaves the original untouched [33m 381[2mms[22m[39m
2026-10-10T22:51:05.4820272Z      [32m✓[39m rejects inconsistent precompute results[32m 28[2mms[22m[39m
2026-10-10T22:51:05.4822124Z      [32m✓[39m round-trips through iblFromSnapshot[32m 20[2mms[22m[39m
2026-10-10T22:51:05.5005083Z      [32m✓[39m rejects snapshots with a mismatched or tampered sourceHash[32m 1[2mms[22m[39m
2026-10-10T22:51:05.5026388Z      [32m✓[39m rejects non-canonical rotation on snapshots[32m 1[2mms[22m[39m
2026-10-10T22:51:05.5506712Z      [32m✓[39m rejects invalid report fields on snapshots[32m 2[2mms[22m[39m
2026-10-10T22:51:05.5550275Z      [32m✓[39m rejects effectiveMode inconsistent with the prepared payload[32m 12[2mms[22m[39m
2026-10-10T22:51:05.5553086Z      [32m✓[39m reports backend none when storage is unavailable[32m 13[2mms[22m[39m
2026-10-10T22:51:05.5555988Z      [32m✓[39m validates cache keys[32m 17[2mms[22m[39m
2026-10-10T22:51:05.5596766Z [31m     [31m×[31m round-trips prepared payloads through cache storage byte-identically[39m[33m 5261[2mms[22m[39m
2026-10-10T22:51:05.5602411Z      [32m✓[39m treats corrupted entries as misses[32m 235[2mms[22m[39m
2026-10-10T22:51:05.5922023Z      [32m✓[39m downgrades quota failures to no-ops[32m 235[2mms[22m[39m
2026-10-10T22:51:05.6011014Z      [33m[2m✓[22m[39m round-trips through OPFS [33m 974[2mms[22m[39m
2026-10-10T22:51:05.6181761Z      [32m✓[39m selects cache storage automatically when available[32m 3[2mms[22m[39m
2026-10-10T22:51:05.6259103Z      [33m[2m✓[22m[39m reports a miss then a hit with byte-identical payloads [33m 2033[2mms[22m[39m
2026-10-10T22:51:05.6352642Z      [33m[2m✓[22m[39m treats a higher-quality cached entry as a miss [33m 1203[2mms[22m[39m
2026-10-10T22:51:06.9469656Z  [32m✓[39m tests/unit/w16-tiles.test.ts [2m([22m[2m18 tests[22m[2m)[22m[33m 755[2mms[22m[39m
2026-10-10T22:51:06.9501741Z      [33m[2m✓[22m[39m matches 256 branching native tile camera records across ADD, REPLACE, mixed and inherited refinement [33m 539[2mms[22m[39m
2026-10-10T22:51:07.5633803Z  [32m✓[39m tests/unit/w16-pointcloud.test.ts [2m([22m[2m28 tests[22m[2m)[22m[33m 5282[2mms[22m[39m
2026-10-10T22:51:07.5636355Z      [33m[2m✓[22m[39m matches recorded real-data native camera keys/counts and quantized SSE exactly [33m 4726[2mms[22m[39m
2026-10-10T22:51:08.5768433Z  [32m✓[39m tests/unit/browser-resources.test.ts [2m([22m[2m19 tests[22m[2m)[22m[32m 119[2mms[22m[39m
2026-10-10T22:51:08.6186400Z  [32m✓[39m tests/unit/labels.test.ts [2m([22m[2m74 tests[22m[2m)[22m[33m 2870[2mms[22m[39m
2026-10-10T22:51:08.6199217Z      [33m[2m✓[22m[39m makes world glyph triangles with depth and actual camera projection [33m 455[2mms[22m[39m
2026-10-10T22:51:08.6201521Z      [33m[2m✓[22m[39m compiles a 200000-vertex polygon without spreading vertices into the JS stack [33m 1505[2mms[22m[39m
2026-10-10T22:51:09.5568801Z  [32m✓[39m tests/unit/w15-geometry.test.ts [2m([22m[2m33 tests[22m[2m)[22m[32m 227[2mms[22m[39m
2026-10-10T22:51:09.7717277Z  [32m✓[39m tests/unit/cog.test.ts [2m([22m[2m19 tests[22m[2m)[22m[33m 488[2mms[22m[39m
2026-10-10T22:51:10.2326382Z  [32m✓[39m tests/unit/renderer-config.test.ts [2m([22m[2m16 tests[22m[2m)[22m[32m 33[2mms[22m[39m
2026-10-10T22:51:10.4468454Z  [32m✓[39m tests/unit/shadows.test.ts [2m([22m[2m23 tests[22m[2m)[22m[32m 31[2mms[22m[39m
2026-10-10T22:51:10.8209564Z  [32m✓[39m tests/unit/camera-rigs.test.ts [2m([22m[2m38 tests[22m[2m)[22m[33m 3101[2mms[22m[39m
2026-10-10T22:51:10.8213838Z      [33m[2m✓[22m[39m never violates the minimum at any playback time [33m 2326[2mms[22m[39m
2026-10-10T22:51:10.9195053Z  [32m✓[39m tests/unit/camera.test.ts [2m([22m[2m18 tests[22m[2m)[22m[32m 36[2mms[22m[39m
2026-10-10T22:51:11.5455575Z  [32m✓[39m tests/unit/materials.test.ts [2m([22m[2m18 tests[22m[2m)[22m[32m 30[2mms[22m[39m
2026-10-10T22:51:12.4479288Z  [32m✓[39m tests/unit/w15-native-contracts.test.ts [2m([22m[2m13 tests[22m[2m)[22m[33m 582[2mms[22m[39m
2026-10-10T22:51:12.6060682Z  [32m✓[39m tests/unit/byte-cache.test.ts [2m([22m[2m16 tests[22m[2m)[22m[32m 71[2mms[22m[39m
2026-10-10T22:51:13.6456148Z  [32m✓[39m tests/unit/w14-crs.test.ts [2m([22m[2m27 tests[22m[2m)[22m[33m 2511[2mms[22m[39m
2026-10-10T22:51:13.6458046Z      [33m[2m✓[22m[39m aligns north-up and rotated raster origins, preserving elevation and caller data [33m 367[2mms[22m[39m
2026-10-10T22:51:13.6459858Z      [33m[2m✓[22m[39m supports empty arrays, copied identity, XYZ/T and 10000 points [33m 526[2mms[22m[39m
2026-10-10T22:51:13.6461366Z      [33m[2m✓[22m[39m does not leak native allocations on repeated success and failure [33m 654[2mms[22m[39m
2026-10-10T22:51:13.9944730Z  [32m✓[39m tests/unit/environment.test.ts [2m([22m[2m20 tests[22m[2m)[22m[33m 710[2mms[22m[39m
2026-10-10T22:51:13.9970800Z      [33m[2m✓[22m[39m matches six independently executed native fields including ground locking [33m 484[2mms[22m[39m
2026-10-10T22:51:14.4529626Z  [32m✓[39m tests/unit/w15-io.test.ts [2m([22m[2m19 tests[22m[2m)[22m[32m 173[2mms[22m[39m
2026-10-10T22:51:14.6643529Z  [32m✓[39m tests/unit/camera-animation.test.ts [2m([22m[2m14 tests[22m[2m)[22m[32m 34[2mms[22m[39m
2026-10-10T22:51:15.1466542Z  [32m✓[39m tests/unit/browser-io.test.ts [2m([22m[2m20 tests[22m[2m)[22m[32m 91[2mms[22m[39m
2026-10-10T22:51:15.3837535Z  [32m✓[39m tests/unit/w15-buildings.test.ts [2m([22m[2m26 tests[22m[2m)[22m[32m 96[2mms[22m[39m
2026-10-10T22:51:16.0360747Z  [32m✓[39m tests/unit/terrain-scatter.test.ts [2m([22m[2m14 tests[22m[2m)[22m[32m 253[2mms[22m[39m
2026-10-10T22:51:16.3407293Z  [32m✓[39m tests/unit/w06-frames.test.ts [2m([22m[2m8 tests[22m[2m)[22m[32m 153[2mms[22m[39m
2026-10-10T22:51:16.3695472Z  [32m✓[39m tests/unit/w14-datasets.test.ts [2m([22m[2m10 tests[22m[2m)[22m[33m 3235[2mms[22m[39m
2026-10-10T22:51:16.3697738Z      [33m[2m✓[22m[39m loads native DEM and boundaries exactly, with defensive typed buffers [33m 1615[2mms[22m[39m
2026-10-10T22:51:16.3708515Z      [33m[2m✓[22m[39m caches exact bytes across instances, refuses offline misses and corrupted entries [33m 1525[2mms[22m[39m
2026-10-10T22:51:16.7447227Z  [32m✓[39m tests/unit/viewer-camera.test.ts [2m([22m[2m5 tests[22m[2m)[22m[32m 79[2mms[22m[39m
2026-10-10T22:51:17.1463900Z  [32m✓[39m tests/unit/message-protocol.test.ts [2m([22m[2m12 tests[22m[2m)[22m[32m 177[2mms[22m[39m
2026-10-10T22:51:17.2071392Z  [32m✓[39m tests/unit/display-adapters.test.ts [2m([22m[2m7 tests[22m[2m)[22m[32m 227[2mms[22m[39m
2026-10-10T22:51:17.3230840Z  [32m✓[39m tests/unit/w06-offline.test.ts [2m([22m[2m9 tests[22m[2m)[22m[32m 26[2mms[22m[39m
2026-10-10T22:51:17.5031013Z  [32m✓[39m tests/unit/playwright-project-metadata.test.ts [2m([22m[2m16 tests[22m[2m)[22m[32m 20[2mms[22m[39m
2026-10-10T22:51:17.8974775Z  [32m✓[39m tests/unit/vector.test.ts [2m([22m[2m13 tests[22m[2m)[22m[32m 46[2mms[22m[39m
2026-10-10T22:51:18.0066818Z  [32m✓[39m tests/unit/terrain-overlays.test.ts [2m([22m[2m14 tests[22m[2m)[22m[32m 23[2mms[22m[39m
2026-10-10T22:51:18.1675298Z  [32m✓[39m tests/unit/terrain-material.test.ts [2m([22m[2m7 tests[22m[2m)[22m[32m 25[2mms[22m[39m
2026-10-10T22:51:18.5611053Z  [32m✓[39m tests/unit/offscreen-renderer.test.ts [2m([22m[2m9 tests[22m[2m)[22m[32m 29[2mms[22m[39m
2026-10-10T22:51:18.6509202Z  [32m✓[39m tests/unit/memory-policy.test.ts [2m([22m[2m9 tests[22m[2m)[22m[32m 15[2mms[22m[39m
2026-10-10T22:51:19.1830888Z  [32m✓[39m tests/unit/playwright-config.test.ts [2m([22m[2m7 tests[22m[2m)[22m[32m 20[2mms[22m[39m
2026-10-10T22:51:19.2626119Z  [32m✓[39m tests/unit/terrain-vt.test.ts [2m([22m[2m10 tests[22m[2m)[22m[32m 16[2mms[22m[39m
2026-10-10T22:51:19.6194019Z  [32m✓[39m tests/unit/playwright-launch-diagnostics.test.ts [2m([22m[2m5 tests[22m[2m)[22m[32m 16[2mms[22m[39m
2026-10-10T22:51:19.8965890Z  [32m✓[39m tests/unit/resize-controller.test.ts [2m([22m[2m5 tests[22m[2m)[22m[32m 10[2mms[22m[39m
2026-10-10T22:51:19.9149499Z  [32m✓[39m tests/unit/remote-dataset-retry.test.ts [2m([22m[2m8 tests[22m[2m)[22m[32m 80[2mms[22m[39m
2026-10-10T22:51:20.2844900Z  [32m✓[39m tests/unit/w11-native-provenance.test.ts [2m([22m[2m5 tests[22m[2m)[22m[32m 59[2mms[22m[39m
2026-10-10T22:51:20.2923489Z  [32m✓[39m tests/unit/ownership.test.ts [2m([22m[2m6 tests[22m[2m)[22m[32m 13[2mms[22m[39m
2026-10-10T22:51:21.0030278Z  [32m✓[39m tests/unit/render-scheduler.test.ts [2m([22m[2m4 tests[22m[2m)[22m[32m 10[2mms[22m[39m
2026-10-10T22:51:21.0436241Z  [32m✓[39m tests/unit/terrain-probes.test.ts [2m([22m[2m6 tests[22m[2m)[22m[32m 68[2mms[22m[39m
2026-10-10T22:51:21.9005362Z  [32m✓[39m tests/unit/label-contract-record.test.ts [2m([22m[2m3 tests[22m[2m)[22m[32m 59[2mms[22m[39m
2026-10-10T22:51:21.9392155Z  [32m✓[39m tests/unit/postfx.test.ts [2m([22m[2m20 tests[22m[2m)[22m[32m 31[2mms[22m[39m
2026-10-10T22:51:22.2567228Z  [32m✓[39m tests/unit/source-launch-observation.test.ts [2m([22m[2m3 tests[22m[2m)[22m[32m 14[2mms[22m[39m
2026-10-10T22:51:22.6676574Z  [32m✓[39m tests/unit/w14-native-contract.test.ts [2m([22m[2m2 tests[22m[2m)[22m[32m 30[2mms[22m[39m
2026-10-10T22:51:22.6922209Z  [32m✓[39m tests/unit/viewer-visibility-lifecycle.test.ts [2m([22m[2m10 tests[22m[2m)[22m[32m 11[2mms[22m[39m
2026-10-10T22:51:23.2742744Z  [32m✓[39m tests/unit/viewer-interaction-observation.test.ts [2m([22m[2m12 tests[22m[2m)[22m[32m 11[2mms[22m[39m
2026-10-10T22:51:23.5056957Z  [32m✓[39m tests/unit/orbit-controller.test.ts [2m([22m[2m6 tests[22m[2m)[22m[33m 3255[2mms[22m[39m
2026-10-10T22:51:23.5068912Z      [33m[2m✓[22m[39m keeps ten thousand randomized finite deltas valid [33m 3239[2mms[22m[39m
2026-10-10T22:51:23.8807765Z  [32m✓[39m tests/unit/w10-reflection-metrics.test.ts [2m([22m[2m2 tests[22m[2m)[22m[32m 131[2mms[22m[39m
2026-10-10T22:51:24.0777541Z  [32m✓[39m tests/unit/w12-native-provenance.test.ts [2m([22m[2m1 test[22m[2m)[22m[32m 14[2mms[22m[39m
2026-10-10T22:51:24.1952856Z  [32m✓[39m tests/unit/w16-provenance.test.ts [2m([22m[2m1 test[22m[2m)[22m[33m 834[2mms[22m[39m
2026-10-10T22:51:24.1955781Z    [33m[2m✓[22m[39m W16 fixtures and deepest native sources retain independent provenance [33m 831[2mms[22m[39m
2026-10-10T22:51:24.3106826Z  [32m✓[39m tests/unit/evidence-mode.test.ts [2m([22m[2m3 tests[22m[2m)[22m[32m 5[2mms[22m[39m
2026-10-10T22:51:24.3183035Z 
2026-10-10T22:51:24.3184644Z [31m⎯⎯⎯⎯⎯⎯⎯[39m[1m[41m Failed Tests 1 [49m[22m[31m⎯⎯⎯⎯⎯⎯⎯[39m
2026-10-10T22:51:24.3185065Z 
2026-10-10T22:51:24.3190937Z [41m[1m FAIL [22m[49m tests/unit/ibl.test.ts[2m > [22mIblCache[2m > [22mround-trips prepared payloads through cache storage byte-identically
2026-10-10T22:51:24.3203303Z [31m[1mError[22m: Test timed out in 5000ms.
2026-10-10T22:51:24.3204491Z If this is a long-running test, pass a timeout value as the last argument or configure it globally with "testTimeout".[39m
2026-10-10T22:51:24.3205671Z [36m [2m❯[22m tests/unit/ibl.test.ts:[2m836:3[22m[39m
2026-10-10T22:51:24.3414606Z     [90m834| [39m  })[33m;[39m
2026-10-10T22:51:24.3415420Z     [90m835| [39m
2026-10-10T22:51:24.3417048Z     [90m836| [39m  it("round-trips prepared payloads through cache storage byte-identic…
2026-10-10T22:51:24.3417634Z 
2026-10-10T22:51:24.3418171Z     [90m   | [39m  [31m^[39m
2026-10-10T22:51:24.3419731Z     [90m837| [39m    [35mconst[39m store[33m:[39m [33mFakeCacheStore[39m [33m=[39m { data[33m:[39m [35mnew[39m [33mMap[39m()[33m,[39m failPut[33m:[39m [35mfalse[39m }[33m;[39m
2026-10-10T22:51:24.3421312Z     [90m838| [39m    [34minstallFakeCacheStorage[39m(store)[33m;[39m
2026-10-10T22:51:24.3421951Z 
2026-10-10T22:51:24.3422477Z [31m[2m⎯⎯⎯⎯⎯⎯⎯⎯⎯⎯⎯⎯⎯⎯⎯⎯⎯⎯⎯⎯⎯⎯⎯⎯[1/1]⎯[22m[39m
2026-10-10T22:51:24.3422985Z 
2026-10-10T22:51:24.3429654Z [2m Test Files [22m [1m[31m1 failed[39m[22m[2m | [22m[1m[32m64 passed[39m[22m[90m (65)[39m
2026-10-10T22:51:24.3436769Z [2m      Tests [22m [1m[31m1 failed[39m[22m[2m | [22m[1m[32m1089 passed[39m[22m[90m (1090)[39m
2026-10-10T22:51:24.3437713Z [2m   Start at [22m 22:50:50
2026-10-10T22:51:24.3441807Z [2m   Duration [22m 33.76s[2m (transform 9.45s, setup 0ms, import 29.52s, tests 47.89s, environment 25ms)[22m
2026-10-10T22:51:24.3442515Z 
2026-10-10T22:51:24.3472188Z 
2026-10-10T22:51:24.3599450Z ##[error]Error: Test timed out in 5000ms.
If this is a long-running test, pass a timeout value as the last argument or configure it globally with "testTimeout".
 ❯ tests/unit/ibl.test.ts:836:3


2026-10-10T22:51:24.5893324Z ##[error]Process completed with exit code 1.
2026-10-10T22:51:24.6205604Z Post job cleanup.
2026-10-10T22:51:24.8314041Z [command]"C:\Program Files\Git\bin\git.exe" version
2026-10-10T22:51:24.8601818Z git version 2.55.0.windows.5
2026-10-10T22:51:24.8670041Z Temporarily overriding HOME='D:\a\_temp\9eea10c6-884b-4741-9974-4430250bfa18' before making global git config changes
2026-10-10T22:51:24.8671541Z Adding repository directory to the temporary git global config as a safe directory
2026-10-10T22:51:24.8681902Z [command]"C:\Program Files\Git\bin\git.exe" config --global --add safe.directory D:\a\forge3d-web\forge3d-web
2026-10-10T22:51:24.8998941Z [command]"C:\Program Files\Git\bin\git.exe" config --local --name-only --get-regexp core\.sshCommand
2026-10-10T22:51:24.9408132Z [command]"C:\Program Files\Git\bin\git.exe" submodule foreach --recursive "sh -c \"git config --local --name-only --get-regexp 'core\.sshCommand' && git config --local --unset-all 'core.sshCommand' || :\""
2026-10-10T22:51:25.5052642Z [command]"C:\Program Files\Git\bin\git.exe" config --local --name-only --get-regexp http\.https\:\/\/github\.com\/\.extraheader
2026-10-10T22:51:25.5321068Z http.https://github.com/.extraheader
2026-10-10T22:51:25.5365385Z [command]"C:\Program Files\Git\bin\git.exe" config --local --unset-all http.https://github.com/.extraheader
2026-10-10T22:51:25.5675943Z [command]"C:\Program Files\Git\bin\git.exe" submodule foreach --recursive "sh -c \"git config --local --name-only --get-regexp 'http\.https\:\/\/github\.com\/\.extraheader' && git config --local --unset-all 'http.https://github.com/.extraheader' || :\""
2026-10-10T22:51:26.1164357Z [command]"C:\Program Files\Git\bin\git.exe" config --local --name-only --get-regexp ^includeIf\.gitdir:
2026-10-10T22:51:26.1475369Z [command]"C:\Program Files\Git\bin\git.exe" submodule foreach --recursive "git config --local --show-origin --name-only --get-regexp remote.origin.url"
2026-10-10T22:51:26.7312145Z Cleaning up orphan processes
2026-10-10T22:51:26.7532595Z Terminate orphan process: pid (1684) (vctip)
2026-10-10T22:51:26.7918395Z ##[warning]Node.js 20 is deprecated. The following actions target Node.js 20 but are being forced to run on Node.js 24: actions/checkout@11d5960a326750d5838078e36cf38b85af677262, actions/setup-node@49933ea5288caeca8642d1e84afbd3f7d6820020. For more information see: https://github.blog/changelog/2025-09-19-deprecation-of-node-20-on-github-actions-runners/
