2026-10-10T21:58:59.4193906Z Current runner version: '2.337.0'
2026-10-10T21:58:59.4221893Z ##[group]Runner Image Provisioner
2026-10-10T21:58:59.4222759Z Hosted Compute Agent
2026-10-10T21:58:59.4223321Z Version: 20260901.588
2026-10-10T21:58:59.4223908Z Commit: f88ec8081b781fac6c440065ac7ff9e710ce3d0b
2026-10-10T21:58:59.4224626Z Build Date: 2026-09-01T19:56:44Z
2026-10-10T21:58:59.4225273Z Worker ID: {6625c972-138d-4b88-a5bb-ede03525f3fb}
2026-10-10T21:58:59.4225968Z Azure Region: northcentralus
2026-10-10T21:58:59.4227095Z ##[endgroup]
2026-10-10T21:58:59.4228622Z ##[group]Operating System
2026-10-10T21:58:59.4229328Z Microsoft Windows Server 2025
2026-10-10T21:58:59.4229937Z 10.0.26100
2026-10-10T21:58:59.4230559Z Datacenter
2026-10-10T21:58:59.4231079Z ##[endgroup]
2026-10-10T21:58:59.4231598Z ##[group]Runner Image
2026-10-10T21:58:59.4232182Z Image: windows-2025-vs2026
2026-10-10T21:58:59.4232762Z Version: 20260925.250.1
2026-10-10T21:58:59.4234345Z Included Software: https://github.com/actions/runner-images/blob/win25-vs2026/20260925.250/images/windows/Windows2025-VS2026-Readme.md
2026-10-10T21:58:59.4236008Z Image Release: https://github.com/actions/runner-images/releases/tag/win25-vs2026%2F20260925.250
2026-10-10T21:58:59.4236992Z ##[endgroup]
2026-10-10T21:58:59.4238101Z ##[group]GITHUB_TOKEN Permissions
2026-10-10T21:58:59.4240549Z Contents: read
2026-10-10T21:58:59.4241151Z Metadata: read
2026-10-10T21:58:59.4241672Z ##[endgroup]
2026-10-10T21:58:59.4244508Z Secret source: Actions
2026-10-10T21:58:59.4245633Z Cache mode: write
2026-10-10T21:58:59.4246388Z Prepare workflow directory
2026-10-10T21:58:59.4728374Z Prepare all required actions
2026-10-10T21:58:59.4776518Z Getting action download info
2026-10-10T21:58:59.6711062Z Download action repository 'actions/checkout@11d5960a326750d5838078e36cf38b85af677262' (SHA:11d5960a326750d5838078e36cf38b85af677262)
2026-10-10T21:58:59.8126777Z Download action repository 'dtolnay/rust-toolchain@4cda84d5c5c54efe2404f9d843567869ab1699d4' (SHA:4cda84d5c5c54efe2404f9d843567869ab1699d4)
2026-10-10T21:58:59.9515881Z Download action repository 'actions/setup-node@49933ea5288caeca8642d1e84afbd3f7d6820020' (SHA:49933ea5288caeca8642d1e84afbd3f7d6820020)
2026-10-10T21:59:00.1451640Z Download action repository 'actions/upload-artifact@ea165f8d65b6e75b540449e92b4886f43607fa02' (SHA:ea165f8d65b6e75b540449e92b4886f43607fa02)
2026-10-10T21:59:00.5588167Z Complete job name: Web Runtime / Build And Contract Tests
2026-10-10T21:59:00.7482451Z ##[group]Run actions/checkout@11d5960a326750d5838078e36cf38b85af677262
2026-10-10T21:59:00.7484235Z with:
2026-10-10T21:59:00.7485054Z   repository: milos-agathon/forge3d-web
2026-10-10T21:59:00.7492768Z   token: ***
2026-10-10T21:59:00.7494051Z   ssh-strict: true
2026-10-10T21:59:00.7494937Z   ssh-user: git
2026-10-10T21:59:00.7495750Z   persist-credentials: true
2026-10-10T21:59:00.7496640Z   clean: true
2026-10-10T21:59:00.7497453Z   sparse-checkout-cone-mode: true
2026-10-10T21:59:00.7498401Z   fetch-depth: 1
2026-10-10T21:59:00.7499212Z   fetch-tags: false
2026-10-10T21:59:00.7500009Z   show-progress: true
2026-10-10T21:59:00.7500842Z   lfs: false
2026-10-10T21:59:00.7501605Z   submodules: false
2026-10-10T21:59:00.7502426Z   set-safe-directory: true
2026-10-10T21:59:00.7503342Z   allow-unsafe-pr-checkout: false
2026-10-10T21:59:00.7504569Z env:
2026-10-10T21:59:00.7505315Z   CARGO_TERM_COLOR: always
2026-10-10T21:59:00.7506181Z   RUST_BACKTRACE: 1
2026-10-10T21:59:00.7507005Z ##[endgroup]
2026-10-10T21:59:00.8953746Z Syncing repository: milos-agathon/forge3d-web
2026-10-10T21:59:00.8957753Z ##[group]Getting Git version info
2026-10-10T21:59:00.8959624Z Working directory is 'D:\a\forge3d-web\forge3d-web'
2026-10-10T21:59:01.0223051Z [command]"C:\Program Files\Git\bin\git.exe" version
2026-10-10T21:59:01.3720571Z git version 2.55.0.windows.5
2026-10-10T21:59:01.3793356Z ##[endgroup]
2026-10-10T21:59:01.3800601Z Temporarily overriding HOME='D:\a\_temp\4dd4ec27-a06d-4a76-a150-78b4fe8a8ad1' before making global git config changes
2026-10-10T21:59:01.3805920Z Adding repository directory to the temporary git global config as a safe directory
2026-10-10T21:59:01.3809153Z [command]"C:\Program Files\Git\bin\git.exe" config --global --add safe.directory D:\a\forge3d-web\forge3d-web
2026-10-10T21:59:01.4491309Z Deleting the contents of 'D:\a\forge3d-web\forge3d-web'
2026-10-10T21:59:01.4499200Z ##[group]Initializing the repository
2026-10-10T21:59:01.4510682Z [command]"C:\Program Files\Git\bin\git.exe" init D:\a\forge3d-web\forge3d-web
2026-10-10T21:59:01.5598191Z Initialized empty Git repository in D:/a/forge3d-web/forge3d-web/.git/
2026-10-10T21:59:01.5652501Z [command]"C:\Program Files\Git\bin\git.exe" remote add origin https://github.com/milos-agathon/forge3d-web
2026-10-10T21:59:01.6360791Z ##[endgroup]
2026-10-10T21:59:01.6361716Z ##[group]Disabling automatic garbage collection
2026-10-10T21:59:01.6371433Z [command]"C:\Program Files\Git\bin\git.exe" config --local gc.auto 0
2026-10-10T21:59:01.6708951Z ##[endgroup]
2026-10-10T21:59:01.6709521Z ##[group]Setting up auth
2026-10-10T21:59:01.6722712Z [command]"C:\Program Files\Git\bin\git.exe" config --local --name-only --get-regexp core\.sshCommand
2026-10-10T21:59:01.7053967Z [command]"C:\Program Files\Git\bin\git.exe" submodule foreach --recursive "sh -c \"git config --local --name-only --get-regexp 'core\.sshCommand' && git config --local --unset-all 'core.sshCommand' || :\""
2026-10-10T21:59:03.2015184Z [command]"C:\Program Files\Git\bin\git.exe" config --local --name-only --get-regexp http\.https\:\/\/github\.com\/\.extraheader
2026-10-10T21:59:03.2342199Z [command]"C:\Program Files\Git\bin\git.exe" submodule foreach --recursive "sh -c \"git config --local --name-only --get-regexp 'http\.https\:\/\/github\.com\/\.extraheader' && git config --local --unset-all 'http.https://github.com/.extraheader' || :\""
2026-10-10T21:59:03.8137294Z [command]"C:\Program Files\Git\bin\git.exe" config --local --name-only --get-regexp ^includeIf\.gitdir:
2026-10-10T21:59:03.8467175Z [command]"C:\Program Files\Git\bin\git.exe" submodule foreach --recursive "git config --local --show-origin --name-only --get-regexp remote.origin.url"
2026-10-10T21:59:04.4223165Z [command]"C:\Program Files\Git\bin\git.exe" config --local http.https://github.com/.extraheader "AUTHORIZATION: basic ***"
2026-10-10T21:59:04.4557723Z ##[endgroup]
2026-10-10T21:59:04.4558615Z ##[group]Fetching the repository
2026-10-10T21:59:04.4575788Z [command]"C:\Program Files\Git\bin\git.exe" -c protocol.version=2 fetch --no-tags --prune --no-recurse-submodules --depth=1 origin +741efd94080cfd7135c4b85e94a219a7962d31e3:refs/remotes/pull/46/merge
2026-10-10T21:59:06.8147348Z From https://github.com/milos-agathon/forge3d-web
2026-10-10T21:59:06.8148168Z  * [new ref]         741efd94080cfd7135c4b85e94a219a7962d31e3 -> pull/46/merge
2026-10-10T21:59:06.8193875Z ##[endgroup]
2026-10-10T21:59:06.8194872Z ##[group]Determining the checkout info
2026-10-10T21:59:06.8195944Z ##[endgroup]
2026-10-10T21:59:06.8206142Z [command]"C:\Program Files\Git\bin\git.exe" sparse-checkout disable
2026-10-10T21:59:06.8641759Z [command]"C:\Program Files\Git\bin\git.exe" config --local --unset-all extensions.worktreeConfig
2026-10-10T21:59:06.8967157Z ##[group]Checking out the ref
2026-10-10T21:59:06.8975319Z [command]"C:\Program Files\Git\bin\git.exe" checkout --progress --force refs/remotes/pull/46/merge
2026-10-10T21:59:07.9929565Z Updating files:  81% (2715/3349)
2026-10-10T21:59:08.0062556Z Updating files:  82% (2747/3349)
2026-10-10T21:59:08.0154694Z Updating files:  83% (2780/3349)
2026-10-10T21:59:08.0242384Z Updating files:  84% (2814/3349)
2026-10-10T21:59:08.0336392Z Updating files:  85% (2847/3349)
2026-10-10T21:59:08.0431004Z Updating files:  86% (2881/3349)
2026-10-10T21:59:08.0658127Z Updating files:  87% (2914/3349)
2026-10-10T21:59:08.0859635Z Updating files:  88% (2948/3349)
2026-10-10T21:59:08.0966302Z Updating files:  89% (2981/3349)
2026-10-10T21:59:08.1061080Z Updating files:  90% (3015/3349)
2026-10-10T21:59:08.1169543Z Updating files:  91% (3048/3349)
2026-10-10T21:59:08.1252704Z Updating files:  92% (3082/3349)
2026-10-10T21:59:08.1390489Z Updating files:  93% (3115/3349)
2026-10-10T21:59:08.1489299Z Updating files:  94% (3149/3349)
2026-10-10T21:59:08.1561790Z Updating files:  95% (3182/3349)
2026-10-10T21:59:08.1634227Z Updating files:  96% (3216/3349)
2026-10-10T21:59:08.1736785Z Updating files:  97% (3249/3349)
2026-10-10T21:59:08.1827140Z Updating files:  98% (3283/3349)
2026-10-10T21:59:08.1909519Z Updating files:  99% (3316/3349)
2026-10-10T21:59:08.1909983Z Updating files: 100% (3349/3349)
2026-10-10T21:59:08.1910320Z Updating files: 100% (3349/3349), done.
2026-10-10T21:59:08.2048949Z Note: switching to 'refs/remotes/pull/46/merge'.
2026-10-10T21:59:08.2049220Z 
2026-10-10T21:59:08.2049438Z You are in 'detached HEAD' state. You can look around, make experimental
2026-10-10T21:59:08.2049933Z changes and commit them, and you can discard any commits you make in this
2026-10-10T21:59:08.2050424Z state without impacting any branches by switching back to a branch.
2026-10-10T21:59:08.2050691Z 
2026-10-10T21:59:08.2050868Z If you want to create a new branch to retain commits you create, you may
2026-10-10T21:59:08.2051634Z do so (now or later) by using -c with the switch command. Example:
2026-10-10T21:59:08.2052104Z 
2026-10-10T21:59:08.2052541Z   git switch -c <new-branch-name>
2026-10-10T21:59:08.2052852Z 
2026-10-10T21:59:08.2053028Z Or undo this operation with:
2026-10-10T21:59:08.2053306Z 
2026-10-10T21:59:08.2053385Z   git switch -
2026-10-10T21:59:08.2053496Z 
2026-10-10T21:59:08.2053720Z Turn off this advice by setting config variable advice.detachedHead to false
2026-10-10T21:59:08.2054068Z 
2026-10-10T21:59:08.2054416Z HEAD is now at 741efd9 Merge a5d3a8f4e9cdba1cfcafd6ff2b40961b51064638 into fafac36f4061f8a9e556d70c4be5d5a33e052239
2026-10-10T21:59:08.2205566Z ##[endgroup]
2026-10-10T21:59:08.2634658Z [command]"C:\Program Files\Git\bin\git.exe" log -1 --format=%H
2026-10-10T21:59:08.2921159Z 741efd94080cfd7135c4b85e94a219a7962d31e3
2026-10-10T21:59:08.3490161Z ##[group]Run dtolnay/rust-toolchain@4cda84d5c5c54efe2404f9d843567869ab1699d4
2026-10-10T21:59:08.3490615Z with:
2026-10-10T21:59:08.3490815Z   targets: wasm32-unknown-unknown
2026-10-10T21:59:08.3491057Z   toolchain: stable
2026-10-10T21:59:08.3491233Z env:
2026-10-10T21:59:08.3491396Z   CARGO_TERM_COLOR: always
2026-10-10T21:59:08.3491596Z   RUST_BACKTRACE: 1
2026-10-10T21:59:08.3491768Z ##[endgroup]
2026-10-10T21:59:08.3585342Z ##[start-action display=Run : parse toolchain version;id=__dtolnay_rust-toolchain.parse]
2026-10-10T21:59:08.3759783Z ##[group]Run : parse toolchain version
2026-10-10T21:59:08.3760133Z [36;1m: parse toolchain version[0m
2026-10-10T21:59:08.3760402Z [36;1mif [[ -z $toolchain ]]; then[0m
2026-10-10T21:59:08.3760913Z [36;1m  # GitHub does not enforce `required: true` inputs itself. https://github.com/actions/runner/issues/1070[0m
2026-10-10T21:59:08.3761456Z [36;1m  echo "'toolchain' is a required input" >&2[0m
2026-10-10T21:59:08.3761804Z [36;1m  exit 1[0m
2026-10-10T21:59:08.3762114Z [36;1melif [[ $toolchain =~ ^stable' '[0-9]+' '(year|month|week|day)s?' 'ago$ ]]; then[0m
2026-10-10T21:59:08.3762501Z [36;1m  if [[ Windows == macOS ]]; then[0m
2026-10-10T21:59:08.3763009Z [36;1m    echo "toolchain=1.$((($(date -v-$(sed 's/stable \([0-9]*\) \(.\).*/\1\2/' <<< $toolchain) +%s)/60/60/24-16569)/7/6))" >> $GITHUB_OUTPUT[0m
2026-10-10T21:59:08.3763507Z [36;1m  else[0m
2026-10-10T21:59:08.3763886Z [36;1m    echo "toolchain=1.$((($(date --date "${toolchain#stable }" +%s)/60/60/24-16569)/7/6))" >> $GITHUB_OUTPUT[0m
2026-10-10T21:59:08.3764374Z [36;1m  fi[0m
2026-10-10T21:59:08.3764643Z [36;1melif [[ $toolchain =~ ^stable' 'minus' '[0-9]+' 'releases?$ ]]; then[0m
2026-10-10T21:59:08.3765148Z [36;1m  echo "toolchain=1.$((($(date +%s)/60/60/24-16569)/7/6-${toolchain//[^0-9]/}))" >> $GITHUB_OUTPUT[0m
2026-10-10T21:59:08.3765583Z [36;1melif [[ $toolchain =~ ^1\.[0-9]+$ ]]; then[0m
2026-10-10T21:59:08.3766317Z [36;1m  echo "toolchain=1.$((i=${toolchain#1.}, c=($(date +%s)/60/60/24-16569)/7/6, i+9*i*(10*i<=c)+90*i*(100*i<=c)))" >> $GITHUB_OUTPUT[0m
2026-10-10T21:59:08.3766790Z [36;1melse[0m
2026-10-10T21:59:08.3767009Z [36;1m  echo "toolchain=$toolchain" >> $GITHUB_OUTPUT[0m
2026-10-10T21:59:08.3767282Z [36;1mfi[0m
2026-10-10T21:59:08.3791838Z shell: C:\Program Files\Git\bin\bash.EXE --noprofile --norc -e -o pipefail {0}
2026-10-10T21:59:08.3792302Z env:
2026-10-10T21:59:08.3792503Z   CARGO_TERM_COLOR: always
2026-10-10T21:59:08.3792830Z   RUST_BACKTRACE: 1
2026-10-10T21:59:08.3793349Z   toolchain: stable
2026-10-10T21:59:08.3793658Z ##[endgroup]
2026-10-10T21:59:08.5477742Z ##[end-action id=__dtolnay_rust-toolchain.parse;outcome=success;conclusion=success;duration_ms=189]
2026-10-10T21:59:08.5501854Z ##[start-action display=Run : construct rustup command line;id=__dtolnay_rust-toolchain.flags]
2026-10-10T21:59:08.5678388Z ##[group]Run : construct rustup command line
2026-10-10T21:59:08.5678745Z [36;1m: construct rustup command line[0m
2026-10-10T21:59:08.5679173Z [36;1mecho "targets=$(for t in ${targets//,/ }; do echo -n ' --target' $t; done)" >> $GITHUB_OUTPUT[0m
2026-10-10T21:59:08.5679784Z [36;1mecho "components=$(for c in ${components//,/ }; do echo -n ' --component' $c; done)" >> $GITHUB_OUTPUT[0m
2026-10-10T21:59:08.5680243Z [36;1mecho "downgrade=" >> $GITHUB_OUTPUT[0m
2026-10-10T21:59:08.5696190Z shell: C:\Program Files\Git\bin\bash.EXE --noprofile --norc -e -o pipefail {0}
2026-10-10T21:59:08.5696572Z env:
2026-10-10T21:59:08.5696750Z   CARGO_TERM_COLOR: always
2026-10-10T21:59:08.5696961Z   RUST_BACKTRACE: 1
2026-10-10T21:59:08.5697915Z   targets: wasm32-unknown-unknown
2026-10-10T21:59:08.5698155Z   components: 
2026-10-10T21:59:08.5698329Z ##[endgroup]
2026-10-10T21:59:08.6375016Z ##[end-action id=__dtolnay_rust-toolchain.flags;outcome=success;conclusion=success;duration_ms=87]
2026-10-10T21:59:08.6381959Z ##[start-action display=Run : set $CARGO_HOME;id=__dtolnay_rust-toolchain.__run]
2026-10-10T21:59:08.6575997Z ##[group]Run : set $CARGO_HOME
2026-10-10T21:59:08.6576254Z [36;1m: set $CARGO_HOME[0m
2026-10-10T21:59:08.6576585Z [36;1mecho CARGO_HOME=${CARGO_HOME:-"$USERPROFILE\.cargo"} >> $GITHUB_ENV[0m
2026-10-10T21:59:08.6591876Z shell: C:\Program Files\Git\bin\bash.EXE --noprofile --norc -e -o pipefail {0}
2026-10-10T21:59:08.6592260Z env:
2026-10-10T21:59:08.6592433Z   CARGO_TERM_COLOR: always
2026-10-10T21:59:08.6593097Z   RUST_BACKTRACE: 1
2026-10-10T21:59:08.6593280Z ##[endgroup]
2026-10-10T21:59:08.7013548Z ##[end-action id=__dtolnay_rust-toolchain.__run;outcome=success;conclusion=success;duration_ms=63]
2026-10-10T21:59:08.7016541Z ##[start-action display=Run : install rustup if needed;id=__dtolnay_rust-toolchain.__run_2]
2026-10-10T21:59:08.7027407Z ##[end-action id=__dtolnay_rust-toolchain.__run_2;outcome=skipped;conclusion=skipped;duration_ms=0]
2026-10-10T21:59:08.7031273Z ##[start-action display=Run : install rustup if needed on windows;id=__dtolnay_rust-toolchain.__run_3]
2026-10-10T21:59:08.7177472Z ##[group]Run : install rustup if needed on windows
2026-10-10T21:59:08.7177814Z [36;1m: install rustup if needed on windows[0m
2026-10-10T21:59:08.7178111Z [36;1mif ! command -v rustup &>/dev/null; then[0m
2026-10-10T21:59:08.7178855Z [36;1m  curl --proto '=https' --tlsv1.2 --retry 10 --retry-connrefused --location --silent --show-error --fail https://win.rustup.rs/x86_64 --output 'D:\a\_temp\rustup-init.exe'[0m
2026-10-10T21:59:08.7179714Z [36;1m  'D:\a\_temp\rustup-init.exe' --default-toolchain none --no-modify-path -y[0m
2026-10-10T21:59:08.7180123Z [36;1m  echo "$CARGO_HOME\bin" >> $GITHUB_PATH[0m
2026-10-10T21:59:08.7180381Z [36;1mfi[0m
2026-10-10T21:59:08.7195797Z shell: C:\Program Files\Git\bin\bash.EXE --noprofile --norc -e -o pipefail {0}
2026-10-10T21:59:08.7196178Z env:
2026-10-10T21:59:08.7196345Z   CARGO_TERM_COLOR: always
2026-10-10T21:59:08.7196553Z   RUST_BACKTRACE: 1
2026-10-10T21:59:08.7196960Z   CARGO_HOME: C:\Users\runneradmin\.cargo
2026-10-10T21:59:08.7197204Z ##[endgroup]
2026-10-10T21:59:08.7730565Z ##[end-action id=__dtolnay_rust-toolchain.__run_3;outcome=success;conclusion=success;duration_ms=69]
2026-10-10T21:59:08.7735391Z ##[start-action display=rustup toolchain install stable;id=__dtolnay_rust-toolchain.__run_4]
2026-10-10T21:59:08.7887440Z ##[group]Run rustup toolchain install stable --target wasm32-unknown-unknown --profile minimal --no-self-update
2026-10-10T21:59:08.7888191Z [36;1mrustup toolchain install stable --target wasm32-unknown-unknown --profile minimal --no-self-update[0m
2026-10-10T21:59:08.7904932Z shell: C:\Program Files\Git\bin\bash.EXE --noprofile --norc -e -o pipefail {0}
2026-10-10T21:59:08.7905311Z env:
2026-10-10T21:59:08.7905483Z   CARGO_TERM_COLOR: always
2026-10-10T21:59:08.7905694Z   RUST_BACKTRACE: 1
2026-10-10T21:59:08.7905898Z   CARGO_HOME: C:\Users\runneradmin\.cargo
2026-10-10T21:59:08.7906156Z   RUSTUP_PERMIT_COPY_RENAME: 1
2026-10-10T21:59:08.7906387Z ##[endgroup]
2026-10-10T21:59:11.8505985Z info: syncing channel updates for stable-x86_64-pc-windows-msvc
2026-10-10T21:59:12.3444485Z info: latest update on 2026-10-01 for version 1.99.0 (b940084d7 2026-09-28)
2026-10-10T21:59:12.3773255Z info: removing previous version of component rustfmt
2026-10-10T21:59:12.3980837Z info: removing previous version of component clippy
2026-10-10T21:59:12.4214937Z info: removing previous version of component rust-std for target x86_64-pc-windows-gnu
2026-10-10T21:59:12.5403179Z info: removing previous version of component rust-std for target i686-pc-windows-msvc
2026-10-10T21:59:12.6510080Z info: removing previous version of component cargo
2026-10-10T21:59:12.7338969Z info: removing previous version of component rust-std
2026-10-10T21:59:12.8226167Z info: removing previous version of component rustc
2026-10-10T21:59:12.9333952Z info: downloading 8 components
2026-10-10T21:59:28.4128421Z 
2026-10-10T21:59:28.4434217Z   stable-x86_64-pc-windows-msvc updated - rustc 1.99.0 (b940084d7 2026-09-28) (from rustc 1.98.1 (48a229cea 2026-09-01))
2026-10-10T21:59:28.4435943Z 
2026-10-10T21:59:28.4542525Z ##[end-action id=__dtolnay_rust-toolchain.__run_4;outcome=success;conclusion=success;duration_ms=19680]
2026-10-10T21:59:28.4548110Z ##[start-action display=Run rustup default stable;id=__dtolnay_rust-toolchain.__run_5]
2026-10-10T21:59:28.4688718Z ##[group]Run rustup default stable
2026-10-10T21:59:28.4688990Z [36;1mrustup default stable[0m
2026-10-10T21:59:28.4705337Z shell: C:\Program Files\Git\bin\bash.EXE --noprofile --norc -e -o pipefail {0}
2026-10-10T21:59:28.4705738Z env:
2026-10-10T21:59:28.4705914Z   CARGO_TERM_COLOR: always
2026-10-10T21:59:28.4706125Z   RUST_BACKTRACE: 1
2026-10-10T21:59:28.4706331Z   CARGO_HOME: C:\Users\runneradmin\.cargo
2026-10-10T21:59:28.4706574Z ##[endgroup]
2026-10-10T21:59:28.5426809Z info: using existing install for stable-x86_64-pc-windows-msvc
2026-10-10T21:59:28.5464550Z info: default toolchain set to stable-x86_64-pc-windows-msvc
2026-10-10T21:59:28.5504786Z 
2026-10-10T21:59:28.5720261Z   stable-x86_64-pc-windows-msvc unchanged - rustc 1.99.0 (b940084d7 2026-09-28)
2026-10-10T21:59:28.5720635Z 
2026-10-10T21:59:28.6361614Z ##[end-action id=__dtolnay_rust-toolchain.__run_5;outcome=success;conclusion=success;duration_ms=181]
2026-10-10T21:59:28.6366075Z ##[start-action display=Run : create cachekey;id=__dtolnay_rust-toolchain.rustc-version]
2026-10-10T21:59:28.6500558Z ##[group]Run : create cachekey
2026-10-10T21:59:28.6500842Z [36;1m: create cachekey[0m
2026-10-10T21:59:28.6501333Z [36;1mDATE=$(rustc +stable --version --verbose | sed -ne 's/^commit-date: \(20[0-9][0-9]\)-\([01][0-9]\)-\([0-3][0-9]\)$/\1\2\3/p')[0m
2026-10-10T21:59:28.6501965Z [36;1mHASH=$(rustc +stable --version --verbose | sed -ne 's/^commit-hash: //p')[0m
2026-10-10T21:59:28.6502437Z [36;1mecho "cachekey=$(echo $DATE$HASH | head -c12)" >> $GITHUB_OUTPUT[0m
2026-10-10T21:59:28.6518563Z shell: C:\Program Files\Git\bin\bash.EXE --noprofile --norc -e -o pipefail {0}
2026-10-10T21:59:28.6518953Z env:
2026-10-10T21:59:28.6519121Z   CARGO_TERM_COLOR: always
2026-10-10T21:59:28.6519333Z   RUST_BACKTRACE: 1
2026-10-10T21:59:28.6519539Z   CARGO_HOME: C:\Users\runneradmin\.cargo
2026-10-10T21:59:28.6519787Z ##[endgroup]
2026-10-10T21:59:29.4248302Z ##[end-action id=__dtolnay_rust-toolchain.rustc-version;outcome=success;conclusion=success;duration_ms=788]
2026-10-10T21:59:29.4250789Z ##[start-action display=Run : disable incremental compilation;id=__dtolnay_rust-toolchain.__run_6]
2026-10-10T21:59:29.4405121Z ##[group]Run : disable incremental compilation
2026-10-10T21:59:29.4405466Z [36;1m: disable incremental compilation[0m
2026-10-10T21:59:29.4405761Z [36;1mif [ -z "${CARGO_INCREMENTAL+set}" ]; then[0m
2026-10-10T21:59:29.4406062Z [36;1m  echo CARGO_INCREMENTAL=0 >> $GITHUB_ENV[0m
2026-10-10T21:59:29.4406315Z [36;1mfi[0m
2026-10-10T21:59:29.4421155Z shell: C:\Program Files\Git\bin\bash.EXE --noprofile --norc -e -o pipefail {0}
2026-10-10T21:59:29.4421559Z env:
2026-10-10T21:59:29.4421727Z   CARGO_TERM_COLOR: always
2026-10-10T21:59:29.4421932Z   RUST_BACKTRACE: 1
2026-10-10T21:59:29.4422139Z   CARGO_HOME: C:\Users\runneradmin\.cargo
2026-10-10T21:59:29.4422388Z ##[endgroup]
2026-10-10T21:59:29.4880389Z ##[end-action id=__dtolnay_rust-toolchain.__run_6;outcome=success;conclusion=success;duration_ms=62]
2026-10-10T21:59:29.4884060Z ##[start-action display=Run : enable colors in Cargo output;id=__dtolnay_rust-toolchain.__run_7]
2026-10-10T21:59:29.5061449Z ##[group]Run : enable colors in Cargo output
2026-10-10T21:59:29.5061983Z [36;1m: enable colors in Cargo output[0m
2026-10-10T21:59:29.5062499Z [36;1mif [ -z "${CARGO_TERM_COLOR+set}" ]; then[0m
2026-10-10T21:59:29.5063067Z [36;1m  echo CARGO_TERM_COLOR=always >> $GITHUB_ENV[0m
2026-10-10T21:59:29.5063536Z [36;1mfi[0m
2026-10-10T21:59:29.5088615Z shell: C:\Program Files\Git\bin\bash.EXE --noprofile --norc -e -o pipefail {0}
2026-10-10T21:59:29.5089343Z env:
2026-10-10T21:59:29.5089719Z   CARGO_TERM_COLOR: always
2026-10-10T21:59:29.5089950Z   RUST_BACKTRACE: 1
2026-10-10T21:59:29.5090171Z   CARGO_HOME: C:\Users\runneradmin\.cargo
2026-10-10T21:59:29.5090423Z   CARGO_INCREMENTAL: 0
2026-10-10T21:59:29.5090609Z ##[endgroup]
2026-10-10T21:59:29.5513186Z ##[end-action id=__dtolnay_rust-toolchain.__run_7;outcome=success;conclusion=success;duration_ms=62]
2026-10-10T21:59:29.5517984Z ##[start-action display=Run : enable Cargo sparse registry;id=__dtolnay_rust-toolchain.__run_8]
2026-10-10T21:59:29.5652315Z ##[group]Run : enable Cargo sparse registry
2026-10-10T21:59:29.5652635Z [36;1m: enable Cargo sparse registry[0m
2026-10-10T21:59:29.5652972Z [36;1m# implemented in 1.66, stabilized in 1.68, made default in 1.70[0m
2026-10-10T21:59:29.5653620Z [36;1mif [ -z "${CARGO_REGISTRIES_CRATES_IO_PROTOCOL+set}" -o -f "D:\a\_temp"/.implicit_cargo_registries_crates_io_protocol ]; then[0m
2026-10-10T21:59:29.5654301Z [36;1m  if rustc +stable --version --verbose | grep -q '^release: 1\.6[89]\.'; then[0m
2026-10-10T21:59:29.5654788Z [36;1m    touch "D:\a\_temp"/.implicit_cargo_registries_crates_io_protocol || true[0m
2026-10-10T21:59:29.5655243Z [36;1m    echo CARGO_REGISTRIES_CRATES_IO_PROTOCOL=sparse >> $GITHUB_ENV[0m
2026-10-10T21:59:29.5655892Z [36;1m  elif rustc +stable --version --verbose | grep -q '^release: 1\.6[67]\.'; then[0m
2026-10-10T21:59:29.5656487Z [36;1m    touch "D:\a\_temp"/.implicit_cargo_registries_crates_io_protocol || true[0m
2026-10-10T21:59:29.5656926Z [36;1m    echo CARGO_REGISTRIES_CRATES_IO_PROTOCOL=git >> $GITHUB_ENV[0m
2026-10-10T21:59:29.5657445Z [36;1m  fi[0m
2026-10-10T21:59:29.5657616Z [36;1mfi[0m
2026-10-10T21:59:29.5672312Z shell: C:\Program Files\Git\bin\bash.EXE --noprofile --norc -e -o pipefail {0}
2026-10-10T21:59:29.5672692Z env:
2026-10-10T21:59:29.5672862Z   CARGO_TERM_COLOR: always
2026-10-10T21:59:29.5673068Z   RUST_BACKTRACE: 1
2026-10-10T21:59:29.5673456Z   CARGO_HOME: C:\Users\runneradmin\.cargo
2026-10-10T21:59:29.5673717Z   CARGO_INCREMENTAL: 0
2026-10-10T21:59:29.5673907Z ##[endgroup]
2026-10-10T21:59:29.7923102Z ##[end-action id=__dtolnay_rust-toolchain.__run_8;outcome=success;conclusion=success;duration_ms=240]
2026-10-10T21:59:29.7927185Z ##[start-action display=Run : work around spurious network errors in curl 8.0;id=__dtolnay_rust-toolchain.__run_9]
2026-10-10T21:59:29.8306763Z ##[group]Run : work around spurious network errors in curl 8.0
2026-10-10T21:59:29.8307177Z [36;1m: work around spurious network errors in curl 8.0[0m
2026-10-10T21:59:29.8307719Z [36;1m# https://rust-lang.zulipchat.com/#narrow/stream/246057-t-cargo/topic/timeout.20investigation[0m
2026-10-10T21:59:29.8308332Z [36;1mif rustc +stable --version --verbose | grep -q '^release: 1\.7[01]\.'; then[0m
2026-10-10T21:59:29.8308764Z [36;1m  echo CARGO_HTTP_MULTIPLEXING=false >> $GITHUB_ENV[0m
2026-10-10T21:59:29.8309049Z [36;1mfi[0m
2026-10-10T21:59:29.8324839Z shell: C:\Program Files\Git\bin\bash.EXE --noprofile --norc -e -o pipefail {0}
2026-10-10T21:59:29.8325215Z env:
2026-10-10T21:59:29.8325379Z   CARGO_TERM_COLOR: always
2026-10-10T21:59:29.8325581Z   RUST_BACKTRACE: 1
2026-10-10T21:59:29.8325782Z   CARGO_HOME: C:\Users\runneradmin\.cargo
2026-10-10T21:59:29.8326029Z   CARGO_INCREMENTAL: 0
2026-10-10T21:59:29.8326235Z ##[endgroup]
2026-10-10T21:59:29.9823616Z ##[end-action id=__dtolnay_rust-toolchain.__run_9;outcome=success;conclusion=success;duration_ms=189]
2026-10-10T21:59:29.9827940Z ##[start-action display=Run rustc +stable --version --verbose;id=__dtolnay_rust-toolchain.__run_10]
2026-10-10T21:59:29.9961900Z ##[group]Run rustc +stable --version --verbose
2026-10-10T21:59:29.9962220Z [36;1mrustc +stable --version --verbose[0m
2026-10-10T21:59:29.9977661Z shell: C:\Program Files\Git\bin\bash.EXE --noprofile --norc -e -o pipefail {0}
2026-10-10T21:59:29.9978037Z env:
2026-10-10T21:59:29.9978201Z   CARGO_TERM_COLOR: always
2026-10-10T21:59:29.9978419Z   RUST_BACKTRACE: 1
2026-10-10T21:59:29.9978786Z   CARGO_HOME: C:\Users\runneradmin\.cargo
2026-10-10T21:59:29.9979047Z   CARGO_INCREMENTAL: 0
2026-10-10T21:59:29.9979232Z ##[endgroup]
2026-10-10T21:59:30.0851355Z rustc 1.99.0 (b940084d7 2026-09-28)
2026-10-10T21:59:30.0851910Z binary: rustc
2026-10-10T21:59:30.0852387Z commit-hash: b940084d7eb6a299eb4bfeb8e34901bc051e7ac4
2026-10-10T21:59:30.0852989Z commit-date: 2026-09-28
2026-10-10T21:59:30.0853336Z host: x86_64-pc-windows-msvc
2026-10-10T21:59:30.0853782Z release: 1.99.0
2026-10-10T21:59:30.0854897Z LLVM version: 23.1.1
2026-10-10T21:59:30.0986338Z ##[end-action id=__dtolnay_rust-toolchain.__run_10;outcome=success;conclusion=success;duration_ms=115]
2026-10-10T21:59:30.1204425Z ##[group]Run actions/setup-node@49933ea5288caeca8642d1e84afbd3f7d6820020
2026-10-10T21:59:30.1204869Z with:
2026-10-10T21:59:30.1205054Z   node-version: 20.19.0
2026-10-10T21:59:30.1205257Z   cache: npm
2026-10-10T21:59:30.1205521Z   cache-dependency-path: crates/forge3d-web/package-lock.json
2026-10-10T21:59:30.1205869Z   always-auth: false
2026-10-10T21:59:30.1206067Z   check-latest: false
2026-10-10T21:59:30.1208613Z   token: ***
2026-10-10T21:59:30.1208790Z env:
2026-10-10T21:59:30.1208951Z   CARGO_TERM_COLOR: always
2026-10-10T21:59:30.1209159Z   RUST_BACKTRACE: 1
2026-10-10T21:59:30.1209360Z   CARGO_HOME: C:\Users\runneradmin\.cargo
2026-10-10T21:59:30.1209612Z   CARGO_INCREMENTAL: 0
2026-10-10T21:59:30.1209797Z ##[endgroup]
2026-10-10T21:59:30.2985709Z Attempting to download 20.19.0...
2026-10-10T21:59:30.3185496Z (node:9332) [DEP0040] DeprecationWarning: The `punycode` module is deprecated. Please use a userland alternative instead.
2026-10-10T21:59:30.3187948Z (Use `node --trace-deprecation ...` to show where the warning was created)
2026-10-10T21:59:30.9634794Z Acquiring 20.19.0 - x64 from https://github.com/actions/node-versions/releases/download/20.19.0-13838090974/node-20.19.0-win32-x64.7z
2026-10-10T21:59:31.2341252Z Extracting ...
2026-10-10T21:59:33.5733872Z Adding to the cache ...
2026-10-10T21:59:37.2815284Z ##[group]Environment details
2026-10-10T21:59:38.3726134Z node: v20.19.0
2026-10-10T21:59:38.3726438Z npm: 10.8.2
2026-10-10T21:59:38.3726608Z yarn: 1.22.22
2026-10-10T21:59:38.3727046Z ##[endgroup]
2026-10-10T21:59:38.4502498Z [command]C:\Windows\system32\cmd.exe /D /S /C "C:\hostedtoolcache\windows\node\20.19.0\x64\npm.cmd config get cache"
2026-10-10T21:59:38.7813199Z C:\npm\cache
2026-10-10T21:59:39.0582030Z Cache hit for: node-cache-Windows-x64-npm-6eab7470fdf65070d11082aea6a3abafbfdd116475f06484d7321326761b0956
2026-10-10T21:59:39.0705395Z (node:9332) [DEP0169] DeprecationWarning: `url.parse()` behavior is not standardized and prone to errors that have security implications. Use the WHATWG URL API instead. CVEs are not issued for `url.parse()` vulnerabilities.
2026-10-10T21:59:39.9740185Z Received 85862153 of 85862153 (100.0%), 103.4 MBs/sec
2026-10-10T21:59:39.9743432Z Cache Size: ~82 MB (85862153 B)
2026-10-10T21:59:39.9836781Z [command]"C:\Program Files\Git\usr\bin\tar.exe" -xf D:/a/_temp/2b1538a7-51d9-4d6c-b9f1-d77752b73cd6/cache.tzst -P -C D:/a/forge3d-web/forge3d-web --force-local --use-compress-program "zstd -d"
2026-10-10T21:59:45.1509959Z Cache restored successfully
2026-10-10T21:59:45.1581272Z Cache restored from key: node-cache-Windows-x64-npm-6eab7470fdf65070d11082aea6a3abafbfdd116475f06484d7321326761b0956
2026-10-10T21:59:45.1904171Z ##[group]Run npm run verify:parity
2026-10-10T21:59:45.1904535Z [36;1mnpm run verify:parity[0m
2026-10-10T21:59:45.2456793Z shell: C:\Program Files\PowerShell\7\pwsh.EXE -command ". '{0}'"
2026-10-10T21:59:45.2457284Z env:
2026-10-10T21:59:45.2457527Z   CARGO_TERM_COLOR: always
2026-10-10T21:59:45.2457830Z   RUST_BACKTRACE: 1
2026-10-10T21:59:45.2458124Z   CARGO_HOME: C:\Users\runneradmin\.cargo
2026-10-10T21:59:45.2458487Z   CARGO_INCREMENTAL: 0
2026-10-10T21:59:45.2459169Z ##[endgroup]
2026-10-10T21:59:45.9572860Z 
2026-10-10T21:59:45.9580651Z > @forge3d/web@1.26.3 verify:parity
2026-10-10T21:59:45.9581633Z > node --test tests/parity/verify-parity-manifest.test.mjs && node ../../scripts/verify-parity-manifest.mjs
2026-10-10T21:59:45.9582188Z 
2026-10-10T21:59:46.0452220Z TAP version 13
2026-10-10T21:59:50.1867001Z # Subtest: accepts the exhaustive stored W00 baseline
2026-10-10T21:59:50.1877758Z ok 1 - accepts the exhaustive stored W00 baseline
2026-10-10T21:59:50.1880442Z   ---
2026-10-10T21:59:50.1881097Z   duration_ms: 327.2321
2026-10-10T21:59:50.1881492Z   ...
2026-10-10T21:59:50.1888428Z # Subtest: locks npm and CI to the required pre-build parity gate
2026-10-10T21:59:50.1894218Z ok 2 - locks npm and CI to the required pre-build parity gate
2026-10-10T21:59:50.1912626Z   ---
2026-10-10T21:59:50.1914622Z   duration_ms: 1.0291
2026-10-10T21:59:50.1915199Z   ...
2026-10-10T21:59:50.1922972Z # Subtest: rejects a duplicate artifact mapping
2026-10-10T21:59:50.1936689Z ok 3 - rejects a duplicate artifact mapping
2026-10-10T21:59:50.1937593Z   ---
2026-10-10T21:59:50.1938890Z   duration_ms: 309.1029
2026-10-10T21:59:50.1939517Z   ...
2026-10-10T21:59:50.1940121Z # Subtest: rejects an inventory artifact without a mapping
2026-10-10T21:59:50.1941022Z ok 4 - rejects an inventory artifact without a mapping
2026-10-10T21:59:50.1941912Z   ---
2026-10-10T21:59:50.1942281Z   duration_ms: 291.6797
2026-10-10T21:59:50.1942928Z   ...
2026-10-10T21:59:50.1943573Z # Subtest: rejects a mapping to an unresolved capability
2026-10-10T21:59:50.1944354Z ok 5 - rejects a mapping to an unresolved capability
2026-10-10T21:59:50.1944893Z   ---
2026-10-10T21:59:50.1945299Z   duration_ms: 277.0907
2026-10-10T21:59:50.1945670Z   ...
2026-10-10T21:59:50.1946199Z # Subtest: rejects blank owner, evidence, and test fields
2026-10-10T21:59:50.1946998Z ok 6 - rejects blank owner, evidence, and test fields
2026-10-10T21:59:50.1948551Z   ---
2026-10-10T21:59:50.1948931Z   duration_ms: 285.0842
2026-10-10T21:59:50.1949413Z   ...
2026-10-10T21:59:50.1950668Z # Subtest: rejects a lock-controlled consumer without its dependency entry
2026-10-10T21:59:50.1951697Z ok 7 - rejects a lock-controlled consumer without its dependency entry
2026-10-10T21:59:50.1952364Z   ---
2026-10-10T21:59:50.1952704Z   duration_ms: 285.1827
2026-10-10T21:59:50.1953063Z   ...
2026-10-10T21:59:50.1953641Z # Subtest: rejects a non-exact lock-controlled consumer version
2026-10-10T21:59:50.1954539Z ok 8 - rejects a non-exact lock-controlled consumer version
2026-10-10T21:59:50.1955148Z   ---
2026-10-10T21:59:50.1955476Z   duration_ms: 287.7401
2026-10-10T21:59:50.1955845Z   ...
2026-10-10T21:59:50.1956448Z # Subtest: rejects a missing fixture tolerance and profile budget
2026-10-10T21:59:50.1957343Z ok 9 - rejects a missing fixture tolerance and profile budget
2026-10-10T21:59:50.1958592Z   ---
2026-10-10T21:59:50.1959427Z   duration_ms: 271.8245
2026-10-10T21:59:50.1959814Z   ...
2026-10-10T21:59:50.1960484Z # Subtest: rejects a fixture generator digest that does not match its contract
2026-10-10T21:59:50.1961598Z ok 10 - rejects a fixture generator digest that does not match its contract
2026-10-10T21:59:50.1962293Z   ---
2026-10-10T21:59:50.1962630Z   duration_ms: 302.0759
2026-10-10T21:59:50.1963358Z   ...
2026-10-10T21:59:50.1963942Z # Subtest: rejects incomplete reference hardware contracts
2026-10-10T21:59:50.1965133Z ok 11 - rejects incomplete reference hardware contracts
2026-10-10T21:59:50.1969970Z   ---
2026-10-10T21:59:50.1970421Z   duration_ms: 277.5955
2026-10-10T21:59:50.1970781Z   ...
2026-10-10T21:59:50.1971438Z # Subtest: rejects a discrete profile without timestamp-query
2026-10-10T21:59:50.1972349Z ok 12 - rejects a discrete profile without timestamp-query
2026-10-10T21:59:50.1972904Z   ---
2026-10-10T21:59:50.1973221Z   duration_ms: 295.3329
2026-10-10T21:59:50.1973613Z   ...
2026-10-10T21:59:50.1974103Z # Subtest: rejects stale stored evidence digests
2026-10-10T21:59:50.1974757Z ok 13 - rejects stale stored evidence digests
2026-10-10T21:59:50.1975103Z   ---
2026-10-10T21:59:50.1975451Z   duration_ms: 282.1352
2026-10-10T21:59:50.1975670Z   ...
2026-10-10T21:59:50.1976073Z # Subtest: rejects experimental dependency entries without risk reviews
2026-10-10T21:59:50.1976883Z ok 14 - rejects experimental dependency entries without risk reviews
2026-10-10T21:59:50.1977569Z   ---
2026-10-10T21:59:50.1977819Z   duration_ms: 289.8828
2026-10-10T21:59:50.1978035Z   ...
2026-10-10T21:59:50.1979621Z # Subtest: rejects EXR when the WASM rayon exclusion drifts
2026-10-10T21:59:50.1981230Z ok 15 - rejects EXR when the WASM rayon exclusion drifts
2026-10-10T21:59:50.1982222Z   ---
2026-10-10T21:59:50.1982684Z   duration_ms: 284.5737
2026-10-10T21:59:50.1983024Z   ...
2026-10-10T21:59:50.2143122Z 1..15
2026-10-10T21:59:50.2144089Z # tests 15
2026-10-10T21:59:50.2147436Z # suites 0
2026-10-10T21:59:50.2147962Z # pass 15
2026-10-10T21:59:50.2149829Z # fail 0
2026-10-10T21:59:50.2150262Z # cancelled 0
2026-10-10T21:59:50.2151005Z # skipped 0
2026-10-10T21:59:50.2151497Z # todo 0
2026-10-10T21:59:50.2160106Z # duration_ms 4185.2802
2026-10-10T21:59:50.6944111Z {
2026-10-10T21:59:50.6944555Z   "ok": true,
2026-10-10T21:59:50.6944959Z   "capabilities": 84,
2026-10-10T21:59:50.6945363Z   "constraints": 7,
2026-10-10T21:59:50.6946057Z   "inventoryRecords": 6531,
2026-10-10T21:59:50.6946512Z   "mappings": 6531,
2026-10-10T21:59:50.6946893Z   "fixtures": 10,
2026-10-10T21:59:50.6947309Z   "hardwareProfiles": 2,
2026-10-10T21:59:50.6947740Z   "dependencyAssets": 12,
2026-10-10T21:59:50.6948221Z   "lockControlledConsumers": 52,
2026-10-10T21:59:50.6948665Z   "untracked": 0,
2026-10-10T21:59:50.6949014Z   "duplicates": 0,
2026-10-10T21:59:50.6949367Z   "unresolved": 0,
2026-10-10T21:59:50.6949724Z   "schemaErrors": 0,
2026-10-10T21:59:50.6950114Z   "lockViolations": 0
2026-10-10T21:59:50.6950465Z }
2026-10-10T21:59:50.8741642Z ##[group]Run cargo check -p forge3d-core --target wasm32-unknown-unknown --no-default-features
2026-10-10T21:59:50.8743909Z [36;1mcargo check -p forge3d-core --target wasm32-unknown-unknown --no-default-features[0m
2026-10-10T21:59:50.8825740Z shell: C:\Program Files\PowerShell\7\pwsh.EXE -command ". '{0}'"
2026-10-10T21:59:50.8826106Z env:
2026-10-10T21:59:50.8826293Z   CARGO_TERM_COLOR: always
2026-10-10T21:59:50.8826520Z   RUST_BACKTRACE: 1
2026-10-10T21:59:50.8826734Z   CARGO_HOME: C:\Users\runneradmin\.cargo
2026-10-10T21:59:50.8826983Z   CARGO_INCREMENTAL: 0
2026-10-10T21:59:50.8827177Z ##[endgroup]
2026-10-10T21:59:51.9248153Z [1m[92m    Updating[0m crates.io index
2026-10-10T21:59:52.5123375Z [1m[92m Downloading[0m crates ...
2026-10-10T21:59:52.5983803Z [1m[92m  Downloaded[0m num-complex v0.4.6
2026-10-10T21:59:52.6172982Z [1m[92m  Downloaded[0m adler2 v2.0.1
2026-10-10T21:59:52.6304578Z [1m[92m  Downloaded[0m autocfg v1.5.1
2026-10-10T21:59:52.6523718Z [1m[92m  Downloaded[0m async-trait v0.1.89
2026-10-10T21:59:52.6977649Z [1m[92m  Downloaded[0m bytemuck v1.25.0
2026-10-10T21:59:52.7332692Z [1m[92m  Downloaded[0m bit_field v0.10.3
2026-10-10T21:59:52.7448826Z [1m[92m  Downloaded[0m byteorder v1.5.0
2026-10-10T21:59:52.7623930Z [1m[92m  Downloaded[0m cfg-if v1.0.4
2026-10-10T21:59:52.7750397Z [1m[92m  Downloaded[0m half v2.7.1
2026-10-10T21:59:52.8018642Z [1m[92m  Downloaded[0m hash32 v0.3.1
2026-10-10T21:59:52.8157367Z [1m[92m  Downloaded[0m version_check v0.9.5
2026-10-10T21:59:52.8367072Z [1m[92m  Downloaded[0m reborrow v0.5.5
2026-10-10T21:59:52.8444069Z [1m[92m  Downloaded[0m stable_deref_trait v1.2.1
2026-10-10T21:59:52.8599670Z [1m[92m  Downloaded[0m lebe v0.5.3
2026-10-10T21:59:53.0601203Z [1m[92m  Downloaded[0m thiserror-impl v1.0.69
2026-10-10T21:59:53.0836296Z [1m[92m  Downloaded[0m pulp-wasm-simd-flag v0.1.1
2026-10-10T21:59:53.0912397Z [1m[92m  Downloaded[0m simd-adler32 v0.3.10
2026-10-10T21:59:53.1182037Z [1m[92m  Downloaded[0m thiserror v1.0.69
2026-10-10T21:59:53.1969561Z [1m[92m  Downloaded[0m paste v1.0.15
2026-10-10T21:59:53.2355761Z [1m[92m  Downloaded[0m smallvec v1.15.1
2026-10-10T21:59:53.2553526Z [1m[92m  Downloaded[0m quote v1.0.45
2026-10-10T21:59:53.2855479Z [1m[92m  Downloaded[0m num-traits v0.2.19
2026-10-10T21:59:53.3089967Z [1m[92m  Downloaded[0m zune-inflate v0.2.54
2026-10-10T21:59:53.3278837Z [1m[92m  Downloaded[0m miniz_oxide v0.8.9
2026-10-10T21:59:53.3475548Z [1m[92m  Downloaded[0m rstar v0.12.2
2026-10-10T21:59:53.3799701Z [1m[92m  Downloaded[0m bitflags v2.12.1
2026-10-10T21:59:53.4334510Z [1m[92m  Downloaded[0m unicode-ident v1.0.24
2026-10-10T21:59:53.4636362Z [1m[92m  Downloaded[0m proc-macro2 v1.0.106
2026-10-10T21:59:53.4911401Z [1m[92m  Downloaded[0m heapless v0.8.0
2026-10-10T21:59:53.5296496Z [1m[92m  Downloaded[0m zerocopy-derive v0.8.50
2026-10-10T21:59:53.6473881Z [1m[92m  Downloaded[0m raw-cpuid v11.6.0
2026-10-10T21:59:53.6805937Z [1m[92m  Downloaded[0m pulp v0.22.3
2026-10-10T21:59:53.7192869Z [1m[92m  Downloaded[0m libm v0.2.16
2026-10-10T21:59:53.8605869Z [1m[92m  Downloaded[0m exr v1.74.2
2026-10-10T21:59:53.9437438Z [1m[92m  Downloaded[0m syn v2.0.117
2026-10-10T21:59:54.0223428Z [1m[92m  Downloaded[0m zerocopy v0.8.50
2026-10-10T21:59:54.2333330Z [1m[92m  Downloaded[0m glam v0.24.2
2026-10-10T21:59:54.9361592Z [1m[92m   Compiling[0m proc-macro2 v1.0.106
2026-10-10T21:59:54.9362706Z [1m[92m   Compiling[0m unicode-ident v1.0.24
2026-10-10T21:59:54.9363520Z [1m[92m   Compiling[0m quote v1.0.45
2026-10-10T21:59:54.9365097Z [1m[92m   Compiling[0m autocfg v1.5.1
2026-10-10T21:59:55.0793900Z [1m[92m   Compiling[0m libm v0.2.16
2026-10-10T21:59:55.7106636Z [1m[92m   Compiling[0m num-traits v0.2.19
2026-10-10T21:59:56.9705587Z [1m[92m   Compiling[0m zerocopy v0.8.50
2026-10-10T21:59:57.1113548Z [1m[92m   Compiling[0m version_check v0.9.5
2026-10-10T21:59:57.8786770Z [1m[92m   Compiling[0m paste v1.0.15
2026-10-10T21:59:58.3425697Z [1m[92m   Compiling[0m syn v2.0.117
2026-10-10T21:59:58.4596729Z [1m[92m   Compiling[0m pulp v0.22.3
2026-10-10T21:59:58.8931759Z [1m[92m   Compiling[0m heapless v0.8.0
2026-10-10T21:59:58.9392118Z [1m[92m    Checking[0m bytemuck v1.25.0
2026-10-10T21:59:59.1894910Z [1m[92m    Checking[0m byteorder v1.5.0
2026-10-10T21:59:59.3488722Z [1m[92m    Checking[0m cfg-if v1.0.4
2026-10-10T21:59:59.4134651Z [1m[92m    Checking[0m hash32 v0.3.1
2026-10-10T21:59:59.4735070Z [1m[92m    Checking[0m num-complex v0.4.6
2026-10-10T21:59:59.5091973Z [1m[92m    Checking[0m smallvec v1.15.1
2026-10-10T21:59:59.7639670Z [1m[92m    Checking[0m stable_deref_trait v1.2.1
2026-10-10T21:59:59.8208307Z [1m[92m    Checking[0m reborrow v0.5.5
2026-10-10T21:59:59.8945355Z [1m[92m    Checking[0m pulp-wasm-simd-flag v0.1.1
2026-10-10T21:59:59.9618700Z [1m[92m   Compiling[0m thiserror v1.0.69
2026-10-10T22:00:00.0510407Z [1m[92m    Checking[0m adler2 v2.0.1
2026-10-10T22:00:00.1483661Z [1m[92m    Checking[0m simd-adler32 v0.3.10
2026-10-10T22:00:00.3007049Z [1m[92m    Checking[0m zune-inflate v0.2.54
2026-10-10T22:00:00.5178129Z [1m[92m    Checking[0m miniz_oxide v0.8.9
2026-10-10T22:00:01.0463637Z [1m[92m    Checking[0m bit_field v0.10.3
2026-10-10T22:00:01.1497064Z [1m[92m    Checking[0m lebe v0.5.3
2026-10-10T22:00:01.1944251Z [1m[92m    Checking[0m rstar v0.12.2
2026-10-10T22:00:01.3345854Z [1m[92m    Checking[0m glam v0.24.2
2026-10-10T22:00:04.6224296Z [1m[92m   Compiling[0m zerocopy-derive v0.8.50
2026-10-10T22:00:04.6226469Z [1m[92m   Compiling[0m thiserror-impl v1.0.69
2026-10-10T22:00:04.6227350Z [1m[92m   Compiling[0m async-trait v0.1.89
2026-10-10T22:00:11.0110264Z [1m[92m    Checking[0m half v2.7.1
2026-10-10T22:00:11.2503261Z [1m[92m    Checking[0m exr v1.74.2
2026-10-10T22:00:13.5367009Z [1m[92m    Checking[0m forge3d-core v1.26.3 (D:\a\forge3d-web\forge3d-web\crates\forge3d-core)
2026-10-10T22:00:14.0568936Z [1m[92m    Finished[0m `dev` profile [unoptimized + debuginfo] target(s) in 22.22s
2026-10-10T22:00:14.2238823Z ##[group]Run cargo check -p forge3d-web --target wasm32-unknown-unknown
2026-10-10T22:00:14.2239428Z [36;1mcargo check -p forge3d-web --target wasm32-unknown-unknown[0m
2026-10-10T22:00:14.2312342Z shell: C:\Program Files\PowerShell\7\pwsh.EXE -command ". '{0}'"
2026-10-10T22:00:14.2312712Z env:
2026-10-10T22:00:14.2313566Z   CARGO_TERM_COLOR: always
2026-10-10T22:00:14.2313833Z   RUST_BACKTRACE: 1
2026-10-10T22:00:14.2314058Z   CARGO_HOME: C:\Users\runneradmin\.cargo
2026-10-10T22:00:14.2314329Z   CARGO_INCREMENTAL: 0
2026-10-10T22:00:14.2314532Z ##[endgroup]
2026-10-10T22:00:14.5781133Z [1m[92m Downloading[0m crates ...
2026-10-10T22:00:14.6255475Z [1m[92m  Downloaded[0m codespan-reporting v0.13.1
2026-10-10T22:00:14.7148769Z [1m[92m  Downloaded[0m windows-link v0.2.1
2026-10-10T22:00:14.7250062Z [1m[92m  Downloaded[0m xml-rs v0.8.28
2026-10-10T22:00:14.7506120Z [1m[92m  Downloaded[0m gl_generator v0.14.0
2026-10-10T22:00:14.7676794Z [1m[92m  Downloaded[0m gpu-descriptor-types v0.2.0
2026-10-10T22:00:14.8078362Z [1m[92m  Downloaded[0m hexf-parse v0.2.1
2026-10-10T22:00:14.8135665Z [1m[92m  Downloaded[0m itoa v1.0.18
2026-10-10T22:00:14.8250161Z [1m[92m  Downloaded[0m glutin_wgl_sys v0.6.1
2026-10-10T22:00:14.8327018Z [1m[92m  Downloaded[0m gpu-descriptor v0.3.2
2026-10-10T22:00:14.8398873Z [1m[92m  Downloaded[0m hashbrown v0.15.5
2026-10-10T22:00:14.8711702Z [1m[92m  Downloaded[0m allocator-api2 v0.2.21
2026-10-10T22:00:14.8929222Z [1m[92m  Downloaded[0m hashbrown v0.16.1
2026-10-10T22:00:14.9296867Z [1m[92m  Downloaded[0m arrayvec v0.7.6
2026-10-10T22:00:14.9489221Z [1m[92m  Downloaded[0m khronos-egl v6.0.0
2026-10-10T22:00:14.9651261Z [1m[92m  Downloaded[0m gpu-allocator v0.28.0
2026-10-10T22:00:14.9868701Z [1m[92m  Downloaded[0m futures-core v0.3.32
2026-10-10T22:00:14.9985609Z [1m[92m  Downloaded[0m indexmap v2.14.0
2026-10-10T22:00:15.0299859Z [1m[92m  Downloaded[0m litrs v1.0.0
2026-10-10T22:00:15.0545048Z [1m[92m  Downloaded[0m once_cell v1.21.4
2026-10-10T22:00:15.0859413Z [1m[92m  Downloaded[0m wasm-bindgen-shared v0.2.122
2026-10-10T22:00:15.0971256Z [1m[92m  Downloaded[0m document-features v0.2.12
2026-10-10T22:00:15.1108910Z [1m[92m  Downloaded[0m futures-task v0.3.32
2026-10-10T22:00:15.1246137Z [1m[92m  Downloaded[0m libloading v0.8.9
2026-10-10T22:00:15.1477117Z [1m[92m  Downloaded[0m lock_api v0.4.14
2026-10-10T22:00:15.1575962Z [1m[92m  Downloaded[0m parking_lot_core v0.9.12
2026-10-10T22:00:15.1871803Z [1m[92m  Downloaded[0m scopeguard v1.2.0
2026-10-10T22:00:15.1987657Z [1m[92m  Downloaded[0m serde_core v1.0.228
2026-10-10T22:00:15.2229696Z [1m[92m  Downloaded[0m wgpu-core-deps-windows-linux-android v29.0.3
2026-10-10T22:00:15.2311658Z [1m[92m  Downloaded[0m windows-implement v0.60.2
2026-10-10T22:00:15.2425123Z [1m[92m  Downloaded[0m windows-numerics v0.3.1
2026-10-10T22:00:15.2553717Z [1m[92m  Downloaded[0m cfg_aliases v0.2.1
2026-10-10T22:00:15.2666036Z [1m[92m  Downloaded[0m raw-window-handle v0.6.2
2026-10-10T22:00:15.2859229Z [1m[92m  Downloaded[0m bit-vec v0.9.1
2026-10-10T22:00:15.3000329Z [1m[92m  Downloaded[0m equivalent v1.0.2
2026-10-10T22:00:15.3111577Z [1m[92m  Downloaded[0m profiling v1.0.18
2026-10-10T22:00:15.3239925Z [1m[92m  Downloaded[0m range-alloc v0.1.5
2026-10-10T22:00:15.3340537Z [1m[92m  Downloaded[0m static_assertions v1.1.0
2026-10-10T22:00:15.3486671Z [1m[92m  Downloaded[0m windows-result v0.4.1
2026-10-10T22:00:15.3632022Z [1m[92m  Downloaded[0m serde-wasm-bindgen v0.6.5
2026-10-10T22:00:15.3790248Z [1m[92m  Downloaded[0m wasm-bindgen-futures v0.4.72
2026-10-10T22:00:15.3872531Z [1m[92m  Downloaded[0m bytemuck_derive v1.10.2
2026-10-10T22:00:15.3986572Z [1m[92m  Downloaded[0m winapi-util v0.1.11
2026-10-10T22:00:15.4135856Z [1m[92m  Downloaded[0m windows-collections v0.3.2
2026-10-10T22:00:15.4262091Z [1m[92m  Downloaded[0m hashbrown v0.17.1
2026-10-10T22:00:15.4725673Z [1m[92m  Downloaded[0m js-sys v0.3.99
2026-10-10T22:00:15.4908319Z [1m[92m  Downloaded[0m renderdoc-sys v1.1.0
2026-10-10T22:00:15.4999093Z [1m[92m  Downloaded[0m thiserror v2.0.18
2026-10-10T22:00:15.5747235Z [1m[92m  Downloaded[0m rustversion v1.0.22
2026-10-10T22:00:15.6066450Z [1m[92m  Downloaded[0m wasm-bindgen-macro v0.2.122
2026-10-10T22:00:15.6144840Z [1m[92m  Downloaded[0m windows-interface v0.59.3
2026-10-10T22:00:15.6291126Z [1m[92m  Downloaded[0m rustc-hash v1.1.0
2026-10-10T22:00:15.6384512Z [1m[92m  Downloaded[0m presser v0.3.1
2026-10-10T22:00:15.6556467Z [1m[92m  Downloaded[0m thiserror-impl v2.0.18
2026-10-10T22:00:15.6708135Z [1m[92m  Downloaded[0m wgpu-naga-bridge v29.0.3
2026-10-10T22:00:15.6786462Z [1m[92m  Downloaded[0m windows-strings v0.5.1
2026-10-10T22:00:15.6953493Z [1m[92m  Downloaded[0m windows-threading v0.2.1
2026-10-10T22:00:15.7051920Z [1m[92m  Downloaded[0m slab v0.4.12
2026-10-10T22:00:15.7170965Z [1m[92m  Downloaded[0m termcolor v1.4.1
2026-10-10T22:00:15.7286577Z [1m[92m  Downloaded[0m foldhash v0.2.0
2026-10-10T22:00:15.7401322Z [1m[92m  Downloaded[0m ordered-float v5.3.0
2026-10-10T22:00:15.7532439Z [1m[92m  Downloaded[0m pkg-config v0.3.33
2026-10-10T22:00:15.7674139Z [1m[92m  Downloaded[0m windows-future v0.3.2
2026-10-10T22:00:15.7854483Z [1m[92m  Downloaded[0m zmij v1.0.21
2026-10-10T22:00:15.8033251Z [1m[92m  Downloaded[0m bit-set v0.9.1
2026-10-10T22:00:15.8166936Z [1m[92m  Downloaded[0m memchr v2.8.1
2026-10-10T22:00:15.8645217Z [1m[92m  Downloaded[0m pin-project-lite v0.2.17
2026-10-10T22:00:15.9345115Z [1m[92m  Downloaded[0m spirv v0.4.0+sdk-1.4.341.0
2026-10-10T22:00:15.9462570Z [1m[92m  Downloaded[0m windows-core v0.62.2
2026-10-10T22:00:15.9781171Z [1m[92m  Downloaded[0m foldhash v0.1.5
2026-10-10T22:00:15.9874470Z [1m[92m  Downloaded[0m log v0.4.32
2026-10-10T22:00:16.0055632Z [1m[92m  Downloaded[0m parking_lot v0.12.5
2026-10-10T22:00:16.0263744Z [1m[92m  Downloaded[0m serde_derive v1.0.228
2026-10-10T22:00:16.0570504Z [1m[92m  Downloaded[0m wasm-bindgen v0.2.122
2026-10-10T22:00:16.0775888Z [1m[92m  Downloaded[0m slotmap v1.1.1
2026-10-10T22:00:16.0928257Z [1m[92m  Downloaded[0m bumpalo v3.20.3
2026-10-10T22:00:16.1093298Z [1m[92m  Downloaded[0m wasm-bindgen-macro-support v0.2.122
2026-10-10T22:00:16.6347438Z [1m[92m  Downloaded[0m serde v1.0.228
2026-10-10T22:00:16.7193794Z [1m[92m  Downloaded[0m glow v0.17.0
2026-10-10T22:00:16.7382447Z [1m[92m  Downloaded[0m wgpu-types v29.0.3
2026-10-10T22:00:16.7632496Z [1m[92m  Downloaded[0m serde_json v1.0.150
2026-10-10T22:00:16.8258593Z [1m[92m  Downloaded[0m wgpu v29.0.3
2026-10-10T22:00:16.9642788Z [1m[92m  Downloaded[0m futures-util v0.3.32
2026-10-10T22:00:17.0900605Z [1m[92m  Downloaded[0m unicode-width v0.2.2
2026-10-10T22:00:17.1080260Z [1m[92m  Downloaded[0m wgpu-core v29.0.3
2026-10-10T22:00:17.1737934Z [1m[92m  Downloaded[0m khronos_api v3.1.0
2026-10-10T22:00:17.2632122Z [1m[92m  Downloaded[0m wgpu-hal v29.0.3
2026-10-10T22:00:17.3414652Z [1m[92m  Downloaded[0m ash v0.38.0+1.3.281
2026-10-10T22:00:17.4427969Z [1m[92m  Downloaded[0m libc v0.2.186
2026-10-10T22:00:18.1155262Z [1m[92m  Downloaded[0m console_error_panic_hook v0.1.7
2026-10-10T22:00:18.1317081Z [1m[92m  Downloaded[0m web-sys v0.3.99
2026-10-10T22:00:19.6013558Z [1m[92m  Downloaded[0m naga v29.0.3
2026-10-10T22:00:19.7292480Z [1m[92m  Downloaded[0m windows-sys v0.61.2
2026-10-10T22:00:20.2387375Z [1m[92m  Downloaded[0m windows v0.62.2
2026-10-10T22:00:21.5535134Z [1m[92m   Compiling[0m wasm-bindgen-shared v0.2.122
2026-10-10T22:00:21.5537658Z [1m[92m   Compiling[0m rustversion v1.0.22
2026-10-10T22:00:21.5539524Z [1m[92m   Compiling[0m bumpalo v3.20.3
2026-10-10T22:00:21.5540567Z [1m[92m   Compiling[0m syn v2.0.117
2026-10-10T22:00:21.9814625Z [1m[92m    Checking[0m unicode-ident v1.0.24
2026-10-10T22:00:22.0804082Z [1m[92m    Checking[0m once_cell v1.21.4
2026-10-10T22:00:22.1555494Z [1m[92m    Checking[0m slab v0.4.12
2026-10-10T22:00:22.2856216Z [1m[92m    Checking[0m futures-task v0.3.32
2026-10-10T22:00:22.3837474Z [1m[92m    Checking[0m futures-core v0.3.32
2026-10-10T22:00:22.6925791Z [1m[92m    Checking[0m pin-project-lite v0.2.17
2026-10-10T22:00:22.7832178Z [1m[92m    Checking[0m futures-util v0.3.32
2026-10-10T22:00:23.0587148Z [1m[92m   Compiling[0m serde_core v1.0.228
2026-10-10T22:00:23.5943170Z [1m[92m   Compiling[0m parking_lot_core v0.9.12
2026-10-10T22:00:23.7099447Z [1m[92m   Compiling[0m wasm-bindgen v0.2.122
2026-10-10T22:00:24.1304377Z [1m[92m   Compiling[0m serde v1.0.228
2026-10-10T22:00:24.6344462Z [1m[92m   Compiling[0m cfg_aliases v0.2.1
2026-10-10T22:00:24.7007425Z [1m[92m    Checking[0m scopeguard v1.2.0
2026-10-10T22:00:24.7770965Z [1m[92m    Checking[0m lock_api v0.4.14
2026-10-10T22:00:25.0533329Z [1m[92m   Compiling[0m wgpu v29.0.3
2026-10-10T22:00:25.5906670Z [1m[92m    Checking[0m log v0.4.32
2026-10-10T22:00:25.7564493Z [1m[92m    Checking[0m foldhash v0.2.0
2026-10-10T22:00:25.8905964Z [1m[92m   Compiling[0m zmij v1.0.21
2026-10-10T22:00:26.0591049Z [1m[92m   Compiling[0m litrs v1.0.0
2026-10-10T22:00:26.3296129Z [1m[92m    Checking[0m raw-window-handle v0.6.2
2026-10-10T22:00:26.5659338Z [1m[92m    Checking[0m bitflags v2.12.1
2026-10-10T22:00:26.7462511Z [1m[92m   Compiling[0m wasm-bindgen-macro-support v0.2.122
2026-10-10T22:00:27.2496905Z [1m[92m   Compiling[0m document-features v0.2.12
2026-10-10T22:00:27.2583550Z [1m[92m    Checking[0m hashbrown v0.16.1
2026-10-10T22:00:28.1191416Z [1m[92m    Checking[0m parking_lot v0.12.5
2026-10-10T22:00:28.3744711Z [1m[92m   Compiling[0m serde_json v1.0.150
2026-10-10T22:00:28.5865736Z [1m[92m    Checking[0m profiling v1.0.18
2026-10-10T22:00:28.6435118Z [1m[92m    Checking[0m arrayvec v0.7.6
2026-10-10T22:00:28.6465066Z [1m[92m    Checking[0m static_assertions v1.1.0
2026-10-10T22:00:28.8897034Z [1m[92m    Checking[0m itoa v1.0.18
2026-10-10T22:00:28.9922219Z [1m[92m    Checking[0m memchr v2.8.1
2026-10-10T22:00:31.4996316Z [1m[92m   Compiling[0m bytemuck_derive v1.10.2
2026-10-10T22:00:31.7161070Z [1m[92m   Compiling[0m zerocopy-derive v0.8.50
2026-10-10T22:00:32.0828358Z [1m[92m   Compiling[0m serde_derive v1.0.228
2026-10-10T22:00:34.4306197Z [1m[92m    Checking[0m bytemuck v1.25.0
2026-10-10T22:00:34.7402967Z [1m[92m    Checking[0m num-complex v0.4.6
2026-10-10T22:00:35.3444352Z [1m[92m    Checking[0m pulp v0.22.3
2026-10-10T22:00:35.8238614Z [1m[92m    Checking[0m zerocopy v0.8.50
2026-10-10T22:00:36.3644384Z [1m[92m   Compiling[0m wasm-bindgen-macro v0.2.122
2026-10-10T22:00:38.3719100Z [1m[92m   Compiling[0m thiserror-impl v1.0.69
2026-10-10T22:00:39.1336804Z [1m[92m    Checking[0m js-sys v0.3.99
2026-10-10T22:00:41.1595107Z [1m[92m   Compiling[0m async-trait v0.1.89
2026-10-10T22:00:41.8804231Z [1m[92m    Checking[0m half v2.7.1
2026-10-10T22:00:41.9666368Z [1m[92m    Checking[0m thiserror v1.0.69
2026-10-10T22:00:42.0686184Z [1m[92m    Checking[0m console_error_panic_hook v0.1.7
2026-10-10T22:00:42.2641307Z [1m[92m    Checking[0m exr v1.74.2
2026-10-10T22:00:50.2690307Z [1m[92m    Checking[0m web-sys v0.3.99
2026-10-10T22:00:50.2691264Z [1m[92m    Checking[0m wasm-bindgen-futures v0.4.72
2026-10-10T22:00:50.2692190Z [1m[92m    Checking[0m serde-wasm-bindgen v0.6.5
2026-10-10T22:01:01.0121959Z [1m[92m    Checking[0m wgpu-types v29.0.3
2026-10-10T22:01:09.8835344Z [1m[92m    Checking[0m forge3d-core v1.26.3 (D:\a\forge3d-web\forge3d-web\crates\forge3d-core)
2026-10-10T22:01:12.5937924Z [1m[92m    Checking[0m forge3d-web v1.26.3 (D:\a\forge3d-web\forge3d-web\crates\forge3d-web)
2026-10-10T22:01:17.5124307Z [1m[92m    Finished[0m `dev` profile [unoptimized + debuginfo] target(s) in 1m 02s
2026-10-10T22:01:17.6493557Z ##[group]Run cargo test -p forge3d-core --features gpu
2026-10-10T22:01:17.6494056Z [36;1mcargo test -p forge3d-core --features gpu[0m
2026-10-10T22:01:17.6568910Z shell: C:\Program Files\PowerShell\7\pwsh.EXE -command ". '{0}'"
2026-10-10T22:01:17.6569604Z env:
2026-10-10T22:01:17.6569971Z   CARGO_TERM_COLOR: always
2026-10-10T22:01:17.6570466Z   RUST_BACKTRACE: 1
2026-10-10T22:01:17.6571261Z   CARGO_HOME: C:\Users\runneradmin\.cargo
2026-10-10T22:01:17.6571846Z   CARGO_INCREMENTAL: 0
2026-10-10T22:01:17.6572305Z ##[endgroup]
2026-10-10T22:01:18.1389508Z [1m[92m   Compiling[0m proc-macro2 v1.0.106
2026-10-10T22:01:18.1393087Z [1m[92m   Compiling[0m quote v1.0.45
2026-10-10T22:01:18.1394518Z [1m[92m   Compiling[0m windows-link v0.2.1
2026-10-10T22:01:18.1395709Z [1m[92m   Compiling[0m libm v0.2.16
2026-10-10T22:01:18.2000741Z [1m[92m   Compiling[0m autocfg v1.5.1
2026-10-10T22:01:18.5813096Z [1m[92m   Compiling[0m cfg_aliases v0.2.1
2026-10-10T22:01:18.6414720Z [1m[92m   Compiling[0m bitflags v2.12.1
2026-10-10T22:01:18.8912453Z [1m[92m   Compiling[0m num-traits v0.2.19
2026-10-10T22:01:18.9427298Z [1m[92m   Compiling[0m log v0.4.32
2026-10-10T22:01:19.1903631Z [1m[92m   Compiling[0m cfg-if v1.0.4
2026-10-10T22:01:19.2505229Z [1m[92m   Compiling[0m windows-result v0.4.1
2026-10-10T22:01:19.3163431Z [1m[92m   Compiling[0m windows-strings v0.5.1
2026-10-10T22:01:19.8230611Z [1m[92m   Compiling[0m zerocopy v0.8.50
2026-10-10T22:01:19.8980523Z [1m[92m   Compiling[0m khronos_api v3.1.0
2026-10-10T22:01:20.0405445Z [1m[92m   Compiling[0m syn v2.0.117
2026-10-10T22:01:20.4432319Z [1m[92m   Compiling[0m thiserror v2.0.18
2026-10-10T22:01:20.8698340Z [1m[92m   Compiling[0m equivalent v1.0.2
2026-10-10T22:01:21.1475571Z [1m[92m   Compiling[0m xml-rs v0.8.28
2026-10-10T22:01:21.2251805Z [1m[92m   Compiling[0m allocator-api2 v0.2.21
2026-10-10T22:01:21.4212539Z [1m[92m   Compiling[0m smallvec v1.15.1
2026-10-10T22:01:21.7131057Z [1m[92m   Compiling[0m foldhash v0.2.0
2026-10-10T22:01:21.7229614Z [1m[92m   Compiling[0m naga v29.0.3
2026-10-10T22:01:21.9178501Z [1m[92m   Compiling[0m hashbrown v0.16.1
2026-10-10T22:01:22.1310285Z [1m[92m   Compiling[0m gl_generator v0.14.0
2026-10-10T22:01:22.6396292Z [1m[92m   Compiling[0m libloading v0.8.9
2026-10-10T22:01:22.8530676Z [1m[92m   Compiling[0m windows-threading v0.2.1
2026-10-10T22:01:22.9527158Z [1m[92m   Compiling[0m bit-vec v0.9.1
2026-10-10T22:01:22.9666773Z [1m[92m   Compiling[0m hashbrown v0.17.1
2026-10-10T22:01:22.9833062Z [1m[92m   Compiling[0m parking_lot_core v0.9.12
2026-10-10T22:01:23.2784984Z [1m[92m   Compiling[0m libc v0.2.186
2026-10-10T22:01:23.2937733Z [1m[92m   Compiling[0m ash v0.38.0+1.3.281
2026-10-10T22:01:23.5038441Z [1m[92m   Compiling[0m unicode-width v0.2.2
2026-10-10T22:01:23.8397082Z [1m[92m   Compiling[0m indexmap v2.14.0
2026-10-10T22:01:23.8536294Z [1m[92m   Compiling[0m codespan-reporting v0.13.1
2026-10-10T22:01:23.9453447Z [1m[92m   Compiling[0m bit-set v0.9.1
2026-10-10T22:01:24.1184311Z [1m[92m   Compiling[0m glutin_wgl_sys v0.6.1
2026-10-10T22:01:24.7768660Z [1m[92m   Compiling[0m spirv v0.4.0+sdk-1.4.341.0
2026-10-10T22:01:24.8641725Z [1m[92m   Compiling[0m hexf-parse v0.2.1
2026-10-10T22:01:25.0314608Z [1m[92m   Compiling[0m once_cell v1.21.4
2026-10-10T22:01:25.2336288Z [1m[92m   Compiling[0m rustc-hash v1.1.0
2026-10-10T22:01:25.3066803Z [1m[92m   Compiling[0m scopeguard v1.2.0
2026-10-10T22:01:25.3204174Z [1m[92m   Compiling[0m foldhash v0.1.5
2026-10-10T22:01:25.4137103Z [1m[92m   Compiling[0m raw-window-handle v0.6.2
2026-10-10T22:01:25.5552893Z [1m[92m   Compiling[0m arrayvec v0.7.6
2026-10-10T22:01:25.7487283Z [1m[92m   Compiling[0m khronos-egl v6.0.0
2026-10-10T22:01:25.8119565Z [1m[92m   Compiling[0m hashbrown v0.15.5
2026-10-10T22:01:26.0128227Z [1m[92m   Compiling[0m lock_api v0.4.14
2026-10-10T22:01:26.6980886Z [1m[92m   Compiling[0m windows-interface v0.59.3
2026-10-10T22:01:26.9229550Z [1m[92m   Compiling[0m bytemuck_derive v1.10.2
2026-10-10T22:01:27.4658524Z [1m[92m   Compiling[0m windows-implement v0.60.2
2026-10-10T22:01:27.7977907Z [1m[92m   Compiling[0m zerocopy-derive v0.8.50
2026-10-10T22:01:28.4922399Z [1m[92m   Compiling[0m windows-core v0.62.2
2026-10-10T22:01:28.9096894Z [1m[92m   Compiling[0m bytemuck v1.25.0
2026-10-10T22:01:29.2857312Z [1m[92m   Compiling[0m thiserror-impl v2.0.18
2026-10-10T22:01:29.3246472Z [1m[92m   Compiling[0m windows-numerics v0.3.1
2026-10-10T22:01:29.5807506Z [1m[92m   Compiling[0m windows-collections v0.3.2
2026-10-10T22:01:30.3479372Z [1m[92m   Compiling[0m windows-future v0.3.2
2026-10-10T22:01:31.3501278Z [1m[92m   Compiling[0m windows v0.62.2
2026-10-10T22:01:31.4345050Z [1m[92m   Compiling[0m wgpu-types v29.0.3
2026-10-10T22:01:35.9656551Z [1m[92m   Compiling[0m gpu-descriptor-types v0.2.0
2026-10-10T22:01:36.2455539Z [1m[92m   Compiling[0m half v2.7.1
2026-10-10T22:01:36.3356908Z [1m[92m   Compiling[0m wgpu-hal v29.0.3
2026-10-10T22:01:37.1191212Z [1m[92m   Compiling[0m presser v0.3.1
2026-10-10T22:01:37.2944441Z [1m[92m   Compiling[0m gpu-descriptor v0.3.2
2026-10-10T22:01:38.2392237Z [1m[92m   Compiling[0m parking_lot v0.12.5
2026-10-10T22:01:39.1991034Z [1m[92m   Compiling[0m ordered-float v5.3.0
2026-10-10T22:01:39.6386878Z [1m[92m   Compiling[0m profiling v1.0.18
2026-10-10T22:01:39.7353330Z [1m[92m   Compiling[0m range-alloc v0.1.5
2026-10-10T22:01:39.8752140Z [1m[92m   Compiling[0m version_check v0.9.5
2026-10-10T22:01:40.3123302Z [1m[92m   Compiling[0m paste v1.0.15
2026-10-10T22:01:40.6144087Z [1m[92m   Compiling[0m renderdoc-sys v1.1.0
2026-10-10T22:01:40.7906540Z [1m[92m   Compiling[0m glow v0.17.0
2026-10-10T22:01:44.4517994Z [1m[92m   Compiling[0m pulp v0.22.3
2026-10-10T22:01:44.8541511Z [1m[92m   Compiling[0m wgpu-core v29.0.3
2026-10-10T22:01:45.0487146Z [1m[92m   Compiling[0m heapless v0.8.0
2026-10-10T22:01:45.3535576Z [1m[92m   Compiling[0m byteorder v1.5.0
2026-10-10T22:01:45.4221373Z [1m[92m   Compiling[0m litrs v1.0.0
2026-10-10T22:01:45.5724132Z [1m[92m   Compiling[0m hash32 v0.3.1
2026-10-10T22:01:46.2283333Z [1m[92m   Compiling[0m document-features v0.2.12
2026-10-10T22:01:46.5888666Z [1m[92m   Compiling[0m num-complex v0.4.6
2026-10-10T22:01:47.0703740Z [1m[92m   Compiling[0m raw-cpuid v11.6.0
2026-10-10T22:01:47.3372359Z [1m[92m   Compiling[0m wgpu v29.0.3
2026-10-10T22:01:48.0944661Z [1m[92m   Compiling[0m zmij v1.0.21
2026-10-10T22:01:48.4001391Z [1m[92m   Compiling[0m adler2 v2.0.1
2026-10-10T22:01:48.5651646Z [1m[92m   Compiling[0m pulp-wasm-simd-flag v0.1.1
2026-10-10T22:01:48.6258246Z [1m[92m   Compiling[0m thiserror v1.0.69
2026-10-10T22:01:48.9722641Z [1m[92m   Compiling[0m simd-adler32 v0.3.10
2026-10-10T22:01:49.3068249Z [1m[92m   Compiling[0m reborrow v0.5.5
2026-10-10T22:01:49.3885431Z [1m[92m   Compiling[0m stable_deref_trait v1.2.1
2026-10-10T22:01:49.4595271Z [1m[92m   Compiling[0m serde_core v1.0.228
2026-10-10T22:01:49.8823038Z [1m[92m   Compiling[0m gpu-allocator v0.28.0
2026-10-10T22:01:51.0756909Z [1m[92m   Compiling[0m wgpu-naga-bridge v29.0.3
2026-10-10T22:01:54.7638741Z [1m[92m   Compiling[0m zune-inflate v0.2.54
2026-10-10T22:01:55.3706376Z [1m[92m   Compiling[0m miniz_oxide v0.8.9
2026-10-10T22:01:56.7702834Z [1m[92m   Compiling[0m thiserror-impl v1.0.69
2026-10-10T22:01:57.1679328Z [1m[92m   Compiling[0m bit_field v0.10.3
2026-10-10T22:01:57.3542139Z [1m[92m   Compiling[0m lebe v0.5.3
2026-10-10T22:01:57.6346743Z [1m[92m   Compiling[0m serde_json v1.0.150
2026-10-10T22:01:57.9311312Z [1m[92m   Compiling[0m static_assertions v1.1.0
2026-10-10T22:01:58.0163507Z [1m[92m   Compiling[0m exr v1.74.2
2026-10-10T22:01:58.7315816Z [1m[92m   Compiling[0m wgpu-core-deps-windows-linux-android v29.0.3
2026-10-10T22:02:06.7730625Z [1m[92m   Compiling[0m rstar v0.12.2
2026-10-10T22:02:11.7551458Z [1m[92m   Compiling[0m async-trait v0.1.89
2026-10-10T22:02:13.3475459Z [1m[92m   Compiling[0m glam v0.24.2
2026-10-10T22:02:13.4951846Z [1m[92m   Compiling[0m memchr v2.8.1
2026-10-10T22:02:14.7746576Z [1m[92m   Compiling[0m itoa v1.0.18
2026-10-10T22:02:16.8609744Z [1m[92m   Compiling[0m forge3d-core v1.26.3 (D:\a\forge3d-web\forge3d-web\crates\forge3d-core)
2026-10-10T22:02:25.5798720Z [1m[92m    Finished[0m `test` profile [unoptimized + debuginfo] target(s) in 1m 07s
2026-10-10T22:02:25.5890849Z [1m[92m     Running[0m unittests src\lib.rs (target\debug\deps\forge3d_core-d8bc93af0b01b204.exe)
2026-10-10T22:02:25.6004142Z 
2026-10-10T22:02:25.6004734Z running 94 tests
2026-10-10T22:02:25.6014910Z test codecs::exr::tests::channel_naming_matches_native_exr_writer ... ok
2026-10-10T22:02:25.6020352Z test codecs::exr::tests::encoder_rejects_invalid_channel_sets ... ok
2026-10-10T22:02:25.6024935Z test codecs::rgbe::tests::accepts_crlf_headers_and_rgbe_magic ... ok
2026-10-10T22:02:25.6029356Z test codecs::rgbe::tests::accepts_only_whitespace_trailing_bytes ... ok
2026-10-10T22:02:25.6032959Z test codecs::rgbe::tests::decodes_flat_pixels_below_rle_width_threshold ... ok
2026-10-10T22:02:25.6036758Z test codecs::rgbe::tests::decodes_old_flat_scanlines_at_rle_eligible_width ... ok
2026-10-10T22:02:25.6042409Z test codecs::rgbe::tests::decodes_rle_scanline_with_mixed_runs_and_literals ... ok
2026-10-10T22:02:25.6047991Z test codecs::rgbe::tests::enforces_dimension_and_pixel_limits ... ok
2026-10-10T22:02:25.6053296Z test codecs::exr::tests::beauty_round_trip_is_exact_and_header_matches_native_parser ... ok
2026-10-10T22:02:25.6054494Z test codecs::rgbe::tests::hdr_values_are_not_clamped_to_one ... ok
2026-10-10T22:02:25.6058467Z test codecs::rgbe::tests::rejects_bad_magic_and_missing_format ... ok
2026-10-10T22:02:25.6059981Z test codecs::rgbe::tests::rejects_bad_resolution_lines ... ok
2026-10-10T22:02:25.6063539Z test codecs::rgbe::tests::rejects_empty_and_headerless_input ... ok
2026-10-10T22:02:25.6067404Z test codecs::rgbe::tests::rejects_rle_zero_counts_overflow_and_bad_markers ... ok
2026-10-10T22:02:25.6068621Z test codecs::rgbe::tests::rejects_truncated_flat_and_rle_data ... ok
2026-10-10T22:02:25.6070135Z test codecs::rgbe::tests::rejects_two_two_marker_with_wrong_declared_width ... ok
2026-10-10T22:02:25.6073224Z test codecs::rgbe::tests::reorients_all_axis_sign_combinations ... ok
2026-10-10T22:02:25.6074563Z test codecs::rgbe::tests::result_shape_matches_dimensions ... ok
2026-10-10T22:02:25.6078418Z test codecs::rgbe::tests::zero_exponent_produces_black_with_unit_alpha ... ok
2026-10-10T22:02:25.6079931Z test codecs::sha256::tests::ibl_source_hash_matches_lead_literal ... ok
2026-10-10T22:02:25.6084522Z test gpu::runtime::tests::device_health_notifies_each_listener_once_on_first_loss ... ok
2026-10-10T22:02:25.6089641Z test gpu::runtime::tests::device_health_unsubscribe_detaches_listener ... ok
2026-10-10T22:02:25.6095032Z test gpu::runtime::tests::fatal_uncaptured_errors_mark_device_lost_and_notify_once ... ok
2026-10-10T22:02:25.6099937Z test gpu::runtime::tests::gpu_runtime_options_default_to_browser_compatible_limits ... ok
2026-10-10T22:02:25.6102247Z test codecs::exr::tests::malformed_and_oversized_files_fail_with_typed_errors_before_allocation ... ok
2026-10-10T22:02:25.6105762Z test gpu::runtime::tests::uncaptured_validation_error_is_retained_without_marking_device_lost ... ok
2026-10-10T22:02:25.6109452Z test gpu::surface::tests::surface_configuration_rejects_zero_size_before_touching_adapter ... ok
2026-10-10T22:02:25.6110684Z test gpu::surface::tests::surface_descriptor_defaults_to_fifo_presentation ... ok
2026-10-10T22:02:25.6111645Z test io::source::tests::byte_range_rejects_overflow ... ok
2026-10-10T22:02:25.6115827Z test io::source::tests::fake_source_reads_full_and_ranged_bytes ... ok
2026-10-10T22:02:25.6117335Z test io::source::tests::little_endian_f32_decoder_validates_length_and_expected_count ... ok
2026-10-10T22:02:25.6120573Z test labels::callout::tests::test_auto_pointer_direction ... ok
2026-10-10T22:02:25.6122191Z test labels::callout::tests::test_callout_style_default ... ok
2026-10-10T22:02:25.6126369Z test labels::callout::tests::test_generate_rounded_rect ... ok
2026-10-10T22:02:25.6127155Z test labels::collision::tests::test_clear ... ok
2026-10-10T22:02:25.6130607Z test labels::collision::tests::test_collision ... ok
2026-10-10T22:02:25.6131450Z test labels::collision::tests::test_no_collision ... ok
2026-10-10T22:02:25.6134422Z test labels::curved::tests::test_sample_at_distance ... ok
2026-10-10T22:02:25.6135304Z test labels::curved::tests::test_sampled_path_from_polyline ... ok
2026-10-10T22:02:25.6138009Z test labels::declutter::tests::test_boxes_overlap ... ok
2026-10-10T22:02:25.6138848Z test labels::declutter::tests::test_greedy_non_overlapping ... ok
2026-10-10T22:02:25.6142570Z test labels::declutter::tests::test_greedy_overlapping_priority ... ok
2026-10-10T22:02:25.6143754Z test labels::layer::tests::test_feature_from_points ... ok
2026-10-10T22:02:25.6146459Z test labels::layer::tests::test_generate_labels ... ok
2026-10-10T22:02:25.6147586Z test labels::layer::tests::test_label_layer_creation ... ok
2026-10-10T22:02:25.6150778Z test labels::leader::tests::test_create_leader ... ok
2026-10-10T22:02:25.6152098Z test labels::leader::tests::test_elbow_leader ... ok
2026-10-10T22:02:25.6155430Z test labels::line_label::tests::test_glyph_rotation_flips_upside_down_reverse_line ... ok
2026-10-10T22:02:25.6157983Z test labels::leader::tests::test_generate_vertices ... ok
2026-10-10T22:02:25.6159811Z test labels::line_label::tests::test_glyph_rotation_follows_diagonal_tangent ... ok
2026-10-10T22:02:25.6162677Z test labels::line_label::tests::test_path_length ... ok
2026-10-10T22:02:25.6163565Z test labels::line_label::tests::test_sample_path ... ok
2026-10-10T22:02:25.6164400Z test labels::projection::tests::test_behind_camera ... ok
2026-10-10T22:02:25.6168070Z test labels::projection::tests::test_identity_projection ... ok
2026-10-10T22:02:25.6168841Z test labels::rtree::tests::test_clear ... ok
2026-10-10T22:02:25.6171650Z test labels::rtree::tests::test_collision ... ok
2026-10-10T22:02:25.6172422Z test labels::rtree::tests::test_no_collision ... ok
2026-10-10T22:02:25.6176344Z test labels::rtree::tests::test_query ... ok
2026-10-10T22:02:25.6177455Z test labels::typography::tests::test_kerning_table ... ok
2026-10-10T22:02:25.6180718Z test labels::typography::tests::test_text_case_title ... ok
2026-10-10T22:02:25.6181584Z test labels::typography::tests::test_text_case_upper ... ok
2026-10-10T22:02:25.6184826Z test labels::typography::tests::test_typography_defaults ... ok
2026-10-10T22:02:25.6192139Z test offline::tests::atrous_denoiser_validates_inputs_and_uses_depth_guidance ... ok
2026-10-10T22:02:25.6212045Z test offline::tests::convergence_tracker_matches_native_history_semantics ... ok
2026-10-10T22:02:25.6216283Z test offline::tests::convergence_trend_rule_matches_native_window ... ok
2026-10-10T22:02:25.6246274Z test codecs::exr::tests::multichannel_aov_file_keeps_every_native_channel_and_exact_ids ... ok
2026-10-10T22:02:25.6250354Z test offline::tests::halton_matches_native_radical_inverse ... ok
2026-10-10T22:02:25.6254684Z test offline::tests::image_metrics_report_identity_and_known_errors ... ok
2026-10-10T22:02:25.6258503Z test offline::tests::jitter_matches_native_perspective_formula_and_shifts_orthographic ... ok
2026-10-10T22:02:25.6262352Z test offline::tests::luminance_downsample_and_tile_means_follow_native_blocks ... ok
2026-10-10T22:02:25.6299464Z test offline::tests::noise_estimate_tracks_gaussian_like_noise_and_ignores_flat_images ... ok
2026-10-10T22:02:25.6303199Z test offline::tests::r2_sequence_reproduces_native_offsets ... ok
2026-10-10T22:02:25.6306758Z test offline::tests::tonemap_operators_match_native_curves ... ok
2026-10-10T22:02:25.6708870Z test tests::core_source_tree_has_no_python_boundary_tokens ... ok
2026-10-10T22:02:25.6717061Z test tests::default_core_root_does_not_expose_staged_native_or_offline_modules ... ok
2026-10-10T22:02:25.6722069Z test tests::phase10_core_readback_contract_is_exposed ... ok
2026-10-10T22:02:25.6741780Z test tests::phase4_feature_gate_manifest_tracks_core_optional_surfaces ... ok
2026-10-10T22:02:25.6751423Z test tests::phase5_browser_gpu_sources_do_not_use_blocking_or_global_context ... ok
2026-10-10T22:02:25.6929716Z test tests::phase5_core_production_sources_have_no_blocking_or_global_gpu_callsite_tokens ... ok
2026-10-10T22:02:25.7107974Z test tests::phase5_core_source_tree_has_no_legacy_global_gpu_singleton ... ok
2026-10-10T22:02:25.7113330Z test tests::phase5_gpu_runtime_api_is_public_without_legacy_singleton ... ok
2026-10-10T22:02:25.7118189Z test tests::phase8_core_terrain_heightmap_contract_is_exposed ... ok
2026-10-10T22:02:25.7122895Z test tests::phase9_core_camera_contract_is_exposed ... ok
2026-10-10T22:02:25.7127782Z test tests::removed_python_binding_roots_do_not_exist_in_browser_only_workspace ... ok
2026-10-10T22:02:25.7131551Z test vector::tests::conservative_culling_keeps_intersecting_triangles ... ok
2026-10-10T22:02:25.7135137Z test vector::tests::extrusion_and_billboard_have_pixel_units ... ok
2026-10-10T22:02:25.7138820Z test vector::tests::fused_matrix_control_crosses_the_directed_depth_storage_boundary ... ok
2026-10-10T22:02:25.7142256Z test vector::tests::gpu_storage_layouts ... ok
2026-10-10T22:02:25.7145688Z test vector::tests::native_weight_is_alpha_scaled ... ok
2026-10-10T22:02:25.7149811Z test vector::tests::near_coplanar_drapes_never_round_behind_the_surface ... ok
2026-10-10T22:02:25.7153115Z test vector::tests::projection_preserves_large_coordinate_cancellation ... ok
2026-10-10T22:02:25.7464546Z test codecs::sha256::tests::sha256_matches_standard_vectors ... ok
2026-10-10T22:02:25.9869525Z test offline::tests::edge_stopping_preserves_converged_detail_and_zero_matches_native_weights ... ok
2026-10-10T22:02:25.9983511Z test offline::tests::atrous_denoiser_meets_offline_denoise_acceptance ... ok
2026-10-10T22:02:25.9984387Z 
2026-10-10T22:02:25.9984988Z test result: ok. 94 passed; 0 failed; 0 ignored; 0 measured; 0 filtered out; finished in 0.40s
2026-10-10T22:02:25.9985567Z 
2026-10-10T22:02:26.0008801Z [1m[92m   Doc-tests[0m forge3d_core
2026-10-10T22:02:26.1537614Z 
2026-10-10T22:02:26.1538237Z running 1 test
2026-10-10T22:02:26.1543744Z test crates\forge3d-core\src\labels\layer.rs - labels::layer::label_layer_from_mapbox_style (line 440) ... ignored
2026-10-10T22:02:26.1544251Z 
2026-10-10T22:02:26.1544607Z test result: ok. 0 passed; 0 failed; 1 ignored; 0 measured; 0 filtered out; finished in 0.00s
2026-10-10T22:02:26.1544978Z 
2026-10-10T22:02:26.2930367Z ##[group]Run cargo test -p forge3d-core --features webgpu
2026-10-10T22:02:26.2930866Z [36;1mcargo test -p forge3d-core --features webgpu[0m
2026-10-10T22:02:26.3002545Z shell: C:\Program Files\PowerShell\7\pwsh.EXE -command ". '{0}'"
2026-10-10T22:02:26.3002906Z env:
2026-10-10T22:02:26.3003090Z   CARGO_TERM_COLOR: always
2026-10-10T22:02:26.3003319Z   RUST_BACKTRACE: 1
2026-10-10T22:02:26.3003913Z   CARGO_HOME: C:\Users\runneradmin\.cargo
2026-10-10T22:02:26.3004262Z   CARGO_INCREMENTAL: 0
2026-10-10T22:02:26.3004472Z ##[endgroup]
2026-10-10T22:02:26.7978821Z [1m[92m   Compiling[0m serde_core v1.0.228
2026-10-10T22:02:26.8000856Z [1m[92m   Compiling[0m serde v1.0.228
2026-10-10T22:02:26.8011589Z [1m[92m   Compiling[0m serde_derive v1.0.228
2026-10-10T22:02:29.6804733Z [1m[92m   Compiling[0m serde_json v1.0.150
2026-10-10T22:02:30.2764756Z [1m[92m   Compiling[0m forge3d-core v1.26.3 (D:\a\forge3d-web\forge3d-web\crates\forge3d-core)
2026-10-10T22:02:44.9073286Z [1m[92m    Finished[0m `test` profile [unoptimized + debuginfo] target(s) in 18.27s
2026-10-10T22:02:44.9157872Z [1m[92m     Running[0m unittests src\lib.rs (target\debug\deps\forge3d_core-f66fb224b9af2242.exe)
2026-10-10T22:02:44.9271041Z 
2026-10-10T22:02:44.9271443Z running 414 tests
2026-10-10T22:02:44.9280287Z test camera::tests::camera_input_orthographic_projection_and_extents ... ok
2026-10-10T22:02:44.9282270Z test camera::tests::camera_input_rejects_colinear_up_and_keeps_legacy_messages ... ok
2026-10-10T22:02:44.9283965Z test camera::tests::animation_edits_replace_clear_and_reject_non_finite ... ok
2026-10-10T22:02:44.9285286Z test camera::tests::controller_switches_modes_without_jumping_the_view ... ok
2026-10-10T22:02:44.9289600Z test camera::tests::fps_controller_moves_with_native_axes_and_speed ... ok
2026-10-10T22:02:44.9294997Z test camera::tests::mouse_drag_rotates_active_controller_with_pitch_clamp ... ok
2026-10-10T22:02:44.9696505Z test camera::tests::dof_helpers_match_native_oracle ... ok
2026-10-10T22:02:44.9703886Z test camera::tests::animation_matches_native_oracle ... ok
2026-10-10T22:02:44.9708412Z test camera::tests::render_config_names_frames_like_native ... ok
2026-10-10T22:02:44.9799443Z test camera::tests::projection_errors_keep_native_wording ... ok
2026-10-10T22:02:45.0091977Z test camera::tests::projection_matches_native_oracle ... ok
2026-10-10T22:02:45.0433895Z test camera::tests::rig_validation_matches_native_errors ... ok
2026-10-10T22:02:45.0472899Z test camera::tests::terrain_source_fills_nodata_and_samples_bilinearly ... ok
2026-10-10T22:02:45.0477339Z test camera::tests::clamped_rig_playback_never_violates_clearance_between_samples ... ok
2026-10-10T22:02:45.0597443Z test camera::tests::world_screen_round_trip_and_picking_ray ... ok
2026-10-10T22:02:45.0633152Z test codecs::exr::tests::beauty_round_trip_is_exact_and_header_matches_native_parser ... ok
2026-10-10T22:02:45.0638225Z test codecs::exr::tests::channel_naming_matches_native_exr_writer ... ok
2026-10-10T22:02:45.0643762Z test codecs::exr::tests::encoder_rejects_invalid_channel_sets ... ok
2026-10-10T22:02:45.0708124Z test codecs::exr::tests::malformed_and_oversized_files_fail_with_typed_errors_before_allocation ... ok
2026-10-10T22:02:45.0891223Z test camera::tests::transforms_match_native_oracle ... ok
2026-10-10T22:02:45.0896469Z test codecs::rgbe::tests::accepts_crlf_headers_and_rgbe_magic ... ok
2026-10-10T22:02:45.0902291Z test codecs::rgbe::tests::accepts_only_whitespace_trailing_bytes ... ok
2026-10-10T22:02:45.0906278Z test codecs::rgbe::tests::decodes_flat_pixels_below_rle_width_threshold ... ok
2026-10-10T22:02:45.0910304Z test codecs::rgbe::tests::decodes_old_flat_scanlines_at_rle_eligible_width ... ok
2026-10-10T22:02:45.0914700Z test codecs::rgbe::tests::decodes_rle_scanline_with_mixed_runs_and_literals ... ok
2026-10-10T22:02:45.0919015Z test codecs::rgbe::tests::enforces_dimension_and_pixel_limits ... ok
2026-10-10T22:02:45.0929496Z test codecs::rgbe::tests::hdr_values_are_not_clamped_to_one ... ok
2026-10-10T22:02:45.0932982Z test codecs::exr::tests::multichannel_aov_file_keeps_every_native_channel_and_exact_ids ... ok
2026-10-10T22:02:45.0934543Z test codecs::rgbe::tests::rejects_bad_magic_and_missing_format ... ok
2026-10-10T22:02:45.0937610Z test codecs::rgbe::tests::rejects_bad_resolution_lines ... ok
2026-10-10T22:02:45.0938505Z test codecs::rgbe::tests::rejects_empty_and_headerless_input ... ok
2026-10-10T22:02:45.0941844Z test codecs::rgbe::tests::rejects_rle_zero_counts_overflow_and_bad_markers ... ok
2026-10-10T22:02:45.0943146Z test codecs::rgbe::tests::rejects_truncated_flat_and_rle_data ... ok
2026-10-10T22:02:45.0944537Z test codecs::rgbe::tests::rejects_two_two_marker_with_wrong_declared_width ... ok
2026-10-10T22:02:45.0947321Z test codecs::rgbe::tests::reorients_all_axis_sign_combinations ... ok
2026-10-10T22:02:45.0948449Z test codecs::rgbe::tests::result_shape_matches_dimensions ... ok
2026-10-10T22:02:45.0951190Z test codecs::rgbe::tests::zero_exponent_produces_black_with_unit_alpha ... ok
2026-10-10T22:02:45.0952225Z test codecs::sha256::tests::ibl_source_hash_matches_lead_literal ... ok
2026-10-10T22:02:45.0956157Z test environment::tests::tests::bounded_volume ... ok
2026-10-10T22:02:45.0960307Z test environment::tests::tests::native_sun_contract ... ok
2026-10-10T22:02:45.0964902Z test gpu::runtime::tests::device_health_notifies_each_listener_once_on_first_loss ... ok
2026-10-10T22:02:45.0970669Z test gpu::runtime::tests::device_health_unsubscribe_detaches_listener ... ok
2026-10-10T22:02:45.0975296Z test gpu::runtime::tests::fatal_uncaptured_errors_mark_device_lost_and_notify_once ... ok
2026-10-10T22:02:45.0979239Z test gpu::runtime::tests::gpu_runtime_options_default_to_browser_compatible_limits ... ok
2026-10-10T22:02:45.0983367Z test gpu::runtime::tests::uncaptured_validation_error_is_retained_without_marking_device_lost ... ok
2026-10-10T22:02:45.0988825Z test gpu::surface::tests::surface_configuration_rejects_zero_size_before_touching_adapter ... ok
2026-10-10T22:02:45.0990462Z test camera::tests::rig_bakes_are_deterministic_and_never_violate_clearance ... ok
2026-10-10T22:02:45.0993793Z test gpu::surface::tests::surface_descriptor_defaults_to_fifo_presentation ... ok
2026-10-10T22:02:45.0995167Z test io::source::tests::byte_range_rejects_overflow ... ok
2026-10-10T22:02:45.0996007Z test camera::tests::rigs_bake_native_keyframes_and_sample_paths ... ok
2026-10-10T22:02:45.0999268Z test io::source::tests::fake_source_reads_full_and_ranged_bytes ... ok
2026-10-10T22:02:45.1000703Z test io::source::tests::little_endian_f32_decoder_validates_length_and_expected_count ... ok
2026-10-10T22:02:45.1003457Z test labels::callout::tests::test_auto_pointer_direction ... ok
2026-10-10T22:02:45.1004833Z test labels::callout::tests::test_callout_style_default ... ok
2026-10-10T22:02:45.1006061Z test labels::callout::tests::test_generate_rounded_rect ... ok
2026-10-10T22:02:45.1006770Z test labels::collision::tests::test_clear ... ok
2026-10-10T22:02:45.1009053Z test labels::collision::tests::test_collision ... ok
2026-10-10T22:02:45.1010213Z test labels::collision::tests::test_no_collision ... ok
2026-10-10T22:02:45.1012560Z test labels::curved::tests::test_sample_at_distance ... ok
2026-10-10T22:02:45.1015506Z test labels::curved::tests::test_sampled_path_from_polyline ... ok
2026-10-10T22:02:45.1016869Z test labels::declutter::tests::test_boxes_overlap ... ok
2026-10-10T22:02:45.1018415Z test labels::declutter::tests::test_greedy_non_overlapping ... ok
2026-10-10T22:02:45.1020556Z test labels::declutter::tests::test_greedy_overlapping_priority ... ok
2026-10-10T22:02:45.1021670Z test labels::layer::tests::test_feature_from_points ... ok
2026-10-10T22:02:45.1022637Z test labels::layer::tests::test_generate_labels ... ok
2026-10-10T22:02:45.1023581Z test labels::layer::tests::test_label_layer_creation ... ok
2026-10-10T22:02:45.1024537Z test labels::leader::tests::test_create_leader ... ok
2026-10-10T22:02:45.1028153Z test labels::leader::tests::test_elbow_leader ... ok
2026-10-10T22:02:45.1029119Z test labels::line_label::tests::test_glyph_rotation_flips_upside_down_reverse_line ... ok
2026-10-10T22:02:45.1031325Z test labels::leader::tests::test_generate_vertices ... ok
2026-10-10T22:02:45.1034211Z test labels::line_label::tests::test_glyph_rotation_follows_diagonal_tangent ... ok
2026-10-10T22:02:45.1036198Z test labels::line_label::tests::test_path_length ... ok
2026-10-10T22:02:45.1037550Z test labels::line_label::tests::test_sample_path ... ok
2026-10-10T22:02:45.1038481Z test labels::projection::tests::test_behind_camera ... ok
2026-10-10T22:02:45.1039216Z test labels::projection::tests::test_identity_projection ... ok
2026-10-10T22:02:45.1041653Z test labels::rtree::tests::test_collision ... ok
2026-10-10T22:02:45.1042501Z test labels::rtree::tests::test_clear ... ok
2026-10-10T22:02:45.1043168Z test labels::rtree::tests::test_no_collision ... ok
2026-10-10T22:02:45.1044088Z test labels::rtree::tests::test_query ... ok
2026-10-10T22:02:45.1045117Z test labels::typography::tests::test_kerning_table ... ok
2026-10-10T22:02:45.1045825Z test labels::typography::tests::test_text_case_title ... ok
2026-10-10T22:02:45.1047445Z test labels::typography::tests::test_text_case_upper ... ok
2026-10-10T22:02:45.1049036Z test labels::typography::tests::test_typography_defaults ... ok
2026-10-10T22:02:45.1051324Z test lighting::tests::effective_range_and_bounds_follow_the_shared_contract ... ok
2026-10-10T22:02:45.1052204Z test lighting::tests::packed_layout_matches_gpu_contract ... ok
2026-10-10T22:02:45.1055215Z test lighting::tests::packing_sets_two_sided_flag_without_overloading_casts_shadow ... ok
2026-10-10T22:02:45.1056552Z test lighting::tests::packing_writes_normalized_lanes ... ok
2026-10-10T22:02:45.1059229Z test lighting::tests::runtime_defaults_contain_normalized_key_and_fill ... ok
2026-10-10T22:02:45.1060265Z test lighting::tests::spot_cone_and_rect_sidedness_gate_point_queries ... ok
2026-10-10T22:02:45.1062800Z test lighting::tests::uniform_carries_global_lighting_fields ... ok
2026-10-10T22:02:45.1063734Z test lighting::tests::validation_normalizes_directions_and_rect_bases ... ok
2026-10-10T22:02:45.1067008Z test lighting::tests::validation_rejects_malformed_lights_and_config ... ok
2026-10-10T22:02:45.1069456Z test materials::tests::brdf_model_discriminants_match_canonical_order ... ok
2026-10-10T22:02:45.1070713Z test lighting::tests::ltc_lut_is_deterministic_finite_and_monotonic ... ok
2026-10-10T22:02:45.1071706Z test materials::tests::cooktorrance_ggx_matches_reference_at_normal_incidence ... ok
2026-10-10T22:02:45.1074509Z test materials::tests::default_state_contains_only_the_default_slot ... ok
2026-10-10T22:02:45.1078443Z test materials::tests::lambert_returns_base_over_pi ... ok
2026-10-10T22:02:45.1079742Z test materials::tests::every_model_returns_finite_nonnegative_at_incidence_and_grazing ... ok
2026-10-10T22:02:45.1082647Z test materials::tests::packed_layout_matches_gpu_contract ... ok
2026-10-10T22:02:45.1083477Z test materials::tests::packing_writes_material_lanes ... ok
2026-10-10T22:02:45.1087204Z test materials::tests::state_packing_indexes_by_slot_index ... ok
2026-10-10T22:02:45.1088109Z test materials::tests::route_table_covers_exact_alias_and_approximation ... ok
2026-10-10T22:02:45.1091193Z test materials::tests::texture_flags_pack_and_validate ... ok
2026-10-10T22:02:45.1092800Z test materials::tests::validation_rejects_malformed_materials_and_states ... ok
2026-10-10T22:02:45.1096443Z test memory::tests::default_budget_is_512_mib ... ok
2026-10-10T22:02:45.1097895Z test memory::tests::allocate_with_policy_records_admitted_bytes ... ok
2026-10-10T22:02:45.1100261Z test memory::tests::downscale_steps_down_deterministically ... ok
2026-10-10T22:02:45.1101063Z test memory::tests::downscale_uses_ceil_arithmetic ... ok
2026-10-10T22:02:45.1104020Z test memory::tests::duplicate_key_is_idempotent_and_conflicts_error ... ok
2026-10-10T22:02:45.1105041Z test memory::tests::low_quality_overflow_rejects ... ok
2026-10-10T22:02:45.1107921Z test memory::tests::peak_survives_release_and_clear ... ok
2026-10-10T22:02:45.1108809Z test memory::tests::reject_policy_fails_before_overflow ... ok
2026-10-10T22:02:45.1111875Z test memory::tests::release_updates_categories_and_unknown_release_is_false ... ok
2026-10-10T22:02:45.1112832Z test memory::tests::requested_quality_is_never_upgraded ... ok
2026-10-10T22:02:45.1116175Z test mesh_tbn::tests::degenerate_uvs_fall_back_to_finite_perpendicular ... ok
2026-10-10T22:02:45.1117355Z test mesh_tbn::tests::flat_quad_produces_unit_x_tangent ... ok
2026-10-10T22:02:45.1120642Z test mesh_tbn::tests::mirrored_uv_flips_handedness ... ok
2026-10-10T22:02:45.1121759Z test mesh_tbn::tests::shared_vertex_weights_tangents_by_geometric_area ... ok
2026-10-10T22:02:45.1124941Z test mesh_tbn::tests::tangents_are_orthonormal_to_normals ... ok
2026-10-10T22:02:45.1125764Z test mesh_tbn::tests::validation_rejects_malformed_inputs ... ok
2026-10-10T22:02:45.1128723Z test mesh_tbn::tests::validation_rejects_nonfinite_components ... ok
2026-10-10T22:02:45.1135441Z test offline::tests::atrous_denoiser_validates_inputs_and_uses_depth_guidance ... ok
2026-10-10T22:02:45.1140507Z test offline::tests::convergence_tracker_matches_native_history_semantics ... ok
2026-10-10T22:02:45.1144359Z test offline::tests::convergence_trend_rule_matches_native_window ... ok
2026-10-10T22:02:45.1730945Z test materials::tests::brdfs_integrate_to_bounded_energy ... ok
2026-10-10T22:02:45.1735568Z test offline::tests::halton_matches_native_radical_inverse ... ok
2026-10-10T22:02:45.1740343Z test offline::tests::image_metrics_report_identity_and_known_errors ... ok
2026-10-10T22:02:45.1744843Z test offline::tests::jitter_matches_native_perspective_formula_and_shifts_orthographic ... ok
2026-10-10T22:02:45.1749114Z test offline::tests::luminance_downsample_and_tile_means_follow_native_blocks ... ok
2026-10-10T22:02:45.1788572Z test offline::tests::noise_estimate_tracks_gaussian_like_noise_and_ignores_flat_images ... ok
2026-10-10T22:02:45.1793012Z test offline::tests::r2_sequence_reproduces_native_offsets ... ok
2026-10-10T22:02:45.1796761Z test offline::tests::tonemap_operators_match_native_curves ... ok
2026-10-10T22:02:45.1800553Z test postfx::tests::bloom_and_lens_match_native_formulas ... ok
2026-10-10T22:02:45.1804170Z test postfx::tests::hzb_includes_odd_edges_and_reaches_one_pixel ... ok
2026-10-10T22:02:45.1809176Z test postfx::tests::ordered_passes_expose_quality_blurs_and_atrous_iterations ... ok
2026-10-10T22:02:45.1813869Z test postfx::tests::temporal_disocclusion_rejects_identity_and_depth_changes ... ok
2026-10-10T22:02:45.1817678Z test postfx::tests::trilinear_lut_preserves_linear_rgb ... ok
2026-10-10T22:02:45.1824320Z test postfx::tests::wasm_boundary_rejects_order_quality_and_reserved_parameter_drift ... ok
2026-10-10T22:02:45.1828160Z test readback::tests::aligns_rows_to_webgpu_copy_alignment ... ok
2026-10-10T22:02:45.1832326Z test readback::tests::f16_decoding_is_exact_across_classes ... ok
2026-10-10T22:02:45.1873310Z test readback::tests::f16_encoding_round_trips_every_half_and_rounds_to_nearest_even ... ok
2026-10-10T22:02:45.1877404Z test readback::tests::float_and_uint_rows_decode_after_unpadding ... ok
2026-10-10T22:02:45.1881558Z test readback::tests::rgba8_layout_uses_padded_rows_and_tight_row_size ... ok
2026-10-10T22:02:45.1885339Z test readback::tests::typed_formats_report_texel_sizes_and_padded_layouts ... ok
2026-10-10T22:02:45.1889215Z test readback::tests::unpad_rows_returns_tightly_packed_rgba ... ok
2026-10-10T22:02:45.1893846Z test render_graph::alias_tests::byte_totals_overflow_is_an_error ... ok
2026-10-10T22:02:45.1898791Z test render_graph::alias_tests::disjoint_compatible_transients_alias_to_one_physical ... ok
2026-10-10T22:02:45.1903489Z test render_graph::alias_tests::incompatible_kinds_and_non_transients_do_not_alias ... ok
2026-10-10T22:02:45.1908348Z test render_graph::alias_tests::logical_and_physical_bytes_account_aliases_once ... ok
2026-10-10T22:02:45.1912831Z test render_graph::alias_tests::overlapping_lifetimes_do_not_alias ... ok
2026-10-10T22:02:45.1916544Z test render_graph::alias_tests::texture_byte_size_uses_checked_arithmetic ... ok
2026-10-10T22:02:45.1920518Z test render_graph::tests::add_dependency_seam_can_create_rejected_cycles ... ok
2026-10-10T22:02:45.1924287Z test render_graph::tests::add_pass_rejects_invalid_handles ... ok
2026-10-10T22:02:45.1928051Z test render_graph::tests::add_pass_rejects_read_write_conflicts ... ok
2026-10-10T22:02:45.1932636Z test render_graph::tests::explicit_dependencies_order_independent_passes ... ok
2026-10-10T22:02:45.1937171Z test render_graph::tests::hazard_edges_compile_terrain_ground_text_overlay_order ... ok
2026-10-10T22:02:45.1941050Z test render_graph::tests::topological_order_rejects_cycles ... ok
2026-10-10T22:02:45.1944919Z test resources::tests::bundle_cache_insert_replace_remove ... ok
2026-10-10T22:02:45.1948834Z test resources::tests::chunked_buffer_fills_chunks_and_applies_backpressure ... ok
2026-10-10T22:02:45.1952740Z test resources::tests::chunked_buffer_validates_arguments ... ok
2026-10-10T22:02:45.1956509Z test resources::tests::compressed_texture_size_rounds_up_odd_dimensions ... ok
2026-10-10T22:02:45.1960117Z test resources::tests::double_buffer_swaps_front_and_back ... ok
2026-10-10T22:02:45.1963555Z test resources::tests::mip_level_count_uses_max_dimension ... ok
2026-10-10T22:02:45.1967116Z test resources::tests::staging_ring_respects_alignment ... ok
2026-10-10T22:02:45.1970853Z test resources::tests::staging_ring_validates_arguments ... ok
2026-10-10T22:02:45.1974517Z test resources::tests::staging_ring_wraps_and_stalls_until_fence_completes ... ok
2026-10-10T22:02:45.1978221Z test resources::tests::texture_byte_size_rejects_mip_levels_beyond_chain ... ok
2026-10-10T22:02:45.1981803Z test resources::tests::texture_byte_size_sums_all_mips ... ok
2026-10-10T22:02:45.1985356Z test resources::tests::texture_format_info_covers_block_formats ... ok
2026-10-10T22:02:45.1988960Z test resources::tests::transcode_fallback_prefers_bc7_then_etc2_then_rgba8 ... ok
2026-10-10T22:02:45.1993427Z test scene::tests::invisible_parent_suppresses_descendants ... ok
2026-10-10T22:02:45.1997327Z test scene::tests::remove_deletes_subtree_child_before_parent ... ok
2026-10-10T22:02:45.2001137Z test scene::tests::reparent_updates_roots_and_children_without_duplicates ... ok
2026-10-10T22:02:45.2005015Z test scene::tests::set_parent_rejects_missing_self_and_ancestor_cycles ... ok
2026-10-10T22:02:45.2010205Z test scene::tests::visible_traversal_orders_parents_before_children_across_kinds ... ok
2026-10-10T22:02:45.2014399Z test scene::tests::world_transform_composes_parent_and_local ... ok
2026-10-10T22:02:45.2018640Z test shadowing::tests::cascades_produce_finite_distinct_matrices ... ok
2026-10-10T22:02:45.2022522Z test shadowing::tests::cascades_reject_invalid_inputs ... ok
2026-10-10T22:02:45.2026346Z test shadowing::tests::config_validation_rejects_bad_values ... ok
2026-10-10T22:02:45.2030178Z test shadowing::tests::csm_defaults_and_validation ... ok
2026-10-10T22:02:45.2033541Z test shadowing::tests::debug_view_names_are_exact ... ok
2026-10-10T22:02:45.2036924Z test shadowing::tests::default_config_is_disabled_pcf ... ok
2026-10-10T22:02:45.2040875Z test shadowing::tests::disabled_splits_cover_near_to_min_far ... ok
2026-10-10T22:02:45.2044819Z test shadowing::tests::effective_map_size_drives_cascade_texel_grid ... ok
2026-10-10T22:02:45.2048903Z test shadowing::tests::enabled_splits_match_practical_split_scheme_literal ... ok
2026-10-10T22:02:45.2052608Z test shadowing::tests::estimated_gpu_bytes_follows_contract ... ok
2026-10-10T22:02:45.2056366Z test shadowing::tests::estimated_gpu_bytes_rejects_out_of_range_cascade_counts ... ok
2026-10-10T22:02:45.2060254Z test shadowing::tests::filter_names_parse_case_insensitively ... ok
2026-10-10T22:02:45.2064912Z test shadowing::tests::moment_filters_are_vsm_evsm_msm ... ok
2026-10-10T22:02:45.2068836Z test shadowing::tests::msm_reference_solve_is_finite_and_differs_from_vsm ... ok
2026-10-10T22:02:45.2072369Z test shadowing::tests::packed_uniform_places_fields ... ok
2026-10-10T22:02:45.2075831Z test shadowing::tests::peter_panning_safe_requires_bias_and_offset ... ok
2026-10-10T22:02:45.2079542Z test shadowing::tests::split_distances_reject_shadow_far_at_or_below_near ... ok
2026-10-10T22:02:45.2083251Z test shadowing::tests::split_distances_validate_planes ... ok
2026-10-10T22:02:45.2086725Z test shadowing::tests::stabilize_bounds_matches_lead_literal ... ok
2026-10-10T22:02:45.2091110Z test shadowing::tests::sub_texel_camera_translation_stabilizes_identically ... ok
2026-10-10T22:02:45.2094649Z test shadowing::tests::uniform_layout_is_exact ... ok
2026-10-10T22:02:45.2098435Z test shadowing::tests::unstabilized_cascades_track_camera_translation ... ok
2026-10-10T22:02:45.2102563Z test terrain::tests::bounds_validate_and_resolve ... ok
2026-10-10T22:02:45.2106584Z test terrain::tests::clipmap_options_resolve_and_validate ... ok
2026-10-10T22:02:45.2114118Z test terrain::tests::clipmap_requires_perspective_render_mode ... ok
2026-10-10T22:02:45.2117838Z test terrain::tests::explicit_grid_geometry_matches_default ... ok
2026-10-10T22:02:45.2121310Z test terrain::tests::geometry_defaults_to_grid ... ok
2026-10-10T22:02:45.2133265Z test terrain::tests::streaming_atlas_larger_than_the_device_dimension_is_resource_limit_exceeded ... ok
2026-10-10T22:02:45.2144553Z test terrain::tests::streaming_rejects_explicit_grid_geometry ... ok
2026-10-10T22:02:45.2155801Z test terrain::tests::streaming_rejects_zero_max_in_flight ... ok
2026-10-10T22:02:45.2161270Z test terrain::tests::streaming_requires_coarsest_level_heights ... ok
2026-10-10T22:02:45.2164914Z test terrain::tests::streaming_requires_minimum_pyramid_dims ... ok
2026-10-10T22:02:45.2169179Z test terrain::tests::streaming_requires_tile_size_at_least_16 ... ok
2026-10-10T22:02:45.2172828Z test terrain::tests::streaming_requires_width_and_height ... ok
2026-10-10T22:02:45.2183954Z test terrain::tests::streaming_resident_budget_must_fit_coarsest_plus_slot ... ok
2026-10-10T22:02:45.2195410Z test terrain::tests::streaming_resolves_pyramid_and_implies_clipmap ... ok
2026-10-10T22:02:45.2199195Z test terrain::tests::terrain_analysis_config_validation ... ok
2026-10-10T22:02:45.2203003Z test terrain::tests::terrain_analysis_disabled_modes_return_full_visibility ... ok
2026-10-10T22:02:45.2207136Z test terrain::tests::terrain_analysis_methods_reject_invalid_configs ... ok
2026-10-10T22:02:45.2211312Z test terrain::tests::terrain_contours_follow_linear_ramp ... ok
2026-10-10T22:02:45.2214998Z test terrain::tests::terrain_contours_reject_invalid_levels ... ok
2026-10-10T22:02:45.2218903Z test terrain::tests::terrain_contours_uses_asymptotic_determinant ... ok
2026-10-10T22:02:45.2225360Z test terrain::tests::terrain_flat_ao_and_sun_are_fully_visible ... ok
2026-10-10T22:02:45.2229097Z test terrain::tests::terrain_heightmap_computes_min_max ... ok
2026-10-10T22:02:45.2232988Z test terrain::tests::terrain_heightmap_defaults_to_legacy_normalized_extent ... ok
2026-10-10T22:02:45.2236733Z test terrain::tests::terrain_heightmap_excludes_nodata_and_nan_from_min_max ... ok
2026-10-10T22:02:45.2240977Z test terrain::tests::terrain_heightmap_rejects_infinite_nodata ... ok
2026-10-10T22:02:45.2244790Z test terrain::tests::terrain_heightmap_rejects_invalid_metadata ... ok
2026-10-10T22:02:45.2248778Z test terrain::tests::terrain_heightmap_rejects_length_mismatch ... ok
2026-10-10T22:02:45.2252432Z test terrain::tests::terrain_heightmap_rejects_no_valid_samples ... ok
2026-10-10T22:02:45.2256186Z test terrain::tests::terrain_heightmap_rejects_non_finite_samples ... ok
2026-10-10T22:02:45.2259916Z test terrain::tests::terrain_mesh_descriptor_builds_normalized_grid ... ok
2026-10-10T22:02:45.2263627Z test terrain::tests::terrain_mesh_descriptor_rejects_single_cell ... ok
2026-10-10T22:02:45.2267811Z test terrain::tests::terrain_mesh_descriptor_uses_physical_spacing ... ok
2026-10-10T22:02:45.2271492Z test terrain::tests::terrain_query_reproduces_plane ... ok
2026-10-10T22:02:45.2275241Z test terrain::tests::terrain_slope_aspect_handles_nodata_center ... ok
2026-10-10T22:02:45.2279007Z test terrain::tests::terrain_slope_aspect_handles_single_axis_dimensions ... ok
2026-10-10T22:02:45.2282980Z test terrain::tests::terrain_slope_aspect_matches_analytic_plane ... ok
2026-10-10T22:02:45.2290732Z test terrain::tests::terrain_valley_is_occluded_by_ao_and_sun ... ok
2026-10-10T22:02:45.2338148Z test codecs::sha256::tests::sha256_matches_standard_vectors ... ok
2026-10-10T22:02:45.2342050Z test terrain_clipmap::tests::test_center_snapping ... ok
2026-10-10T22:02:45.2345560Z test terrain_clipmap::tests::test_clipmap_config_valid ... ok
2026-10-10T22:02:45.2349509Z test terrain_clipmap::tests::test_clipmap_config_validation ... ok
2026-10-10T22:02:45.5875680Z test offline::tests::atrous_denoiser_meets_offline_denoise_acceptance ... ok
2026-10-10T22:02:45.6319555Z test offline::tests::edge_stopping_preserves_converged_detail_and_zero_matches_native_weights ... ok
2026-10-10T22:02:45.8552234Z test terrain_clipmap::tests::test_dominant_winding ... ok
2026-10-10T22:02:45.8556884Z test terrain_clipmap::tests::test_frustum_planes_from_view_proj ... ok
2026-10-10T22:02:48.3523524Z test terrain_clipmap::tests::test_generate_terrain_mesh_different_centers ... ok
2026-10-10T22:02:50.1571759Z test terrain_clipmap::tests::test_generate_terrain_mesh_different_extents ... ok
2026-10-10T22:02:50.7791531Z test terrain_clipmap::tests::test_generate_terrain_mesh_valid ... ok
2026-10-10T22:02:51.1204233Z test terrain_clipmap::tests::test_height_discontinuity_tolerance_and_negative_control ... ok
2026-10-10T22:02:52.0528408Z test terrain_clipmap::tests::test_fixture_config ... ok
2026-10-10T22:02:53.2432292Z test terrain_clipmap::tests::test_known_reductions ... ok
2026-10-10T22:02:53.2761880Z test terrain_clipmap::tests::test_lod_selection_monotonic_with_distance ... ok
2026-10-10T22:02:53.2805919Z test terrain_clipmap::tests::test_lod_selection_near_and_far ... ok
2026-10-10T22:02:53.8917586Z test terrain_clipmap::tests::test_mesh_topology ... ok
2026-10-10T22:02:53.8922941Z test terrain_clipmap::tests::test_morph_weight_native_formula ... ok
2026-10-10T22:02:54.1673711Z test terrain_clipmap::tests::test_known_triangle_counts ... ok
2026-10-10T22:02:54.1678197Z test terrain_clipmap::tests::test_pack_tile_id ... ok
2026-10-10T22:02:54.1682486Z test terrain_clipmap::tests::test_ring_cell_mapping ... ok
2026-10-10T22:02:54.7716716Z test terrain_clipmap::tests::test_ring_vs_center_size ... ok
2026-10-10T22:02:55.6095001Z test terrain_clipmap::tests::test_estimate_triangle_count_matches_generation ... ok
2026-10-10T22:02:55.7041080Z test terrain_clipmap::tests::test_morph_weights ... ok
2026-10-10T22:02:56.1724416Z test terrain_clipmap::tests::test_seam_free_odd_and_negative_camera_snapping ... ok
2026-10-10T22:02:56.2991877Z test terrain_clipmap::tests::test_triangle_count_vs_fullres ... ok
2026-10-10T22:02:56.7797312Z test terrain_clipmap::tests::test_triangle_reduction ... ok
2026-10-10T22:02:56.9166812Z test terrain_clipmap::tests::test_triangle_reduction_across_ring_counts ... ok
2026-10-10T22:02:57.3774825Z test terrain_clipmap::tests::test_uv_bounds ... ok
2026-10-10T22:02:57.5132887Z test terrain_clipmap::tests::test_vertex_position_evaluation ... ok
2026-10-10T22:02:57.5138434Z test terrain_material::tests::aux_array_packs_detail_normals_and_masks_with_neutral_defaults ... ok
2026-10-10T22:02:57.5143331Z test terrain_material::tests::defaults_match_native_settings_and_zero_feature_baseline ... ok
2026-10-10T22:02:57.5148232Z test terrain_material::tests::flat_material_set_uses_one_texel_per_layer_with_native_rounding ... ok
2026-10-10T22:02:57.5153087Z test terrain_material::tests::height_curve_lut_packs_row_major ... ok
2026-10-10T22:02:57.5157816Z test terrain_material::tests::invalid_layer_textures_fall_back_to_base_color_with_a_diagnostic ... ok
2026-10-10T22:02:57.9821333Z test terrain_clipmap::tests::test_xz_covers_extent ... ok
2026-10-10T22:02:57.9827174Z test terrain_material::tests::packing_follows_native_upload_rules ... ok
2026-10-10T22:02:57.9832045Z test terrain_material::tests::specular_aa_tiers_set_variance_thresholds ... ok
2026-10-10T22:02:57.9836940Z test terrain_material::tests::terrain_default_layers_match_native_material_set ... ok
2026-10-10T22:02:57.9842818Z test terrain_material::tests::textured_layers_resample_to_the_first_texture_and_build_mips ... ok
2026-10-10T22:02:57.9847549Z test terrain_material::tests::uniform_layout_matches_wgsl_struct ... ok
2026-10-10T22:02:57.9854217Z test terrain_material::tests::validation_keeps_native_messages ... ok
2026-10-10T22:02:57.9858833Z test terrain_overlay::tests::test_at_most_8_visible_layers ... ok
2026-10-10T22:02:57.9863072Z test terrain_overlay::tests::test_bilinear_edge_clamp_and_opacity ... ok
2026-10-10T22:02:57.9867555Z test terrain_overlay::tests::test_bilinear_sampling_round_trips_texel_centers ... ok
2026-10-10T22:02:57.9871724Z test terrain_overlay::tests::test_blend_linear_modes ... ok
2026-10-10T22:02:57.9875460Z test terrain_overlay::tests::test_blend_mode_parse_valid ... ok
2026-10-10T22:02:57.9879042Z test terrain_overlay::tests::test_blend_mode_values ... ok
2026-10-10T22:02:57.9884489Z test terrain_overlay::tests::test_crs_transform ... ok
2026-10-10T22:02:57.9888157Z test terrain_overlay::tests::test_empty_name_rejected ... ok
2026-10-10T22:02:57.9891757Z test terrain_overlay::tests::test_extent_validation ... ok
2026-10-10T22:02:57.9895319Z test terrain_overlay::tests::test_georeference_uv_crs ... ok
2026-10-10T22:02:57.9899093Z test terrain_overlay::tests::test_global_opacity_validation ... ok
2026-10-10T22:02:57.9903178Z test terrain_overlay::tests::test_has_visible_layers ... ok
2026-10-10T22:02:57.9906980Z test terrain_overlay::tests::test_image_validation ... ok
2026-10-10T22:02:57.9910760Z test terrain_overlay::tests::test_invalid_blend_mode_rejected ... ok
2026-10-10T22:02:57.9914398Z test terrain_overlay::tests::test_layer_count ... ok
2026-10-10T22:02:57.9918042Z test terrain_overlay::tests::test_layer_custom_values ... ok
2026-10-10T22:02:57.9921891Z test terrain_overlay::tests::test_layer_default_values ... ok
2026-10-10T22:02:57.9925568Z test terrain_overlay::tests::test_mercator_roundtrip ... ok
2026-10-10T22:02:57.9929124Z test terrain_overlay::tests::test_negative_z_order ... ok
2026-10-10T22:02:57.9932793Z test terrain_overlay::tests::test_normalize_crs ... ok
2026-10-10T22:02:57.9936427Z test terrain_overlay::tests::test_opacity_range_validation ... ok
2026-10-10T22:02:58.0066084Z test terrain_overlay::tests::test_plan_budget_downscale_and_limit ... ok
2026-10-10T22:02:58.0071631Z test terrain_overlay::tests::test_plan_crs_layer_identical_crs ... ok
2026-10-10T22:02:58.0075968Z test terrain_overlay::tests::test_plan_crs_layer_reprojected ... ok
2026-10-10T22:02:58.0080180Z test terrain_overlay::tests::test_plan_crs_mismatch_error ... ok
2026-10-10T22:02:58.0173003Z test terrain_overlay::tests::test_plan_determinism ... ok
2026-10-10T22:02:58.0176834Z test terrain_overlay::tests::test_plan_disabled_and_no_visible ... ok
2026-10-10T22:02:58.0181415Z test terrain_overlay::tests::test_plan_resample_exact_full_extent ... ok
2026-10-10T22:02:58.0185774Z test terrain_overlay::tests::test_plan_resamples_uv_extent ... ok
2026-10-10T22:02:58.2237202Z test terrain_overlay::tests::test_plan_target_dims_and_scale ... ok
2026-10-10T22:02:58.2241905Z test terrain_overlay::tests::test_resolution_scale_validation ... ok
2026-10-10T22:02:58.2245754Z test terrain_overlay::tests::test_settings_default_values ... ok
2026-10-10T22:02:58.2249644Z test terrain_overlay::tests::test_srgb_to_linear ... ok
2026-10-10T22:02:58.2253611Z test terrain_overlay::tests::test_visible_layers_filters_invisible ... ok
2026-10-10T22:02:58.2257520Z test terrain_overlay::tests::test_z_order_sorting ... ok
2026-10-10T22:02:58.2272668Z test terrain_overlay::tests::test_z_order_stable_by_input_index ... ok
2026-10-10T22:02:58.2312608Z test terrain_probes::heightfield_baker::tests::test_flat_terrain_unoccluded ... ok
2026-10-10T22:02:58.2334775Z test terrain_probes::heightfield_baker::tests::test_nodata_heightfield_no_nan ... ok
2026-10-10T22:02:58.2815740Z test terrain_probes::heightfield_baker::tests::test_probe_bake_deterministic ... ok
2026-10-10T22:02:58.3029108Z test terrain_probes::reflection_baker::tests::test_reflection_probe_bake_deterministic ... ok
2026-10-10T22:02:58.3122575Z test terrain_probes::reflection_baker::tests::test_reflection_probe_generates_mips ... ok
2026-10-10T22:02:58.3127902Z test terrain_probes::types::tests::test_probe_placement_invariant ... ok
2026-10-10T22:02:58.4776358Z test terrain_material::tests::material_textures_downscale_to_the_budget_and_report_it ... ok
2026-10-10T22:02:58.4811874Z test terrain_scatter::tests::hlod_static_sphere_and_animated_population_bounds_are_independent ... ok
2026-10-10T22:02:58.4826007Z test terrain_scatter::tests::mesh_attributes_and_material_slots_are_bounded_at_wasm_boundary ... ok
2026-10-10T22:02:58.4833115Z test terrain_scatter::tests::native_lod_threshold_and_cull_boundary ... ok
2026-10-10T22:02:58.4842140Z test terrain_scatter::tests::raw_wasm_payload_rejects_bounds_and_wind_tampering ... ok
2026-10-10T22:02:58.4848797Z test terrain_scatter::tests::tiny_population_slack_scales_with_actual_diagonal ... ok
2026-10-10T22:02:58.4853305Z test terrain_stream::tests::test_data_lod_for_ring ... ok
2026-10-10T22:02:58.4858789Z test terrain_stream::tests::test_mosaic_backpressure ... ok
2026-10-10T22:02:58.4863704Z test terrain_stream::tests::test_mosaic_bytes_and_slot_origin ... ok
2026-10-10T22:02:58.4868264Z test terrain_stream::tests::test_mosaic_capacity_check ... ok
2026-10-10T22:02:58.4873254Z test terrain_stream::tests::test_mosaic_dirty_lods_scope ... ok
2026-10-10T22:02:58.4878046Z test terrain_stream::tests::test_mosaic_insert_lookup_evict ... ok
2026-10-10T22:02:58.4883559Z test terrain_stream::tests::test_mosaic_page_table_and_dirty_lods ... ok
2026-10-10T22:02:58.4888193Z test terrain_stream::tests::test_mosaic_pin_coarsest_required ... ok
2026-10-10T22:02:58.4892903Z test terrain_stream::tests::test_mosaic_pinned_never_evicted ... ok
2026-10-10T22:02:58.4897616Z test terrain_stream::tests::test_mosaic_resident_bytes ... ok
2026-10-10T22:02:58.4902685Z test terrain_stream::tests::test_mosaic_resolve_fallback_chain ... ok
2026-10-10T22:02:58.4907900Z test terrain_stream::tests::test_plan_clipmap_requests_cover_footprint ... ok
2026-10-10T22:02:58.4915767Z test terrain_stream::tests::test_plan_clipmap_requests_deterministic ... ok
2026-10-10T22:02:58.4920232Z test terrain_stream::tests::test_pyramid_contains_and_parent_of ... ok
2026-10-10T22:02:58.4924886Z test terrain_stream::tests::test_pyramid_fixture_dims ... ok
2026-10-10T22:02:58.4929147Z test terrain_stream::tests::test_pyramid_tile_rect_clipped_at_edge ... ok
2026-10-10T22:02:58.4933484Z test terrain_stream::tests::test_pyramid_total_and_finest_sample ... ok
2026-10-10T22:02:58.4937823Z test terrain_stream::tests::test_pyramid_validation ... ok
2026-10-10T22:02:58.4942721Z test terrain_stream::tests::test_queue_backpressure ... ok
2026-10-10T22:02:58.4946863Z test terrain_stream::tests::test_queue_cancel_and_reacquire ... ok
2026-10-10T22:02:58.4952249Z test terrain_stream::tests::test_queue_counters ... ok
2026-10-10T22:02:58.4956935Z test terrain_stream::tests::test_queue_prefer_coarse ... ok
2026-10-10T22:02:58.4961916Z test terrain_stream::tests::test_queue_prefer_coarse_cancels_descendants ... ok
2026-10-10T22:02:58.4966582Z test terrain_stream::tests::test_queue_prefer_fine ... ok
2026-10-10T22:02:58.4970735Z test terrain_stream::tests::test_tile_id_descendant ... ok
2026-10-10T22:02:58.4975225Z test terrain_stream::tests::test_tile_id_hierarchy ... ok
2026-10-10T22:02:58.4979387Z test terrain_stream::tests::test_tile_id_pack ... ok
2026-10-10T22:02:58.5247551Z test terrain_vt::tests::test_apply_feedback_bounds_filtering ... ok
2026-10-10T22:02:58.6304707Z test terrain_vt::tests::test_budget_never_exceeded_under_camera_sweep ... ok
2026-10-10T22:02:58.6314037Z test terrain_vt::tests::test_build_tile_data_border_clamping ... ok
2026-10-10T22:02:58.6535322Z test terrain_vt::tests::test_collect_requests_deterministic_and_ancestors ... ok
2026-10-10T22:02:58.6721705Z test terrain_probes::types::tests::test_probe_placement_invariant_fails_on_mismatch - should panic ... ok
2026-10-10T22:02:58.6781148Z test terrain_vt::tests::test_ensure_resident_hit_miss_evict ... ok
2026-10-10T22:02:58.6785620Z test terrain_vt::tests::test_mip_chain_values ... ok
2026-10-10T22:02:58.6789400Z test terrain_vt::tests::test_native_terrain_vt_runtime_is_currently_albedo_only ... ok
2026-10-10T22:02:58.6969246Z test terrain_vt::tests::test_fallback_colors ... ok
2026-10-10T22:02:58.7038092Z test terrain_vt::tests::test_page_table_texels_and_dirty_layers ... ok
2026-10-10T22:02:58.7043084Z test terrain_vt::tests::test_registry_albedo_size_mismatch ... ok
2026-10-10T22:02:58.7047654Z test terrain_vt::tests::test_registry_clear_and_generation ... ok
2026-10-10T22:02:58.7152978Z test terrain_vt::tests::test_registry_non_albedo_nonempty ... ok
2026-10-10T22:02:58.7273243Z test terrain_vt::tests::test_record_upload_ms_running_average ... ok
2026-10-10T22:02:58.7497483Z test terrain_vt::tests::test_registry_virtual_size_mismatch_reregister ... ok
2026-10-10T22:02:58.7500693Z test terrain_vt::tests::test_registry_virtual_size_validation ... ok
2026-10-10T22:02:58.7756927Z test terrain_vt::tests::test_runtime_geometry_and_budget ... ok
2026-10-10T22:02:58.7835983Z test terrain_vt::tests::test_runtime_resident_megabytes ... ok
2026-10-10T22:02:58.7879321Z test terrain_vt::tests::test_runtime_source_size_must_match_layer ... ok
2026-10-10T22:02:58.7885380Z test terrain_vt::tests::test_support_report_albedo_only ... ok
2026-10-10T22:02:58.7904292Z test terrain_vt::tests::test_support_report_custom_layer_id ... ok
2026-10-10T22:02:58.7995825Z test terrain_vt::tests::test_support_report_non_albedo_deterministic ... ok
2026-10-10T22:02:58.7999555Z test terrain_vt::tests::test_runtime_skips_non_albedo_and_out_of_range_sources ... ok
2026-10-10T22:02:58.8222789Z test terrain_vt::tests::test_target_mip_level ... ok
2026-10-10T22:02:58.8247432Z test terrain_vt::tests::test_vt_atlas_larger_than_the_device_dimension_is_resource_limit_exceeded ... ok
2026-10-10T22:02:58.8250025Z test terrain_vt::tests::test_visible_uv_rect_mesh_vs_screen ... ok
2026-10-10T22:02:58.8253351Z test terrain_vt::tests::test_vt_full_pyramid_levels ... ok
2026-10-10T22:02:58.8254372Z test terrain_vt::tests::test_vt_layer_family_accepts_forward_compatible_families ... ok
2026-10-10T22:02:58.8257409Z test terrain_vt::tests::test_vt_layer_family_defaults ... ok
2026-10-10T22:02:58.8258258Z test terrain_vt::tests::test_vt_layer_family_rejects_unknown ... ok
2026-10-10T22:02:58.8261748Z test terrain_vt::tests::test_vt_layer_family_validation ... ok
2026-10-10T22:02:58.8262695Z test terrain_vt::tests::test_vt_layer_pages_at_mip_non_power_of_two ... ok
2026-10-10T22:02:58.8266149Z test terrain_vt::tests::test_vt_settings_actual_mip_count ... ok
2026-10-10T22:02:58.8267716Z test terrain_vt::tests::test_vt_settings_defaults ... ok
2026-10-10T22:02:58.8273452Z test terrain_vt::tests::test_vt_settings_reject_duplicate_families ... ok
2026-10-10T22:02:58.8274439Z test terrain_vt::tests::test_vt_settings_reject_indivisible_atlas ... ok
2026-10-10T22:02:58.8277590Z test terrain_vt::tests::test_vt_settings_validation_ranges ... ok
2026-10-10T22:02:58.8278749Z test terrain_vt::tests::test_vtstats_default_disabled ... ok
2026-10-10T22:02:58.8286934Z test tests::default_core_root_does_not_expose_staged_native_or_offline_modules ... ok
2026-10-10T22:02:58.8292680Z test tests::phase10_core_readback_contract_is_exposed ... ok
2026-10-10T22:02:58.8296603Z test tests::phase4_feature_gate_manifest_tracks_core_optional_surfaces ... ok
2026-10-10T22:02:58.8306999Z test tests::phase5_browser_gpu_sources_do_not_use_blocking_or_global_context ... ok
2026-10-10T22:02:58.8497433Z test tests::phase5_core_production_sources_have_no_blocking_or_global_gpu_callsite_tokens ... ok
2026-10-10T22:02:58.8689415Z test tests::phase5_core_source_tree_has_no_legacy_global_gpu_singleton ... ok
2026-10-10T22:02:58.8705060Z test tests::core_source_tree_has_no_python_boundary_tokens ... ok
2026-10-10T22:02:58.8706879Z test tests::phase5_gpu_runtime_api_is_public_without_legacy_singleton ... ok
2026-10-10T22:02:58.8710947Z test tests::phase8_core_terrain_heightmap_contract_is_exposed ... ok
2026-10-10T22:02:58.8711934Z test tests::phase9_core_camera_contract_is_exposed ... ok
2026-10-10T22:02:58.8715849Z test timing::tests::finish_frame_increments_index_and_drains_passes ... ok
2026-10-10T22:02:58.8716961Z test tests::removed_python_binding_roots_do_not_exist_in_browser_only_workspace ... ok
2026-10-10T22:02:58.8720234Z test timing::tests::non_finite_or_negative_times_are_rejected ... ok
2026-10-10T22:02:58.8721206Z test timing::tests::record_gpu_falls_back_to_cpu_when_unsupported ... ok
2026-10-10T22:02:58.8724516Z test timing::tests::source_reflects_timestamp_query_support ... ok
2026-10-10T22:02:58.8725504Z test vector::tests::conservative_culling_keeps_intersecting_triangles ... ok
2026-10-10T22:02:58.8728742Z test vector::tests::extrusion_and_billboard_have_pixel_units ... ok
2026-10-10T22:02:58.8729825Z test vector::tests::fused_matrix_control_crosses_the_directed_depth_storage_boundary ... ok
2026-10-10T22:02:58.8732896Z test vector::tests::gpu_storage_layouts ... ok
2026-10-10T22:02:58.8734416Z test vector::tests::native_weight_is_alpha_scaled ... ok
2026-10-10T22:02:58.8737183Z test vector::tests::projection_preserves_large_coordinate_cancellation ... ok
2026-10-10T22:02:58.8738300Z test vector::tests::near_coplanar_drapes_never_round_behind_the_surface ... ok
2026-10-10T22:03:03.5780548Z test terrain_clipmap::tests::test_area_coverage_exact_across_configs_and_cameras ... ok
2026-10-10T22:03:16.3156843Z test terrain_clipmap::tests::test_seam_free_across_configs_and_cameras ... ok
2026-10-10T22:03:16.3157449Z 
2026-10-10T22:03:16.3158050Z test result: ok. 414 passed; 0 failed; 0 ignored; 0 measured; 0 filtered out; finished in 31.39s
2026-10-10T22:03:16.3158709Z 
2026-10-10T22:03:16.3243163Z [1m[92m   Doc-tests[0m forge3d_core
2026-10-10T22:03:16.9219058Z 
2026-10-10T22:03:16.9219677Z running 1 test
2026-10-10T22:03:16.9226961Z test crates\forge3d-core\src\labels\layer.rs - labels::layer::label_layer_from_mapbox_style (line 440) ... ignored
2026-10-10T22:03:16.9227499Z 
2026-10-10T22:03:16.9227876Z test result: ok. 0 passed; 0 failed; 1 ignored; 0 measured; 0 filtered out; finished in 0.00s
2026-10-10T22:03:16.9236578Z 
2026-10-10T22:03:17.0654544Z ##[group]Run cargo test -p forge3d-web
2026-10-10T22:03:17.0654925Z [36;1mcargo test -p forge3d-web[0m
2026-10-10T22:03:17.0729999Z shell: C:\Program Files\PowerShell\7\pwsh.EXE -command ". '{0}'"
2026-10-10T22:03:17.0730355Z env:
2026-10-10T22:03:17.0730543Z   CARGO_TERM_COLOR: always
2026-10-10T22:03:17.0730759Z   RUST_BACKTRACE: 1
2026-10-10T22:03:17.0730979Z   CARGO_HOME: C:\Users\runneradmin\.cargo
2026-10-10T22:03:17.0731232Z   CARGO_INCREMENTAL: 0
2026-10-10T22:03:17.0731675Z ##[endgroup]
2026-10-10T22:03:17.4608150Z [1m[92m Downloading[0m crates ...
2026-10-10T22:03:17.5228582Z [1m[92m  Downloaded[0m cast v0.3.0
2026-10-10T22:03:17.5341070Z [1m[92m  Downloaded[0m nu-ansi-term v0.50.3
2026-10-10T22:03:17.5597404Z [1m[92m  Downloaded[0m wasm-bindgen-test-macro v0.3.72
2026-10-10T22:03:17.5674576Z [1m[92m  Downloaded[0m oorandom v11.1.5
2026-10-10T22:03:17.5743712Z [1m[92m  Downloaded[0m wasm-bindgen-test-shared v0.2.122
2026-10-10T22:03:17.5815292Z [1m[92m  Downloaded[0m wasm-bindgen-test v0.3.72
2026-10-10T22:03:17.7225587Z [1m[92m   Compiling[0m syn v2.0.117
2026-10-10T22:03:17.7232482Z [1m[92m   Compiling[0m wasm-bindgen-shared v0.2.122
2026-10-10T22:03:17.7237400Z [1m[92m   Compiling[0m rustversion v1.0.22
2026-10-10T22:03:17.7247679Z [1m[92m   Compiling[0m bumpalo v3.20.3
2026-10-10T22:03:18.1111235Z [1m[92m   Compiling[0m serde_core v1.0.228
2026-10-10T22:03:18.5716476Z [1m[92m   Compiling[0m pin-project-lite v0.2.17
2026-10-10T22:03:18.6554677Z [1m[92m   Compiling[0m slab v0.4.12
2026-10-10T22:03:18.7441268Z [1m[92m   Compiling[0m futures-task v0.3.32
2026-10-10T22:03:18.8528125Z [1m[92m   Compiling[0m futures-core v0.3.32
2026-10-10T22:03:19.0517320Z [1m[92m   Compiling[0m futures-util v0.3.32
2026-10-10T22:03:19.0679351Z [1m[92m   Compiling[0m wasm-bindgen v0.2.122
2026-10-10T22:03:19.4176708Z [1m[92m   Compiling[0m serde_json v1.0.150
2026-10-10T22:03:19.7098011Z [1m[92m   Compiling[0m windows-sys v0.61.2
2026-10-10T22:03:22.0330905Z [1m[92m   Compiling[0m nu-ansi-term v0.50.3
2026-10-10T22:03:22.2324583Z [1m[92m   Compiling[0m wasm-bindgen-test-shared v0.2.122
2026-10-10T22:03:22.5594094Z [1m[92m   Compiling[0m oorandom v11.1.5
2026-10-10T22:03:22.6857899Z [1m[92m   Compiling[0m cast v0.3.0
2026-10-10T22:03:22.9361730Z [1m[92m   Compiling[0m wasm-bindgen-macro-support v0.2.122
2026-10-10T22:03:24.7508751Z [1m[92m   Compiling[0m bytemuck_derive v1.10.2
2026-10-10T22:03:24.7509946Z [1m[92m   Compiling[0m windows-implement v0.60.2
2026-10-10T22:03:24.7510747Z [1m[92m   Compiling[0m windows-interface v0.59.3
2026-10-10T22:03:25.7828727Z [1m[92m   Compiling[0m zerocopy-derive v0.8.50
2026-10-10T22:03:25.8123538Z [1m[92m   Compiling[0m windows-core v0.62.2
2026-10-10T22:03:26.6724030Z [1m[92m   Compiling[0m thiserror-impl v2.0.18
2026-10-10T22:03:26.7255945Z [1m[92m   Compiling[0m bytemuck v1.25.0
2026-10-10T22:03:27.1238589Z [1m[92m   Compiling[0m windows-numerics v0.3.1
2026-10-10T22:03:27.3928538Z [1m[92m   Compiling[0m windows-future v0.3.2
2026-10-10T22:03:28.3103314Z [1m[92m   Compiling[0m zerocopy v0.8.50
2026-10-10T22:03:28.5911602Z [1m[92m   Compiling[0m windows-collections v0.3.2
2026-10-10T22:03:28.7977438Z [1m[92m   Compiling[0m thiserror v2.0.18
2026-10-10T22:03:28.9463921Z [1m[92m   Compiling[0m wgpu-types v29.0.3
2026-10-10T22:03:29.3500907Z [1m[92m   Compiling[0m windows v0.62.2
2026-10-10T22:03:29.9833277Z [1m[92m   Compiling[0m wasm-bindgen-macro v0.2.122
2026-10-10T22:03:32.6028444Z [1m[92m   Compiling[0m js-sys v0.3.99
2026-10-10T22:03:33.3964999Z [1m[92m   Compiling[0m serde_derive v1.0.228
2026-10-10T22:03:34.5541888Z [1m[92m   Compiling[0m half v2.7.1
2026-10-10T22:03:35.4101614Z [1m[92m   Compiling[0m naga v29.0.3
2026-10-10T22:03:38.6790966Z [1m[92m   Compiling[0m serde v1.0.228
2026-10-10T22:03:39.6309971Z [1m[92m   Compiling[0m num-complex v0.4.6
2026-10-10T22:03:40.3361238Z [1m[92m   Compiling[0m pulp v0.22.3
2026-10-10T22:03:45.0199044Z [1m[92m   Compiling[0m async-trait v0.1.89
2026-10-10T22:03:45.6406881Z [1m[92m   Compiling[0m thiserror-impl v1.0.69
2026-10-10T22:03:46.6997092Z [1m[92m   Compiling[0m exr v1.74.2
2026-10-10T22:03:47.4597020Z [1m[92m   Compiling[0m gpu-allocator v0.28.0
2026-10-10T22:03:49.4678301Z [1m[92m   Compiling[0m wgpu-naga-bridge v29.0.3
2026-10-10T22:03:49.6611223Z [1m[92m   Compiling[0m wgpu-hal v29.0.3
2026-10-10T22:03:51.7531829Z [1m[92m   Compiling[0m thiserror v1.0.69
2026-10-10T22:03:51.8472200Z [1m[92m   Compiling[0m wasm-bindgen-futures v0.4.72
2026-10-10T22:03:51.9232749Z [1m[92m   Compiling[0m serde-wasm-bindgen v0.6.5
2026-10-10T22:03:52.5923793Z [1m[92m   Compiling[0m web-sys v0.3.99
2026-10-10T22:03:54.6898680Z [1m[92m   Compiling[0m console_error_panic_hook v0.1.7
2026-10-10T22:03:54.8459965Z [1m[92m   Compiling[0m wasm-bindgen-test-macro v0.3.72
2026-10-10T22:03:55.4438519Z [1m[92m   Compiling[0m wasm-bindgen-test v0.3.72
2026-10-10T22:03:58.1220351Z [1m[92m   Compiling[0m wgpu-core-deps-windows-linux-android v29.0.3
2026-10-10T22:03:58.1921004Z [1m[92m   Compiling[0m wgpu-core v29.0.3
2026-10-10T22:04:06.9535117Z [1m[92m   Compiling[0m wgpu v29.0.3
2026-10-10T22:04:10.5391367Z [1m[92m   Compiling[0m forge3d-core v1.26.3 (D:\a\forge3d-web\forge3d-web\crates\forge3d-core)
2026-10-10T22:04:20.2139448Z [1m[92m   Compiling[0m forge3d-web v1.26.3 (D:\a\forge3d-web\forge3d-web\crates\forge3d-web)
2026-10-10T22:04:34.2558322Z [1m[92m    Finished[0m `test` profile [unoptimized + debuginfo] target(s) in 1m 16s
2026-10-10T22:04:34.2667435Z [1m[92m     Running[0m unittests src\lib.rs (target\debug\deps\forge3d_web-f5e06d708f7ea513.exe)
2026-10-10T22:04:34.2777457Z 
2026-10-10T22:04:34.2777931Z running 190 tests
2026-10-10T22:04:34.2784695Z test error::tests::maps_core_errors_to_stable_browser_codes ... ok
2026-10-10T22:04:34.2785726Z test inputs::tests::resize_options_compute_dpr_scaled_pixel_size ... ok
2026-10-10T22:04:34.2787701Z test inputs::tests::camera_options_select_orthographic_projection ... ok
2026-10-10T22:04:34.2789650Z test inputs::tests::camera_options_reject_non_finite_values ... ok
2026-10-10T22:04:34.2790522Z test inputs::tests::resize_options_reject_non_finite_dpr ... ok
2026-10-10T22:04:34.2791373Z test inputs::tests::runtime_options_compute_dpr_scaled_pixel_size ... ok
2026-10-10T22:04:34.2792376Z test inputs::tests::runtime_options_default_to_browser_mvp_values ... ok
2026-10-10T22:04:34.2796590Z test inputs::tests::runtime_options_reject_zero_dimensions ... ok
2026-10-10T22:04:34.2797757Z test inputs::tests::runtime_power_preferences_map_exactly_and_default_to_high_performance ... ok
2026-10-10T22:04:34.2800182Z test inputs::tests::terrain_allocation_computes_skirted_mesh_bytes_with_checked_arithmetic ... ok
2026-10-10T22:04:34.2802626Z test inputs::tests::terrain_allocation_rejects_physical_limits_before_copy_or_mesh_creation ... ok
2026-10-10T22:04:34.2805012Z test inputs::tests::terrain_bounds_validate_order ... ok
2026-10-10T22:04:34.2805937Z test inputs::tests::terrain_color_ramp_defaults_to_faa_vfr_contour_stops ... ok
2026-10-10T22:04:34.2807684Z test inputs::tests::terrain_color_ramp_rejects_unordered_stops ... ok
2026-10-10T22:04:34.2808660Z test inputs::tests::terrain_geometry_clipmap_options_map_to_core ... ok
2026-10-10T22:04:34.2810389Z test inputs::tests::terrain_geometry_mode_defaults_to_grid_inside_geometry_block ... ok
2026-10-10T22:04:34.2811418Z test inputs::tests::terrain_geometry_rejects_screen_mode_clipmap ... ok
2026-10-10T22:04:34.2814439Z test inputs::tests::terrain_heightmap_options_reject_non_finite_values ... ok
2026-10-10T22:04:34.2815395Z test inputs::tests::terrain_heightmap_options_reject_wrong_lengths ... ok
2026-10-10T22:04:34.2816262Z test inputs::tests::terrain_js_option_structs_reject_unknown_fields ... ok
2026-10-10T22:04:34.2820770Z test inputs::tests::terrain_streaming_requires_dimensions ... ok
2026-10-10T22:04:34.2821919Z test io::tests::bounded_response_body_rejects_truncation_and_oversize ... ok
2026-10-10T22:04:34.2822886Z test io::tests::content_range_requires_the_exact_requested_span ... ok
2026-10-10T22:04:34.2824119Z test inputs::tests::terrain_streaming_options_map_and_imply_clipmap ... ok
2026-10-10T22:04:34.2825957Z test inputs::tests::terrain_streaming_rejects_explicit_grid_mode ... ok
2026-10-10T22:04:34.2828799Z test io::tests::phase6_browser_io_skeleton_reports_future_source_support ... ok
2026-10-10T22:04:34.2830278Z test io::tests::url_response_policy_accepts_only_exact_ranges_and_zero_offset_200 ... ok
2026-10-10T22:04:34.2831352Z test runtime::diagnostics::tests::kebab_name_normalizes_debug_names ... ok
2026-10-10T22:04:34.2832471Z test runtime::diagnostics::tests::numeric_limits_cover_required_diagnostic_fields ... ok
2026-10-10T22:04:34.2834022Z test runtime::environment::reflection::native::tests::native_array_fixture_preserves_nonzero_plane_height ... ok
2026-10-10T22:04:34.2836023Z test runtime::environment::reflection::native::tests::capture_up_recovers_a_rolled_view_from_unjittered_projection ... ok
2026-10-10T22:04:34.2837974Z test runtime::environment::tests::sampled_texture_layouts_fit_default_webgpu_limits ... ok
2026-10-10T22:04:34.2839709Z test runtime::environment::reflection::native::tests::native_screen_uses_distinct_noncommuting_raster_and_sampling_products ... ok
2026-10-10T22:04:34.2840921Z test runtime::environment::tests::uniform_layout ... ok
2026-10-10T22:04:34.2842946Z test runtime::ibl::tests::lighting_shader_declares_group3_and_unconditional_samples ... ok
2026-10-10T22:04:34.2844350Z test runtime::ibl::tests::lighting_shader_uses_fresnel_diffuse_split ... ok
2026-10-10T22:04:34.2845471Z test runtime::ibl::tests::compute_shader_uses_8x8_workgroups_and_rgba16float_outputs ... ok
2026-10-10T22:04:34.2846920Z test runtime::ibl::tests::null_snapshot_decodes_to_none ... ok
2026-10-10T22:04:34.2848068Z test runtime::ibl::tests::prefilter_schedule_matches_native ... ok
2026-10-10T22:04:34.2848934Z test runtime::ibl::tests::prepared_lengths_match_rgba16f_layout ... ok
2026-10-10T22:04:34.2852932Z test runtime::ibl::tests::quality_ladder_descends_from_requested ... ok
2026-10-10T22:04:34.2854059Z test runtime::ibl::tests::prefilter_mode_defaults_to_per_mip_and_rejects_unknown_values ... ok
2026-10-10T22:04:34.2857067Z test runtime::ibl::tests::quality_table_matches_native_tiers ... ok
2026-10-10T22:04:34.2862597Z test runtime::ibl::tests::rejects_missing_source_and_bad_hash ... ok
2026-10-10T22:04:34.2863521Z test runtime::ibl::tests::rejects_invalid_report_fields ... ok
2026-10-10T22:04:34.2869418Z test runtime::ibl::tests::rejects_noncanonical_rotation ... ok
2026-10-10T22:04:34.2876328Z test runtime::ibl::tests::rejects_nonfinite_intensity_rotation_and_data ... ok
2026-10-10T22:04:34.4057431Z test runtime::environment::tests::shaders_validate ... ok
2026-10-10T22:04:34.4065271Z test runtime::ibl::tests::rejects_source_hash_mismatch ... ok
2026-10-10T22:04:34.4070991Z test runtime::ibl::tests::rejects_unknown_and_inconsistent_quality ... ok
2026-10-10T22:04:34.4076784Z test runtime::ibl::tests::rejects_wrong_data_length_and_oversize_dimensions ... ok
2026-10-10T22:04:34.4080936Z test runtime::ibl::tests::uniform_layout_is_32_bytes ... ok
2026-10-10T22:04:34.4086720Z test runtime::ibl::tests::valid_snapshot_parses ... ok
2026-10-10T22:04:34.4091561Z test runtime::init::tests::alpha_selection_preserves_reported_capability_fallback_elsewhere ... ok
2026-10-10T22:04:34.4096439Z test runtime::init::tests::browser_webgpu_selects_both_core_canvas_alpha_modes ... ok
2026-10-10T22:04:34.4101135Z test runtime::lighting::tests::lighting_byte_accounting_matches_the_gpu_layout ... ok
2026-10-10T22:04:34.4109843Z test runtime::lighting::tests::materials_snapshot_parses_and_validates ... ok
2026-10-10T22:04:34.4125417Z test runtime::lighting::tests::materials_snapshot_rejects_malformed ... ok
2026-10-10T22:04:34.4132922Z test runtime::lighting::tests::normalizes_directions_and_rect_bases_from_snapshots ... ok
2026-10-10T22:04:34.4138747Z test runtime::lighting::tests::parses_and_validates_direct_snapshots ... ok
2026-10-10T22:04:34.4150283Z test runtime::lighting::tests::rejects_malformed_snapshots ... ok
2026-10-10T22:04:34.4169849Z test runtime::lighting::tests::terrain_shader_binds_the_shared_lighting_group ... ok
2026-10-10T22:04:34.4174284Z test runtime::memory::tests::disabled_shadow_moment_allocation_reports_actual_one_layer_bytes ... ok
2026-10-10T22:04:34.4178601Z test runtime::memory::tests::downscaled_dimension_preserves_edges_and_floor ... ok
2026-10-10T22:04:34.4183499Z test runtime::memory::tests::ledger_records_downgrades_and_effective_quality ... ok
2026-10-10T22:04:34.4189489Z test runtime::memory::tests::ledger_replace_all_rejection_leaves_the_ledger_untouched ... ok
2026-10-10T22:04:34.4194722Z test runtime::memory::tests::ledger_replace_all_swaps_a_key_set_that_sequential_replace_would_overflow ... ok
2026-10-10T22:04:34.4198986Z test runtime::memory::tests::ledger_replace_swaps_accounting_and_rejects_overflow ... ok
2026-10-10T22:04:34.4207295Z test runtime::memory::tests::native_ledger_admits_each_fixed_w04_key_once_and_clear_empties ... ok
2026-10-10T22:04:34.4211799Z test runtime::memory::tests::native_ledger_clone_isolates_failed_planning_from_live_accounting ... ok
2026-10-10T22:04:34.4215955Z test runtime::memory::tests::resample_heightmap_keeps_first_and_last_samples ... ok
2026-10-10T22:04:34.4220048Z test runtime::offline::tests::capture_passes_fit_the_default_color_attachment_budget ... ok
2026-10-10T22:04:34.4297989Z test runtime::offline::tests::capture_variants_add_entry_points_only_when_requested ... ok
2026-10-10T22:04:34.4302484Z test runtime::offline::tests::grid_uniforms_share_the_rust_field_order ... ok
2026-10-10T22:04:34.4563736Z test runtime::offline::tests::offline_compute_shaders_are_valid_wgsl ... ok
2026-10-10T22:04:34.4568069Z test runtime::offline::tests::planned_target_bytes_follow_selected_layers ... ok
2026-10-10T22:04:34.4572557Z test runtime::offline::tests::tonemap_shader_lanes_match_core_operator_lanes ... ok
2026-10-10T22:04:34.4576351Z test runtime::offline::tests::uniform_layouts_match_wgsl_structs ... ok
2026-10-10T22:04:34.4583618Z test runtime::postfx::tests::executed_plan_matches_public_pass_order ... ok
2026-10-10T22:04:34.4587215Z test runtime::postfx::tests::params_layout_matches_wgsl ... ok
2026-10-10T22:04:34.5411306Z test runtime::postfx::tests::postfx_shaders_validate_with_baseline_capabilities ... ok
2026-10-10T22:04:34.5416179Z test runtime::render::tests::health_is_checked_immediately_before_acquisition ... ok
2026-10-10T22:04:34.5420503Z test runtime::render::tests::outdated_reconfigures_and_lost_recreates_before_exactly_one_retry ... ok
2026-10-10T22:04:34.5424549Z test runtime::render::tests::recreation_failure_is_surface_lost_and_never_retries ... ok
2026-10-10T22:04:34.5429030Z test runtime::render::tests::second_or_mixed_failure_is_terminal_without_another_recovery ... ok
2026-10-10T22:04:34.5433001Z test runtime::render::tests::timeout_and_occlusion_are_skipped_without_submission ... ok
2026-10-10T22:04:34.5436964Z test runtime::render::tests::timeout_or_occlusion_on_retry_skips_without_more_recovery ... ok
2026-10-10T22:04:34.5441080Z test runtime::render::tests::validation_returns_the_sticky_diagnostic_or_explicit_internal_error ... ok
2026-10-10T22:04:34.5450903Z test runtime::scatter::prepare::tests::wind_uniforms_match_executed_historical_native_and_clusters_disable_them ... ok
2026-10-10T22:04:34.7261686Z test runtime::scatter::shader::tests::scatter_display_and_capture_variants_validate ... ok
2026-10-10T22:04:34.7266963Z test runtime::scene::geometry::tests::ground_plane_emits_six_vertices_with_transform ... ok
2026-10-10T22:04:34.7270971Z test runtime::scene::geometry::tests::ground_plane_emits_unit_normal_and_quad_uvs ... ok
2026-10-10T22:04:34.7275772Z test runtime::scene::geometry::tests::lit_vertex_is_84_bytes_and_overlay_vertex_is_28 ... ok
2026-10-10T22:04:34.7279659Z test runtime::scene::geometry::tests::overlay_vertices_convert_pixels_to_ndc ... ok
2026-10-10T22:04:34.7283567Z test runtime::scene::geometry::tests::rotated_ground_plane_transforms_normal ... ok
2026-10-10T22:04:34.7287538Z test runtime::scene::geometry::tests::text_mesh_advances_one_quad_per_scalar ... ok
2026-10-10T22:04:34.7291469Z test runtime::scene::geometry::tests::transform_matrix_normalizes_rotation ... ok
2026-10-10T22:04:34.7296865Z test runtime::scene::parse::tests::empty_scene_retains_parsed_lighting_state ... ok
2026-10-10T22:04:34.7302848Z test runtime::scene::parse::tests::malformed_lighting_snapshot_is_rejected ... ok
2026-10-10T22:04:34.7306827Z test runtime::scene::parse::tests::topology_accepts_parent_first_order ... ok
2026-10-10T22:04:34.7310542Z test runtime::scene::parse::tests::topology_rejects_duplicate_ids ... ok
2026-10-10T22:04:34.7314691Z test runtime::scene::parse::tests::topology_requires_parent_before_child ... ok
2026-10-10T22:04:34.7318412Z test runtime::scene::pipelines::tests::vertex_layouts_match_the_struct_sizes ... ok
2026-10-10T22:04:34.7326533Z test runtime::scene::pipelines::tests::world_shader_binds_the_shared_lighting_group ... ok
2026-10-10T22:04:34.7374294Z test runtime::scene::pipelines::tests::world_shader_dispatches_all_thirteen_brdf_constants ... ok
2026-10-10T22:04:34.7716482Z test runtime::scene::plan::tests::custom_passes_can_interleave_via_dependencies ... ok
2026-10-10T22:04:34.7793006Z test runtime::scene::plan::tests::dependency_cycles_are_rejected ... ok
2026-10-10T22:04:34.7797192Z test runtime::scene::plan::tests::duplicate_pass_names_are_rejected ... ok
2026-10-10T22:04:34.7801847Z test runtime::scene::plan::tests::implicit_passes_compile_in_canonical_order ... ok
2026-10-10T22:04:34.7806130Z test runtime::scene::plan::tests::unknown_and_forward_dependencies_are_rejected ... ok
2026-10-10T22:04:34.9817372Z test runtime::ibl::tests::rejects_mode_prepared_mismatch ... ok
2026-10-10T22:04:34.9885113Z test runtime::shader_variants::tests::clipmap_lod_select_shader_is_valid_wgsl ... ok
2026-10-10T22:04:34.9889561Z test runtime::shader_variants::tests::default_runtime_state_selects_ggx_and_directional_only ... ok
2026-10-10T22:04:34.9945001Z test runtime::ibl::tests::prepared_payload_validates_against_quality_table ... ok
2026-10-10T22:04:35.0490890Z test runtime::shader_variants::tests::every_material_route_enables_its_effective_shader_case ... ok
2026-10-10T22:04:35.0542893Z test runtime::shader_variants::tests::absent_environment_and_water_mask_remove_w10_shader_code ... ok
2026-10-10T22:04:35.9386488Z test runtime::ibl::tests::rejects_prepared_size_and_length_mismatch ... ok
2026-10-10T22:04:35.9519867Z test runtime::shader_variants::tests::full_template_keeps_every_region_and_no_markers ... ok
2026-10-10T22:04:35.9658916Z test runtime::shader_variants::tests::no_probe_variants_omit_storage_reads_and_bindings ... ok
2026-10-10T22:04:37.2744684Z test runtime::shader_variants::tests::environment_and_masked_reflection_variants_validate_independently ... ok
2026-10-10T22:04:37.2750801Z test runtime::shader_variants::tests::preprocessor_handles_if_else_nesting_negation_and_alternatives ... ok
2026-10-10T22:04:37.5203611Z test runtime::shader_variants::tests::preprocessor_rejects_unknown_features - should panic ... ok
2026-10-10T22:04:37.5228563Z test runtime::shader_variants::tests::preprocessor_rejects_unterminated_regions - should panic ... ok
2026-10-10T22:04:37.5234331Z test runtime::shader_variants::tests::shadow_control_lanes_select_filter_and_debug_regions ... ok
2026-10-10T22:04:37.5336143Z test runtime::shader_variants::tests::specialization_drops_unreachable_regions ... ok
2026-10-10T22:04:37.5340693Z test runtime::shader_variants::tests::terrain_mode_selects_exactly_one_render_path ... ok
2026-10-10T22:04:37.5345901Z test runtime::shader_variants::tests::texture_flags_light_kinds_and_debug_bounds_select_regions ... ok
2026-10-10T22:04:37.9321252Z test runtime::shader_variants::tests::no_w08_variants_contain_no_w08_identifiers ... ok
2026-10-10T22:04:37.9326982Z test runtime::shadows::tests::caster_falls_back_to_index_when_ids_are_absent ... ok
2026-10-10T22:04:37.9333330Z test runtime::shadows::tests::comparison_sampler_is_nearest_for_hard_filtering ... ok
2026-10-10T22:04:37.9339494Z test runtime::shadows::tests::disabled_shadows_report_no_effective_cascades ... ok
2026-10-10T22:04:37.9344350Z test runtime::shadows::tests::evsm_uses_negative_warp_and_full_rgba32float_range ... ok
2026-10-10T22:04:37.9349360Z test runtime::shadows::tests::map_size_ladder_downscales_powers_of_two ... ok
2026-10-10T22:04:37.9354701Z test runtime::shadows::tests::moment_filter_snapshots_require_rgba32float_report ... ok
2026-10-10T22:04:37.9359669Z test runtime::shadows::tests::msm_uses_the_scaled_hamburger_correction ... ok
2026-10-10T22:04:37.9364166Z test runtime::shadows::tests::non_directional_and_disabled_casters_are_skipped ... ok
2026-10-10T22:04:37.9369791Z test runtime::shadows::tests::out_of_volume_projections_are_lit ... ok
2026-10-10T22:04:37.9374643Z test runtime::shadows::tests::parses_a_valid_shadow_snapshot ... ok
2026-10-10T22:04:37.9382697Z test runtime::shadows::tests::refresh_uses_the_effective_map_size_for_cascades ... ok
2026-10-10T22:04:37.9388357Z test runtime::shadows::tests::rejects_csm_as_a_filter_with_pipeline_message ... ok
2026-10-10T22:04:37.9397539Z test runtime::shadows::tests::rejects_invalid_config_and_csm_values ... ok
2026-10-10T22:04:37.9405862Z test runtime::shadows::tests::rejects_report_tampering ... ok
2026-10-10T22:04:37.9410532Z test runtime::shadows::tests::selects_the_first_enabled_shadow_casting_directional ... ok
2026-10-10T22:04:37.9416803Z test runtime::shadows::tests::shader_sources_cover_all_six_filters_and_debug_views ... ok
2026-10-10T22:04:37.9421433Z test runtime::shadows::tests::shadow_texture_bytes_matches_the_public_estimate_formula ... ok
2026-10-10T22:04:37.9426392Z test runtime::terrain::w08_slot_tests::base_constants_match_the_real_layouts ... ok
2026-10-10T22:04:37.9430955Z test runtime::terrain::w08_slot_tests::keeps_drops_only_the_missing_w08_bindings ... ok
2026-10-10T22:04:37.9436112Z test runtime::terrain::w08_slot_tests::profiles_never_exceed_the_negotiated_limit ... ok
2026-10-10T22:04:37.9440969Z test runtime::terrain::w08_slot_tests::untextured_terrain_fits_every_w08_slot_in_the_webgpu_default ... ok
2026-10-10T22:04:37.9445680Z test runtime::terrain::w08_slot_tests::vt_storage_limits_count_actual_probe_and_base_layouts ... ok
2026-10-10T22:04:37.9451844Z test runtime::terrain::w08_slot_tests::w10_optional_bindings_fit_their_real_profiles ... ok
2026-10-10T22:04:37.9457178Z test runtime::terrain_material::tests::disabled_plan_is_tiny_and_reports_disabled ... ok
2026-10-10T22:04:37.9462437Z test runtime::terrain_material::tests::material_plan_reports_fallbacks_and_approximations ... ok
2026-10-10T22:04:37.9468057Z test runtime::terrain_material::tests::screen_terrains_without_a_material_pack_the_default_material ... ok
2026-10-10T22:04:37.9473521Z test runtime::terrain_material::tests::shader_regions_follow_the_enabled_material_features ... ok
2026-10-10T22:04:37.9479109Z test runtime::terrain_vt::tests::decode_feedback_drops_empty_slots_and_duplicates ... ok
2026-10-10T22:04:37.9483978Z test runtime::terrain_vt::tests::decode_feedback_of_a_zeroed_ring_is_empty ... ok
2026-10-10T22:04:37.9488505Z test runtime::terrain_w08::tests::clipmap_vertex_pack_is_terrain_layout ... ok
2026-10-10T22:04:37.9493102Z test runtime::terrain_w08::tests::lod_select_layouts_match_wgsl ... ok
2026-10-10T22:04:37.9523114Z test runtime::terrain_w08::tests::shadow_proxy_bytes_match_the_built_mesh ... ok
2026-10-10T22:04:37.9541521Z test runtime::terrain_w08::tests::streaming_ledger_bytes_cover_the_whole_allocated_atlas ... ok
2026-10-10T22:04:37.9546544Z test runtime::terrain_w08::tests::terrain_geometry_uniform_layout_matches_wgsl ... ok
2026-10-10T22:04:37.9551957Z test runtime::tests::color_ramp_uniform_matches_wgsl_uniform_layout_size ... ok
2026-10-10T22:04:37.9556876Z test runtime::tests::r32float_upload_plan_selects_tight_or_rowwise_by_alignment ... ok
2026-10-10T22:04:37.9562989Z test runtime::tests::runtime_dispose_guard_uses_stable_error_code ... ok
2026-10-10T22:04:37.9567706Z test runtime::tests::screenshot_normalization_covers_all_supported_surface_formats ... ok
2026-10-10T22:04:37.9573137Z test runtime::tests::terrain_edge_skirts_extend_boundary_vertices_below_surface ... ok
2026-10-10T22:04:37.9578061Z test runtime::textures::tests::textures_layout_has_six_entries_and_two_ledger_keys ... ok
2026-10-10T22:04:37.9585533Z test runtime::textures::tests::textures_missing_set_yields_empty_flags ... ok
2026-10-10T22:04:37.9593704Z test runtime::textures::tests::textures_parse_valid_set_and_flags ... ok
2026-10-10T22:04:37.9606824Z test runtime::textures::tests::textures_reject_anisotropy_without_linear_filters ... ok
2026-10-10T22:04:37.9613277Z test runtime::textures::tests::textures_reject_mismatched_mip_chain ... ok
2026-10-10T22:04:37.9619938Z test runtime::textures::tests::textures_reject_srgb_normal_map ... ok
2026-10-10T22:04:37.9628458Z test runtime::textures::tests::textures_reject_unknown_format_and_bad_sampler ... ok
2026-10-10T22:04:37.9634742Z test runtime::textures::tests::textures_reject_wrong_level_byte_size ... ok
2026-10-10T22:04:37.9639586Z test runtime::timing::tests::cpu_fallback_assigns_zero_gpu_time_to_world_passes ... ok
2026-10-10T22:04:37.9643988Z test runtime::timing::tests::nonfinite_or_negative_group_times_are_rejected ... ok
2026-10-10T22:04:37.9648385Z test runtime::timing::tests::pass_milliseconds_split_world_time_by_draw_share ... ok
2026-10-10T22:04:37.9653176Z test runtime::timing::tests::slot_state_flags_drive_busy_fallback_semantics ... ok
2026-10-10T22:04:37.9657906Z test runtime::vector::tests::dual_source_selection_has_a_truthful_fallback ... ok
2026-10-10T22:04:37.9662472Z test runtime::vector::tests::malformed_geometry_is_rejected_before_allocation ... ok
2026-10-10T22:04:37.9883037Z test runtime::vector::tests::projection_and_draw_uniform_offsets_match_rust ... ok
2026-10-10T22:04:38.0530421Z test runtime::vector::tests::shaders_validate_with_exact_storage_contracts ... ok
2026-10-10T22:04:38.0589002Z test terrain_material_input::tests::empty_object_resolves_to_native_defaults ... ok
2026-10-10T22:04:38.0597316Z test terrain_material_input::tests::invalid_values_use_native_messages ... ok
2026-10-10T22:04:38.0603424Z test terrain_material_input::tests::partial_fields_override_defaults ... ok
2026-10-10T22:04:38.0608335Z test terrain_material_input::tests::unknown_fields_are_rejected ... ok
2026-10-10T22:04:40.8335712Z test runtime::shader_variants::tests::w08_terrain_variants_are_valid_wgsl ... ok
2026-10-10T22:04:46.3273216Z test runtime::shader_variants::tests::every_world_variant_is_valid_wgsl ... ok
2026-10-10T22:05:23.1522925Z test runtime::shader_variants::tests::every_terrain_variant_is_valid_wgsl ... ok
2026-10-10T22:05:23.1523351Z 
2026-10-10T22:05:23.1523773Z test result: ok. 190 passed; 0 failed; 0 ignored; 0 measured; 0 filtered out; finished in 48.88s
2026-10-10T22:05:23.1524144Z 
2026-10-10T22:05:23.1606933Z [1m[92m   Doc-tests[0m forge3d_web
2026-10-10T22:05:24.0990718Z 
2026-10-10T22:05:24.0991318Z running 0 tests
2026-10-10T22:05:24.0991576Z 
2026-10-10T22:05:24.0992173Z test result: ok. 0 passed; 0 failed; 0 ignored; 0 measured; 0 filtered out; finished in 0.00s
2026-10-10T22:05:24.0992740Z 
2026-10-10T22:05:24.2540658Z ##[group]Run npm ci --registry=https://registry.npmjs.org
2026-10-10T22:05:24.2541368Z [36;1mnpm ci --registry=https://registry.npmjs.org[0m
2026-10-10T22:05:24.2541707Z [36;1mif ($LASTEXITCODE -ne 0) {[0m
2026-10-10T22:05:24.2542029Z [36;1m  throw "npm ci failed with exit code $LASTEXITCODE"[0m
2026-10-10T22:05:24.2542342Z [36;1m}[0m
2026-10-10T22:05:24.2542607Z [36;1mif (-not (Test-Path node_modules/.bin/wasm-pack.cmd)) {[0m
2026-10-10T22:05:24.2543060Z [36;1m  throw "npm ci completed without installing the wasm-pack command shim"[0m
2026-10-10T22:05:24.2543430Z [36;1m}[0m
2026-10-10T22:05:24.2616539Z shell: C:\Program Files\PowerShell\7\pwsh.EXE -command ". '{0}'"
2026-10-10T22:05:24.2616882Z env:
2026-10-10T22:05:24.2617070Z   CARGO_TERM_COLOR: always
2026-10-10T22:05:24.2617297Z   RUST_BACKTRACE: 1
2026-10-10T22:05:24.2617509Z   CARGO_HOME: C:\Users\runneradmin\.cargo
2026-10-10T22:05:24.2617765Z   CARGO_INCREMENTAL: 0
2026-10-10T22:05:24.2618027Z ##[endgroup]
2026-10-10T22:05:25.3874527Z npm warn EBADENGINE Unsupported engine {
2026-10-10T22:05:25.3875279Z npm warn EBADENGINE   package: '@wcohen/worker-router@0.0.1',
2026-10-10T22:05:25.3875884Z npm warn EBADENGINE   required: { node: '>=21' },
2026-10-10T22:05:25.3876484Z npm warn EBADENGINE   current: { node: 'v20.19.0', npm: '10.8.2' }
2026-10-10T22:05:25.3876977Z npm warn EBADENGINE }
2026-10-10T22:05:25.3887565Z npm warn EBADENGINE Unsupported engine {
2026-10-10T22:05:25.3888120Z npm warn EBADENGINE   package: '@wcohen/worker-router@0.0.2',
2026-10-10T22:05:25.3888659Z npm warn EBADENGINE   required: { node: '>=21' },
2026-10-10T22:05:25.3889205Z npm warn EBADENGINE   current: { node: 'v20.19.0', npm: '10.8.2' }
2026-10-10T22:05:25.3889651Z npm warn EBADENGINE }
2026-10-10T22:05:28.6144528Z 
2026-10-10T22:05:28.6145297Z added 103 packages, and audited 104 packages in 4s
2026-10-10T22:05:28.6146656Z 
2026-10-10T22:05:28.6146961Z 25 packages are looking for funding
2026-10-10T22:05:28.6148649Z   run `npm fund` for details
2026-10-10T22:05:28.6334368Z 
2026-10-10T22:05:28.6335336Z 7 vulnerabilities (2 moderate, 3 high, 2 critical)
2026-10-10T22:05:28.6335928Z 
2026-10-10T22:05:28.6336359Z To address issues that do not require attention, run:
2026-10-10T22:05:28.6337022Z   npm audit fix
2026-10-10T22:05:28.6337324Z 
2026-10-10T22:05:28.6337589Z To address all issues, run:
2026-10-10T22:05:28.6338114Z   npm audit fix --force
2026-10-10T22:05:28.6338440Z 
2026-10-10T22:05:28.6338708Z Run `npm audit` for details.
2026-10-10T22:05:28.8085280Z ##[group]Run npm run build:wasm
2026-10-10T22:05:28.8085622Z [36;1mnpm run build:wasm[0m
2026-10-10T22:05:28.8158633Z shell: C:\Program Files\PowerShell\7\pwsh.EXE -command ". '{0}'"
2026-10-10T22:05:28.8158975Z env:
2026-10-10T22:05:28.8159157Z   CARGO_TERM_COLOR: always
2026-10-10T22:05:28.8159381Z   RUST_BACKTRACE: 1
2026-10-10T22:05:28.8159589Z   CARGO_HOME: C:\Users\runneradmin\.cargo
2026-10-10T22:05:28.8159845Z   CARGO_INCREMENTAL: 0
2026-10-10T22:05:28.8160038Z ##[endgroup]
2026-10-10T22:05:29.4754085Z 
2026-10-10T22:05:29.4754712Z > @forge3d/web@1.26.3 build:wasm
2026-10-10T22:05:29.4755551Z > wasm-pack build . --target web --out-dir pkg --out-name forge3d_web
2026-10-10T22:05:29.4756052Z 
2026-10-10T22:05:31.7492466Z [INFO]: Checking for the Wasm target...
2026-10-10T22:05:31.8541641Z [INFO]: Compiling to Wasm...
2026-10-10T22:05:32.0855040Z [1m[92m   Compiling[0m proc-macro2 v1.0.106
2026-10-10T22:05:32.0856315Z [1m[92m   Compiling[0m unicode-ident v1.0.24
2026-10-10T22:05:32.0857124Z [1m[92m   Compiling[0m quote v1.0.45
2026-10-10T22:05:32.0857902Z [1m[92m   Compiling[0m wasm-bindgen-shared v0.2.122
2026-10-10T22:05:32.2042031Z [1m[92m   Compiling[0m cfg-if v1.0.4
2026-10-10T22:05:32.2667551Z [1m[92m   Compiling[0m rustversion v1.0.22
2026-10-10T22:05:32.5273708Z [1m[92m   Compiling[0m bumpalo v3.20.3
2026-10-10T22:05:32.8711331Z [1m[92m   Compiling[0m once_cell v1.21.4
2026-10-10T22:05:33.0045820Z [1m[92m   Compiling[0m futures-task v0.3.32
2026-10-10T22:05:33.2060487Z [1m[92m   Compiling[0m slab v0.4.12
2026-10-10T22:05:33.5843698Z [1m[92m   Compiling[0m wasm-bindgen v0.2.122
2026-10-10T22:05:33.7606744Z [1m[92m   Compiling[0m syn v2.0.117
2026-10-10T22:05:33.8566906Z [1m[92m   Compiling[0m autocfg v1.5.1
2026-10-10T22:05:33.9096097Z [1m[92m   Compiling[0m libm v0.2.16
2026-10-10T22:05:34.3199731Z [1m[92m   Compiling[0m futures-core v0.3.32
2026-10-10T22:05:34.4313223Z [1m[92m   Compiling[0m pin-project-lite v0.2.17
2026-10-10T22:05:34.4837392Z [1m[92m   Compiling[0m num-traits v0.2.19
2026-10-10T22:05:34.5193925Z [1m[92m   Compiling[0m futures-util v0.3.32
2026-10-10T22:05:34.9901138Z [1m[92m   Compiling[0m smallvec v1.15.1
2026-10-10T22:05:35.3142431Z [1m[92m   Compiling[0m serde_core v1.0.228
2026-10-10T22:05:35.7639029Z [1m[92m   Compiling[0m zerocopy v0.8.50
2026-10-10T22:05:36.2650479Z [1m[92m   Compiling[0m parking_lot_core v0.9.12
2026-10-10T22:05:37.7450610Z [1m[92m   Compiling[0m paste v1.0.15
2026-10-10T22:05:37.7641324Z [1m[92m   Compiling[0m version_check v0.9.5
2026-10-10T22:05:38.1132313Z [1m[92m   Compiling[0m scopeguard v1.2.0
2026-10-10T22:05:38.1826753Z [1m[92m   Compiling[0m pulp v0.22.3
2026-10-10T22:05:38.2048370Z [1m[92m   Compiling[0m heapless v0.8.0
2026-10-10T22:05:38.5519335Z [1m[92m   Compiling[0m byteorder v1.5.0
2026-10-10T22:05:38.5627404Z [1m[92m   Compiling[0m serde v1.0.228
2026-10-10T22:05:38.8030049Z [1m[92m   Compiling[0m cfg_aliases v0.2.1
2026-10-10T22:05:38.8744673Z [1m[92m   Compiling[0m wasm-bindgen-macro-support v0.2.122
2026-10-10T22:05:38.9431515Z [1m[92m   Compiling[0m wgpu v29.0.3
2026-10-10T22:05:39.7331471Z [1m[92m   Compiling[0m hash32 v0.3.1
2026-10-10T22:05:39.9842976Z [1m[92m   Compiling[0m lock_api v0.4.14
2026-10-10T22:05:41.4459954Z [1m[92m   Compiling[0m bitflags v2.12.1
2026-10-10T22:05:41.9382072Z [1m[92m   Compiling[0m reborrow v0.5.5
2026-10-10T22:05:42.0287357Z [1m[92m   Compiling[0m log v0.4.32
2026-10-10T22:05:42.1672255Z [1m[92m   Compiling[0m raw-window-handle v0.6.2
2026-10-10T22:05:42.2813391Z [1m[92m   Compiling[0m bytemuck_derive v1.10.2
2026-10-10T22:05:42.3104816Z [1m[92m   Compiling[0m zerocopy-derive v0.8.50
2026-10-10T22:05:42.5457155Z [1m[92m   Compiling[0m serde_derive v1.0.228
2026-10-10T22:05:44.1914194Z [1m[92m   Compiling[0m bytemuck v1.25.0
2026-10-10T22:05:44.6127809Z [1m[92m   Compiling[0m num-complex v0.4.6
2026-10-10T22:05:45.4556135Z [1m[92m   Compiling[0m thiserror v1.0.69
2026-10-10T22:05:45.6876393Z [1m[92m   Compiling[0m wasm-bindgen-macro v0.2.122
2026-10-10T22:05:45.9406307Z [1m[92m   Compiling[0m zmij v1.0.21
2026-10-10T22:05:46.3943333Z [1m[92m   Compiling[0m simd-adler32 v0.3.10
2026-10-10T22:05:47.4501910Z [1m[92m   Compiling[0m foldhash v0.2.0
2026-10-10T22:05:47.7235168Z [1m[92m   Compiling[0m adler2 v2.0.1
2026-10-10T22:05:47.9250250Z [1m[92m   Compiling[0m litrs v1.0.0
2026-10-10T22:05:48.0443782Z [1m[92m   Compiling[0m pulp-wasm-simd-flag v0.1.1
2026-10-10T22:05:48.1275278Z [1m[92m   Compiling[0m stable_deref_trait v1.2.1
2026-10-10T22:05:48.7685527Z [1m[92m   Compiling[0m js-sys v0.3.99
2026-10-10T22:05:48.9530687Z [1m[92m   Compiling[0m document-features v0.2.12
2026-10-10T22:05:50.7447333Z [1m[92m   Compiling[0m miniz_oxide v0.8.9
2026-10-10T22:05:51.7529326Z [1m[92m   Compiling[0m half v2.7.1
2026-10-10T22:05:52.3932967Z [1m[92m   Compiling[0m hashbrown v0.16.1
2026-10-10T22:05:52.8417929Z [1m[92m   Compiling[0m zune-inflate v0.2.54
2026-10-10T22:05:53.2347271Z [1m[92m   Compiling[0m thiserror-impl v1.0.69
2026-10-10T22:05:53.5485976Z [1m[92m   Compiling[0m parking_lot v0.12.5
2026-10-10T22:05:53.6707955Z [1m[92m   Compiling[0m lebe v0.5.3
2026-10-10T22:05:53.9478209Z [1m[92m   Compiling[0m profiling v1.0.18
2026-10-10T22:05:54.0115519Z [1m[92m   Compiling[0m arrayvec v0.7.6
2026-10-10T22:05:54.3288097Z [1m[92m   Compiling[0m serde_json v1.0.150
2026-10-10T22:05:54.5892758Z [1m[92m   Compiling[0m static_assertions v1.1.0
2026-10-10T22:05:54.6761824Z [1m[92m   Compiling[0m bit_field v0.10.3
2026-10-10T22:05:54.9598773Z [1m[92m   Compiling[0m exr v1.74.2
2026-10-10T22:05:55.4134503Z [1m[92m   Compiling[0m rstar v0.12.2
2026-10-10T22:05:55.4162024Z [1m[92m   Compiling[0m async-trait v0.1.89
2026-10-10T22:05:56.3354038Z [1m[92m   Compiling[0m memchr v2.8.1
2026-10-10T22:05:57.2408896Z [1m[92m   Compiling[0m glam v0.24.2
2026-10-10T22:05:57.2717198Z [1m[92m   Compiling[0m itoa v1.0.18
2026-10-10T22:06:01.3421362Z [1m[92m   Compiling[0m console_error_panic_hook v0.1.7
2026-10-10T22:06:04.6894103Z [1m[92m   Compiling[0m web-sys v0.3.99
2026-10-10T22:06:04.6895120Z [1m[92m   Compiling[0m wasm-bindgen-futures v0.4.72
2026-10-10T22:06:04.7642190Z [1m[92m   Compiling[0m serde-wasm-bindgen v0.6.5
2026-10-10T22:06:16.6249224Z [1m[92m   Compiling[0m wgpu-types v29.0.3
2026-10-10T22:06:27.3806255Z [1m[92m   Compiling[0m forge3d-core v1.26.3 (D:\a\forge3d-web\forge3d-web\crates\forge3d-core)
2026-10-10T22:07:00.1385111Z [1m[92m   Compiling[0m forge3d-web v1.26.3 (D:\a\forge3d-web\forge3d-web\crates\forge3d-web)
2026-10-10T22:07:45.4008231Z [1m[92m    Finished[0m `release` profile [optimized] target(s) in 2m 13s
2026-10-10T22:07:45.4305312Z [INFO]: Installing wasm-bindgen...
2026-10-10T22:07:47.2947611Z [INFO]: Optimizing wasm binaries with `wasm-opt`...
2026-10-10T22:08:08.1180178Z [INFO]: :-) Done in 2m 36s
2026-10-10T22:08:08.1180945Z [INFO]: :-) Your wasm pkg is ready to publish at pkg.
2026-10-10T22:08:08.2580242Z ##[group]Run npm run test:unit
2026-10-10T22:08:08.2580600Z [36;1mnpm run test:unit[0m
2026-10-10T22:08:08.2658971Z shell: C:\Program Files\PowerShell\7\pwsh.EXE -command ". '{0}'"
2026-10-10T22:08:08.2659330Z env:
2026-10-10T22:08:08.2659516Z   CARGO_TERM_COLOR: always
2026-10-10T22:08:08.2659737Z   RUST_BACKTRACE: 1
2026-10-10T22:08:08.2659960Z   CARGO_HOME: C:\Users\runneradmin\.cargo
2026-10-10T22:08:08.2660244Z   CARGO_INCREMENTAL: 0
2026-10-10T22:08:08.2660441Z ##[endgroup]
2026-10-10T22:08:08.8873955Z 
2026-10-10T22:08:08.8874601Z > @forge3d/web@1.26.3 test:unit
2026-10-10T22:08:08.8875145Z > vitest run
2026-10-10T22:08:08.8875823Z 
2026-10-10T22:08:09.4696065Z 
2026-10-10T22:08:09.4699227Z [1m[46m RUN [49m[22m [36mv4.0.18 [39m[90mD:/a/forge3d-web/forge3d-web/crates/forge3d-web[39m
2026-10-10T22:08:09.4699871Z 
2026-10-10T22:08:11.6636875Z  [32m✓[39m tests/unit/textures.test.ts [2m([22m[2m42 tests[22m[2m)[22m[32m 41[2mms[22m[39m
2026-10-10T22:08:11.7347127Z  [32m✓[39m tests/unit/session.test.ts [2m([22m[2m24 tests[22m[2m)[22m[32m 120[2mms[22m[39m
2026-10-10T22:08:12.4177011Z  [32m✓[39m tests/unit/scene.test.ts [2m([22m[2m33 tests[22m[2m)[22m[32m 59[2mms[22m[39m
2026-10-10T22:08:13.2431639Z  [32m✓[39m tests/unit/terrain-dataset.test.ts [2m([22m[2m38 tests[22m[2m)[22m[32m 140[2mms[22m[39m
2026-10-10T22:08:14.0068821Z  [32m✓[39m tests/unit/range-scheduler.test.ts [2m([22m[2m27 tests[22m[2m)[22m[32m 141[2mms[22m[39m
2026-10-10T22:08:15.8029253Z  [32m✓[39m tests/unit/viewer.test.ts [2m([22m[2m45 tests[22m[2m)[22m[33m 4170[2mms[22m[39m
2026-10-10T22:08:15.8031135Z      [33m[2m✓[22m[39m clears failed labels and uses only the caller channel for capture and replacement errors [33m 2594[2mms[22m[39m
2026-10-10T22:08:16.4927172Z  [32m✓[39m tests/unit/label-workflows.test.ts [2m([22m[2m52 tests[22m[2m)[22m[32m 161[2mms[22m[39m
2026-10-10T22:08:16.8727760Z  [32m✓[39m tests/unit/worker-renderer.test.ts [2m([22m[2m12 tests[22m[2m)[22m[33m 2274[2mms[22m[39m
2026-10-10T22:08:16.8729337Z      [33m[2m✓[22m[39m leaves no listeners or pointers after 30 cycles [33m 1835[2mms[22m[39m
2026-10-10T22:08:17.0593800Z  [32m✓[39m tests/unit/viewer-controls.test.ts [2m([22m[2m15 tests[22m[2m)[22m[32m 46[2mms[22m[39m
2026-10-10T22:08:17.9318518Z  [32m✓[39m tests/unit/terrain-streaming.test.ts [2m([22m[2m20 tests[22m[2m)[22m[32m 248[2mms[22m[39m
2026-10-10T22:08:18.5758263Z  [32m✓[39m tests/unit/lighting.test.ts [2m([22m[2m23 tests[22m[2m)[22m[32m 38[2mms[22m[39m
2026-10-10T22:08:18.9478467Z  [32m✓[39m tests/unit/ibl.test.ts [2m([22m[2m34 tests[22m[2m)[22m[33m 6647[2mms[22m[39m
2026-10-10T22:08:18.9480661Z      [33m[2m✓[22m[39m round-trips prepared payloads through cache storage byte-identically [33m 3114[2mms[22m[39m
2026-10-10T22:08:18.9482982Z      [33m[2m✓[22m[39m round-trips through OPFS [33m 585[2mms[22m[39m
2026-10-10T22:08:18.9485414Z      [33m[2m✓[22m[39m reports a miss then a hit with byte-identical payloads [33m 1316[2mms[22m[39m
2026-10-10T22:08:18.9487397Z      [33m[2m✓[22m[39m treats a higher-quality cached entry as a miss [33m 931[2mms[22m[39m
2026-10-10T22:08:19.2836820Z  [32m✓[39m tests/unit/camera-controllers.test.ts [2m([22m[2m14 tests[22m[2m)[22m[32m 41[2mms[22m[39m
2026-10-10T22:08:20.4660782Z  [32m✓[39m tests/unit/w16-tiles.test.ts [2m([22m[2m18 tests[22m[2m)[22m[33m 522[2mms[22m[39m
2026-10-10T22:08:20.4670740Z      [33m[2m✓[22m[39m matches 256 branching native tile camera records across ADD, REPLACE, mixed and inherited refinement [33m 379[2mms[22m[39m
2026-10-10T22:08:21.1271703Z  [32m✓[39m tests/unit/w16-pointcloud.test.ts [2m([22m[2m28 tests[22m[2m)[22m[33m 3628[2mms[22m[39m
2026-10-10T22:08:21.1276969Z      [33m[2m✓[22m[39m matches recorded real-data native camera keys/counts and quantized SSE exactly [33m 3403[2mms[22m[39m
2026-10-10T22:08:21.6845138Z  [32m✓[39m tests/unit/labels.test.ts [2m([22m[2m74 tests[22m[2m)[22m[33m 2051[2mms[22m[39m
2026-10-10T22:08:21.6848351Z      [33m[2m✓[22m[39m makes world glyph triangles with depth and actual camera projection [33m 360[2mms[22m[39m
2026-10-10T22:08:21.6851159Z      [33m[2m✓[22m[39m compiles a 200000-vertex polygon without spreading vertices into the JS stack [33m 1130[2mms[22m[39m
2026-10-10T22:08:21.9557624Z  [32m✓[39m tests/unit/browser-resources.test.ts [2m([22m[2m19 tests[22m[2m)[22m[32m 78[2mms[22m[39m
2026-10-10T22:08:22.7655604Z  [32m✓[39m tests/unit/w15-geometry.test.ts [2m([22m[2m33 tests[22m[2m)[22m[32m 196[2mms[22m[39m
2026-10-10T22:08:22.8561500Z  [32m✓[39m tests/unit/cog.test.ts [2m([22m[2m19 tests[22m[2m)[22m[33m 531[2mms[22m[39m
2026-10-10T22:08:23.5225323Z  [32m✓[39m tests/unit/renderer-config.test.ts [2m([22m[2m16 tests[22m[2m)[22m[32m 33[2mms[22m[39m
2026-10-10T22:08:23.5856690Z  [32m✓[39m tests/unit/shadows.test.ts [2m([22m[2m23 tests[22m[2m)[22m[32m 37[2mms[22m[39m
2026-10-10T22:08:24.2650418Z  [32m✓[39m tests/unit/camera.test.ts [2m([22m[2m18 tests[22m[2m)[22m[32m 36[2mms[22m[39m
2026-10-10T22:08:24.8253055Z  [32m✓[39m tests/unit/camera-rigs.test.ts [2m([22m[2m38 tests[22m[2m)[22m[33m 3561[2mms[22m[39m
2026-10-10T22:08:24.8483138Z      [33m[2m✓[22m[39m never violates the minimum at any playback time [33m 2927[2mms[22m[39m
2026-10-10T22:08:25.5385354Z  [32m✓[39m tests/unit/materials.test.ts [2m([22m[2m18 tests[22m[2m)[22m[32m 36[2mms[22m[39m
2026-10-10T22:08:26.2370006Z  [32m✓[39m tests/unit/byte-cache.test.ts [2m([22m[2m16 tests[22m[2m)[22m[32m 74[2mms[22m[39m
2026-10-10T22:08:26.5208954Z  [32m✓[39m tests/unit/w15-native-contracts.test.ts [2m([22m[2m13 tests[22m[2m)[22m[33m 564[2mms[22m[39m
2026-10-10T22:08:27.1363027Z  [32m✓[39m tests/unit/w14-crs.test.ts [2m([22m[2m27 tests[22m[2m)[22m[33m 2799[2mms[22m[39m
2026-10-10T22:08:27.1365197Z      [33m[2m✓[22m[39m aligns north-up and rotated raster origins, preserving elevation and caller data [33m 313[2mms[22m[39m
2026-10-10T22:08:27.1376205Z      [33m[2m✓[22m[39m supports empty arrays, copied identity, XYZ/T and 10000 points [33m 584[2mms[22m[39m
2026-10-10T22:08:27.1378822Z      [33m[2m✓[22m[39m does not leak native allocations on repeated success and failure [33m 672[2mms[22m[39m
2026-10-10T22:08:27.9035483Z  [32m✓[39m tests/unit/environment.test.ts [2m([22m[2m20 tests[22m[2m)[22m[33m 728[2mms[22m[39m
2026-10-10T22:08:27.9037581Z      [33m[2m✓[22m[39m matches six independently executed native fields including ground locking [33m 460[2mms[22m[39m
2026-10-10T22:08:27.9079177Z  [32m✓[39m tests/unit/w15-io.test.ts [2m([22m[2m19 tests[22m[2m)[22m[32m 188[2mms[22m[39m
2026-10-10T22:08:28.5722617Z  [32m✓[39m tests/unit/camera-animation.test.ts [2m([22m[2m14 tests[22m[2m)[22m[32m 34[2mms[22m[39m
2026-10-10T22:08:28.6034031Z  [32m✓[39m tests/unit/browser-io.test.ts [2m([22m[2m20 tests[22m[2m)[22m[32m 87[2mms[22m[39m
2026-10-10T22:08:29.3894279Z  [32m✓[39m tests/unit/w15-buildings.test.ts [2m([22m[2m26 tests[22m[2m)[22m[32m 128[2mms[22m[39m
2026-10-10T22:08:29.5362180Z  [32m✓[39m tests/unit/terrain-scatter.test.ts [2m([22m[2m14 tests[22m[2m)[22m[32m 257[2mms[22m[39m
2026-10-10T22:08:30.0568277Z  [32m✓[39m tests/unit/w14-datasets.test.ts [2m([22m[2m10 tests[22m[2m)[22m[33m 3133[2mms[22m[39m
2026-10-10T22:08:30.0570130Z      [33m[2m✓[22m[39m loads native DEM and boundaries exactly, with defensive typed buffers [33m 1536[2mms[22m[39m
2026-10-10T22:08:30.0572793Z      [33m[2m✓[22m[39m caches exact bytes across instances, refuses offline misses and corrupted entries [33m 1507[2mms[22m[39m
2026-10-10T22:08:30.2922946Z  [32m✓[39m tests/unit/viewer-camera.test.ts [2m([22m[2m5 tests[22m[2m)[22m[32m 93[2mms[22m[39m
2026-10-10T22:08:30.4695464Z  [32m✓[39m tests/unit/w06-frames.test.ts [2m([22m[2m8 tests[22m[2m)[22m[33m 397[2mms[22m[39m
2026-10-10T22:08:30.8687414Z  [32m✓[39m tests/unit/message-protocol.test.ts [2m([22m[2m12 tests[22m[2m)[22m[32m 148[2mms[22m[39m
2026-10-10T22:08:31.1170763Z  [32m✓[39m tests/unit/w06-offline.test.ts [2m([22m[2m9 tests[22m[2m)[22m[32m 22[2mms[22m[39m
2026-10-10T22:08:31.2167617Z  [32m✓[39m tests/unit/playwright-project-metadata.test.ts [2m([22m[2m16 tests[22m[2m)[22m[32m 21[2mms[22m[39m
2026-10-10T22:08:31.2198795Z  [32m✓[39m tests/unit/display-adapters.test.ts [2m([22m[2m7 tests[22m[2m)[22m[32m 229[2mms[22m[39m
2026-10-10T22:08:31.8227165Z  [32m✓[39m tests/unit/vector.test.ts [2m([22m[2m13 tests[22m[2m)[22m[32m 60[2mms[22m[39m
2026-10-10T22:08:31.8574609Z  [32m✓[39m tests/unit/terrain-material.test.ts [2m([22m[2m7 tests[22m[2m)[22m[32m 27[2mms[22m[39m
2026-10-10T22:08:31.8656744Z  [32m✓[39m tests/unit/terrain-overlays.test.ts [2m([22m[2m14 tests[22m[2m)[22m[32m 22[2mms[22m[39m
2026-10-10T22:08:32.4942730Z  [32m✓[39m tests/unit/memory-policy.test.ts [2m([22m[2m9 tests[22m[2m)[22m[32m 16[2mms[22m[39m
2026-10-10T22:08:32.5113705Z  [32m✓[39m tests/unit/offscreen-renderer.test.ts [2m([22m[2m9 tests[22m[2m)[22m[32m 40[2mms[22m[39m
2026-10-10T22:08:32.9320420Z  [32m✓[39m tests/unit/playwright-config.test.ts [2m([22m[2m7 tests[22m[2m)[22m[32m 16[2mms[22m[39m
2026-10-10T22:08:33.1489743Z  [32m✓[39m tests/unit/terrain-vt.test.ts [2m([22m[2m10 tests[22m[2m)[22m[32m 14[2mms[22m[39m
2026-10-10T22:08:33.5591042Z  [32m✓[39m tests/unit/playwright-launch-diagnostics.test.ts [2m([22m[2m5 tests[22m[2m)[22m[32m 14[2mms[22m[39m
2026-10-10T22:08:33.5895052Z  [32m✓[39m tests/unit/resize-controller.test.ts [2m([22m[2m5 tests[22m[2m)[22m[32m 15[2mms[22m[39m
2026-10-10T22:08:33.8379822Z  [32m✓[39m tests/unit/ownership.test.ts [2m([22m[2m6 tests[22m[2m)[22m[32m 15[2mms[22m[39m
2026-10-10T22:08:33.9875925Z  [32m✓[39m tests/unit/w11-native-provenance.test.ts [2m([22m[2m5 tests[22m[2m)[22m[32m 78[2mms[22m[39m
2026-10-10T22:08:34.6232397Z  [32m✓[39m tests/unit/terrain-probes.test.ts [2m([22m[2m6 tests[22m[2m)[22m[32m 54[2mms[22m[39m
2026-10-10T22:08:34.6986915Z  [32m✓[39m tests/unit/render-scheduler.test.ts [2m([22m[2m4 tests[22m[2m)[22m[32m 8[2mms[22m[39m
2026-10-10T22:08:35.3095058Z  [32m✓[39m tests/unit/label-contract-record.test.ts [2m([22m[2m3 tests[22m[2m)[22m[32m 45[2mms[22m[39m
2026-10-10T22:08:35.3838865Z  [32m✓[39m tests/unit/postfx.test.ts [2m([22m[2m20 tests[22m[2m)[22m[32m 27[2mms[22m[39m
2026-10-10T22:08:35.6529642Z  [32m✓[39m tests/unit/source-launch-observation.test.ts [2m([22m[2m3 tests[22m[2m)[22m[32m 13[2mms[22m[39m
2026-10-10T22:08:35.9966978Z  [32m✓[39m tests/unit/viewer-visibility-lifecycle.test.ts [2m([22m[2m10 tests[22m[2m)[22m[32m 11[2mms[22m[39m
2026-10-10T22:08:36.0477609Z  [32m✓[39m tests/unit/w14-native-contract.test.ts [2m([22m[2m2 tests[22m[2m)[22m[32m 30[2mms[22m[39m
2026-10-10T22:08:36.1954107Z  [32m✓[39m tests/unit/orbit-controller.test.ts [2m([22m[2m6 tests[22m[2m)[22m[33m 2232[2mms[22m[39m
2026-10-10T22:08:36.1956321Z      [33m[2m✓[22m[39m keeps ten thousand randomized finite deltas valid [33m 2214[2mms[22m[39m
2026-10-10T22:08:36.3637951Z  [32m✓[39m tests/unit/viewer-interaction-observation.test.ts [2m([22m[2m12 tests[22m[2m)[22m[32m 12[2mms[22m[39m
2026-10-10T22:08:36.6521302Z  [32m✓[39m tests/unit/w10-reflection-metrics.test.ts [2m([22m[2m2 tests[22m[2m)[22m[32m 119[2mms[22m[39m
2026-10-10T22:08:36.7183653Z  [32m✓[39m tests/unit/w12-native-provenance.test.ts [2m([22m[2m1 test[22m[2m)[22m[32m 14[2mms[22m[39m
2026-10-10T22:08:36.9098362Z  [32m✓[39m tests/unit/w16-provenance.test.ts [2m([22m[2m1 test[22m[2m)[22m[33m 478[2mms[22m[39m
2026-10-10T22:08:36.9100075Z    [33m[2m✓[22m[39m W16 fixtures and deepest native sources retain independent provenance [33m 476[2mms[22m[39m
2026-10-10T22:08:36.9431718Z  [32m✓[39m tests/unit/evidence-mode.test.ts [2m([22m[2m3 tests[22m[2m)[22m[32m 6[2mms[22m[39m
2026-10-10T22:08:36.9496061Z 
2026-10-10T22:08:36.9503262Z [2m Test Files [22m [1m[32m64 passed[39m[22m[90m (64)[39m
2026-10-10T22:08:36.9507011Z [2m      Tests [22m [1m[32m1082 passed[39m[22m[90m (1082)[39m
2026-10-10T22:08:36.9508393Z [2m   Start at [22m 22:08:09
2026-10-10T22:08:36.9513153Z [2m   Duration [22m 27.45s[2m (transform 6.07s, setup 0ms, import 24.41s, tests 37.10s, environment 19ms)[22m
2026-10-10T22:08:36.9514124Z 
2026-10-10T22:08:37.2168998Z ##[group]Run npm run test:api
2026-10-10T22:08:37.2169366Z [36;1mnpm run test:api[0m
2026-10-10T22:08:37.2245442Z shell: C:\Program Files\PowerShell\7\pwsh.EXE -command ". '{0}'"
2026-10-10T22:08:37.2245811Z env:
2026-10-10T22:08:37.2246003Z   CARGO_TERM_COLOR: always
2026-10-10T22:08:37.2246228Z   RUST_BACKTRACE: 1
2026-10-10T22:08:37.2246444Z   CARGO_HOME: C:\Users\runneradmin\.cargo
2026-10-10T22:08:37.2246704Z   CARGO_INCREMENTAL: 0
2026-10-10T22:08:37.2246916Z ##[endgroup]
2026-10-10T22:08:37.8688009Z 
2026-10-10T22:08:37.8688636Z > @forge3d/web@1.26.3 test:api
2026-10-10T22:08:37.8689807Z > npm run typecheck && node tests/api/public-api-snapshot.mjs && node tests/api/emitted-facade-stage.mjs
2026-10-10T22:08:37.8690576Z 
2026-10-10T22:08:38.2214482Z 
2026-10-10T22:08:38.2214986Z > @forge3d/web@1.26.3 typecheck
2026-10-10T22:08:38.2215962Z > tsc --noEmit -p tsconfig.json && tsc --noEmit -p tsconfig.api.json
2026-10-10T22:08:38.2216605Z 
2026-10-10T22:08:53.2148107Z ##[group]Run npm run build
2026-10-10T22:08:53.2148687Z [36;1mnpm run build[0m
2026-10-10T22:08:53.2220006Z shell: C:\Program Files\PowerShell\7\pwsh.EXE -command ". '{0}'"
2026-10-10T22:08:53.2220357Z env:
2026-10-10T22:08:53.2220549Z   CARGO_TERM_COLOR: always
2026-10-10T22:08:53.2220772Z   RUST_BACKTRACE: 1
2026-10-10T22:08:53.2220982Z   CARGO_HOME: C:\Users\runneradmin\.cargo
2026-10-10T22:08:53.2221246Z   CARGO_INCREMENTAL: 0
2026-10-10T22:08:53.2221447Z ##[endgroup]
2026-10-10T22:08:53.8450119Z 
2026-10-10T22:08:53.8450725Z > @forge3d/web@1.26.3 build
2026-10-10T22:08:53.8451448Z > npm run build:wasm && npm run build:ts && npm run prepare-dist && npm run build:example
2026-10-10T22:08:53.8451949Z 
2026-10-10T22:08:54.1899889Z 
2026-10-10T22:08:54.1900500Z > @forge3d/web@1.26.3 build:wasm
2026-10-10T22:08:54.1901034Z > wasm-pack build . --target web --out-dir pkg --out-name forge3d_web
2026-10-10T22:08:54.1901331Z 
2026-10-10T22:08:54.5552146Z [INFO]: Checking for the Wasm target...
2026-10-10T22:08:54.6550965Z [INFO]: Compiling to Wasm...
2026-10-10T22:08:54.8468055Z [1m[92m    Finished[0m `release` profile [optimized] target(s) in 0.16s
2026-10-10T22:08:54.8754037Z [INFO]: Installing wasm-bindgen...
2026-10-10T22:08:55.2482079Z [INFO]: Optimizing wasm binaries with `wasm-opt`...
2026-10-10T22:09:15.9175262Z [INFO]: :-) Done in 21.40s
2026-10-10T22:09:15.9175803Z [INFO]: :-) Your wasm pkg is ready to publish at pkg.
2026-10-10T22:09:16.2628374Z 
2026-10-10T22:09:16.2629032Z > @forge3d/web@1.26.3 build:ts
2026-10-10T22:09:16.2629771Z > tsc -p tsconfig.json && node scripts/embed-proj-worker.mjs
2026-10-10T22:09:16.2630490Z 
2026-10-10T22:09:24.2455115Z 
2026-10-10T22:09:24.2456000Z > @forge3d/web@1.26.3 prepare-dist
2026-10-10T22:09:24.2456798Z > node scripts/prepare-dist.mjs
2026-10-10T22:09:24.2457205Z 
2026-10-10T22:09:24.3466283Z W13 exact dependency, shaping assets, deterministic fonts and licenses verified
2026-10-10T22:09:24.3852595Z W14 exact PROJ, grid, native dataset assets and notices verified
2026-10-10T22:09:24.7891171Z 
2026-10-10T22:09:24.7892019Z > @forge3d/web@1.26.3 build:example
2026-10-10T22:09:24.7893260Z > npm --prefix examples/vite install --package-lock=false && npm --prefix examples/vite run build
2026-10-10T22:09:24.7894072Z 
2026-10-10T22:09:30.1861296Z 
2026-10-10T22:09:30.1862498Z added 17 packages, and audited 19 packages in 5s
2026-10-10T22:09:30.1863145Z 
2026-10-10T22:09:30.1863548Z 8 packages are looking for funding
2026-10-10T22:09:30.1864238Z   run `npm fund` for details
2026-10-10T22:09:30.1873679Z 
2026-10-10T22:09:30.1874177Z found 0 vulnerabilities
2026-10-10T22:09:30.5159691Z 
2026-10-10T22:09:30.5160197Z > build
2026-10-10T22:09:30.5160691Z > vite build
2026-10-10T22:09:30.5160867Z 
2026-10-10T22:09:30.8111060Z [36mvite v8.3.4 [32mbuilding client environment for production...[36m[39m
2026-10-10T22:09:30.8362861Z transforming...
2026-10-10T22:09:30.9776173Z 
2026-10-10T22:09:30.9945759Z new URL("../assets/datasets/", import.meta.url) doesn't exist at build time, it will remain unchanged to be resolved at runtime. If this is intended, you can use the /* @vite-ignore */ comment to suppress this warning.
2026-10-10T22:09:31.0062647Z [33m[plugin rolldown:vite-resolve] Module "module" has been externalized for browser compatibility, imported by "D:/a/forge3d-web/forge3d-web/crates/forge3d-web/assets/harfbuzz/harfbuzz.js". See https://vite.dev/guide/troubleshooting.html#module-externalized-for-browser-compatibility for more details.[39m
2026-10-10T22:09:31.0943270Z ✓ 114 modules transformed.
2026-10-10T22:09:31.1064975Z rendering chunks...
2026-10-10T22:09:31.1446522Z computing gzip size...
2026-10-10T22:09:31.1582632Z dist/index.html                                        0.38 kB │ gzip:   0.26 kB
2026-10-10T22:09:31.1583292Z dist/assets/basis_transcoder-Br0lTu_Z.js              50.53 kB
2026-10-10T22:09:31.1583869Z dist/assets/laz-perf-BW7SlUFF.js                      87.25 kB
2026-10-10T22:09:31.1587846Z dist/assets/laz-perf-CFJp03W6.wasm                   214.35 kB │ gzip:  74.36 kB
2026-10-10T22:09:31.1588658Z dist/assets/NotoSansDevanagari-Regular-CIJEaBX8.ttf  219.21 kB
2026-10-10T22:09:31.1589263Z dist/assets/NotoSansArabic-Regular-CEibNoL-.ttf      240.45 kB
2026-10-10T22:09:31.1590009Z dist/assets/harfbuzz-CVplwa31.wasm                   421.96 kB │ gzip: 173.73 kB
2026-10-10T22:09:31.1590643Z dist/assets/NotoSans-Regular-Dpf_lrdO.ttf            569.20 kB
2026-10-10T22:09:31.1591318Z dist/assets/basis_transcoder-CdrOy9YX.wasm           960.31 kB │ gzip: 423.05 kB
2026-10-10T22:09:31.1592484Z dist/assets/index-HckmGOM5.js                        162.88 kB │ gzip:  52.15 kB
2026-10-10T22:09:31.1592879Z 
2026-10-10T22:09:31.1593216Z [32m✓ built in 345ms[39m
2026-10-10T22:09:31.3445488Z ##[group]Run npm run test:package
2026-10-10T22:09:31.3445874Z [36;1mnpm run test:package[0m
2026-10-10T22:09:31.3521153Z shell: C:\Program Files\PowerShell\7\pwsh.EXE -command ". '{0}'"
2026-10-10T22:09:31.3521502Z env:
2026-10-10T22:09:31.3521685Z   CARGO_TERM_COLOR: always
2026-10-10T22:09:31.3521899Z   RUST_BACKTRACE: 1
2026-10-10T22:09:31.3522112Z   CARGO_HOME: C:\Users\runneradmin\.cargo
2026-10-10T22:09:31.3522365Z   CARGO_INCREMENTAL: 0
2026-10-10T22:09:31.3522561Z ##[endgroup]
2026-10-10T22:09:31.9792051Z 
2026-10-10T22:09:31.9792750Z > @forge3d/web@1.26.3 test:package
2026-10-10T22:09:31.9794466Z > npm run test:release-hardening && npm run test:browser-harness && npm run test:infrastructure && node tests/api/package-contract.mjs
2026-10-10T22:09:31.9795415Z 
2026-10-10T22:09:32.3158316Z 
2026-10-10T22:09:32.3159396Z > @forge3d/web@1.26.3 test:release-hardening
2026-10-10T22:09:32.3160387Z > node tests/api/release-hardening.mjs && npm run test:docs
2026-10-10T22:09:32.3161137Z 
2026-10-10T22:09:32.7279814Z 
2026-10-10T22:09:32.7280601Z > @forge3d/web@1.26.3 test:docs
2026-10-10T22:09:32.7281101Z > node --test tests/api/docs-links.test.mjs
2026-10-10T22:09:32.7281375Z 
2026-10-10T22:09:32.8161750Z TAP version 13
2026-10-10T22:09:32.9169945Z # Subtest: README.md has no broken repository documentation links
2026-10-10T22:09:32.9180441Z ok 1 - README.md has no broken repository documentation links
2026-10-10T22:09:32.9181108Z   ---
2026-10-10T22:09:32.9181568Z   duration_ms: 7.8884
2026-10-10T22:09:32.9181950Z   ...
2026-10-10T22:09:32.9192075Z # Subtest: docs/superpowers/specs/2026-06-05-forge3d-browser-webgpu-wasm-migration-goals.md has no broken repository documentation links
2026-10-10T22:09:32.9194128Z ok 2 - docs/superpowers/specs/2026-06-05-forge3d-browser-webgpu-wasm-migration-goals.md has no broken repository documentation links
2026-10-10T22:09:32.9195262Z   ---
2026-10-10T22:09:32.9195582Z   duration_ms: 2.5211
2026-10-10T22:09:32.9195963Z   ...
2026-10-10T22:09:32.9199677Z # Subtest: crates/forge3d-web/README.md has no broken repository documentation links
2026-10-10T22:09:32.9200996Z ok 3 - crates/forge3d-web/README.md has no broken repository documentation links
2026-10-10T22:09:32.9201927Z   ---
2026-10-10T22:09:32.9202267Z   duration_ms: 11.333
2026-10-10T22:09:32.9202627Z   ...
2026-10-10T22:09:32.9205462Z # Subtest: crates/forge3d-web/docs/labels.md has no broken repository documentation links
2026-10-10T22:09:32.9206892Z ok 4 - crates/forge3d-web/docs/labels.md has no broken repository documentation links
2026-10-10T22:09:32.9207756Z   ---
2026-10-10T22:09:32.9208094Z   duration_ms: 0.5859
2026-10-10T22:09:32.9208458Z   ...
2026-10-10T22:09:32.9212661Z # Subtest: crates/forge3d-web/docs/crs-datasets.md has no broken repository documentation links
2026-10-10T22:09:32.9214053Z ok 5 - crates/forge3d-web/docs/crs-datasets.md has no broken repository documentation links
2026-10-10T22:09:32.9214864Z   ---
2026-10-10T22:09:32.9215212Z   duration_ms: 0.2807
2026-10-10T22:09:32.9215577Z   ...
2026-10-10T22:09:32.9222584Z # Subtest: crates/forge3d-web/docs/pointcloud-tiles.md has no broken repository documentation links
2026-10-10T22:09:32.9224206Z ok 6 - crates/forge3d-web/docs/pointcloud-tiles.md has no broken repository documentation links
2026-10-10T22:09:32.9225277Z   ---
2026-10-10T22:09:32.9225599Z   duration_ms: 0.3584
2026-10-10T22:09:32.9225970Z   ...
2026-10-10T22:09:32.9228098Z # Subtest: crates/forge3d-web/docs/w16-evidence.md has no broken repository documentation links
2026-10-10T22:09:32.9230433Z ok 7 - crates/forge3d-web/docs/w16-evidence.md has no broken repository documentation links
2026-10-10T22:09:32.9231526Z   ---
2026-10-10T22:09:32.9232330Z   duration_ms: 2.4545
2026-10-10T22:09:32.9232910Z   ...
2026-10-10T22:09:32.9233964Z # Subtest: docs/parity/w14-implementation.md has no broken repository documentation links
2026-10-10T22:09:32.9238843Z ok 8 - docs/parity/w14-implementation.md has no broken repository documentation links
2026-10-10T22:09:32.9239736Z   ---
2026-10-10T22:09:32.9240075Z   duration_ms: 0.3915
2026-10-10T22:09:32.9240434Z   ...
2026-10-10T22:09:32.9241321Z # Subtest: crates/forge3d-web/docs/support-matrix.md has no broken repository documentation links
2026-10-10T22:09:32.9243188Z ok 9 - crates/forge3d-web/docs/support-matrix.md has no broken repository documentation links
2026-10-10T22:09:32.9244018Z   ---
2026-10-10T22:09:32.9244368Z   duration_ms: 8.6804
2026-10-10T22:09:32.9244737Z   ...
2026-10-10T22:09:32.9246852Z # Subtest: crates/forge3d-web/docs/release-checklist.md has no broken repository documentation links
2026-10-10T22:09:32.9249803Z ok 10 - crates/forge3d-web/docs/release-checklist.md has no broken repository documentation links
2026-10-10T22:09:32.9250512Z   ---
2026-10-10T22:09:32.9250817Z   duration_ms: 2.018
2026-10-10T22:09:32.9251476Z   ...
2026-10-10T22:09:32.9263309Z # Subtest: documented feature gaps link to a capability row and owning task
2026-10-10T22:09:32.9264775Z ok 11 - documented feature gaps link to a capability row and owning task
2026-10-10T22:09:32.9265405Z   ---
2026-10-10T22:09:32.9265693Z   duration_ms: 1.2686
2026-10-10T22:09:32.9266776Z   ...
2026-10-10T22:09:32.9364648Z 1..11
2026-10-10T22:09:32.9365112Z # tests 11
2026-10-10T22:09:32.9365740Z # suites 0
2026-10-10T22:09:32.9368196Z # pass 11
2026-10-10T22:09:32.9368971Z # fail 0
2026-10-10T22:09:32.9369424Z # cancelled 0
2026-10-10T22:09:32.9369909Z # skipped 0
2026-10-10T22:09:32.9370495Z # todo 0
2026-10-10T22:09:32.9375730Z # duration_ms 135.0803
2026-10-10T22:09:33.2767461Z 
2026-10-10T22:09:33.2768106Z > @forge3d/web@1.26.3 test:browser-harness
2026-10-10T22:09:33.2772566Z > node --test tests/browser/benchmark/benchmark-golden.test.mjs tests/browser/evidence-validator.test.mjs tests/browser/resource-assertions.test.mjs tests/browser/chr03-hardware-proof-validator.test.mjs tests/browser/chr04-hardware-proof-validator.test.mjs tests/browser/ffx03-proof-validator.test.mjs tests/browser/saf03-proof-validator.test.mjs tests/browser/saf04-hardware-proof-validator.test.mjs tests/browser/viewer-benchmark-module.test.mjs tests/webdriver/safari-viewer.test.mjs
2026-10-10T22:09:33.2776049Z 
2026-10-10T22:09:33.3773982Z TAP version 13
2026-10-10T22:09:33.4630563Z # Subtest: benchmark v1 regenerates byte-for-byte with frozen hashes
2026-10-10T22:09:33.4646575Z ok 1 - benchmark v1 regenerates byte-for-byte with frozen hashes
2026-10-10T22:09:33.4650284Z   ---
2026-10-10T22:09:33.4650726Z   duration_ms: 24.3488
2026-10-10T22:09:33.4652506Z   ...
2026-10-10T22:09:33.5543766Z # Subtest: validates exact CHR-03 behavior, lifecycle, and benchmark proof
2026-10-10T22:09:33.5545045Z ok 2 - validates exact CHR-03 behavior, lifecycle, and benchmark proof
2026-10-10T22:09:33.5573492Z   ---
2026-10-10T22:09:33.5574103Z   duration_ms: 7.3571
2026-10-10T22:09:33.5574641Z   ...
2026-10-10T22:09:33.5575536Z # Subtest: production entrypoint applies the same strict schema and semantic checks
2026-10-10T22:09:33.5576843Z ok 3 - production entrypoint applies the same strict schema and semantic checks
2026-10-10T22:09:33.5577720Z   ---
2026-10-10T22:09:33.5578180Z   duration_ms: 6.1053
2026-10-10T22:09:33.5578646Z   ...
2026-10-10T22:09:33.5579152Z # Subtest: rejects no-op control
2026-10-10T22:09:33.5579731Z ok 4 - rejects no-op control
2026-10-10T22:09:33.5580231Z   ---
2026-10-10T22:09:33.5580648Z   duration_ms: 3.0991
2026-10-10T22:09:33.5581129Z   ...
2026-10-10T22:09:33.5581650Z # Subtest: rejects wrong asset
2026-10-10T22:09:33.5582242Z ok 5 - rejects wrong asset
2026-10-10T22:09:33.5582712Z   ---
2026-10-10T22:09:33.5583108Z   duration_ms: 2.614
2026-10-10T22:09:33.5583546Z   ...
2026-10-10T22:09:33.5584056Z # Subtest: rejects duplicate runtime
2026-10-10T22:09:33.5585198Z ok 6 - rejects duplicate runtime
2026-10-10T22:09:33.5585758Z   ---
2026-10-10T22:09:33.5586212Z   duration_ms: 2.5771
2026-10-10T22:09:33.5586635Z   ...
2026-10-10T22:09:33.5588567Z # Subtest: rejects leaked resource
2026-10-10T22:09:33.5589256Z ok 7 - rejects leaked resource
2026-10-10T22:09:33.5589717Z   ---
2026-10-10T22:09:33.5594814Z   duration_ms: 2.5334
2026-10-10T22:09:33.5595541Z   ...
2026-10-10T22:09:33.5596523Z # Subtest: rejects missing measured frame
2026-10-10T22:09:33.5597164Z ok 8 - rejects missing measured frame
2026-10-10T22:09:33.5597606Z   ---
2026-10-10T22:09:33.5597897Z   duration_ms: 2.4757
2026-10-10T22:09:33.5598229Z   ...
2026-10-10T22:09:33.5598603Z # Subtest: rejects skipped frame
2026-10-10T22:09:33.5599167Z ok 9 - rejects skipped frame
2026-10-10T22:09:33.5599536Z   ---
2026-10-10T22:09:33.5599835Z   duration_ms: 2.4087
2026-10-10T22:09:33.5600167Z   ...
2026-10-10T22:09:33.5600562Z # Subtest: rejects malformed raw timing
2026-10-10T22:09:33.5601104Z ok 10 - rejects malformed raw timing
2026-10-10T22:09:33.5601820Z   ---
2026-10-10T22:09:33.5602101Z   duration_ms: 4.2689
2026-10-10T22:09:33.5602417Z   ...
2026-10-10T22:09:33.5602799Z # Subtest: rejects p95 above threshold
2026-10-10T22:09:33.5603306Z ok 11 - rejects p95 above threshold
2026-10-10T22:09:33.5603703Z   ---
2026-10-10T22:09:33.5603997Z   duration_ms: 10.8196
2026-10-10T22:09:33.5604324Z   ...
2026-10-10T22:09:33.5604781Z # Subtest: rejects injected two-owned-RAF observation
2026-10-10T22:09:33.5605474Z ok 12 - rejects injected two-owned-RAF observation
2026-10-10T22:09:33.5605957Z   ---
2026-10-10T22:09:33.5606304Z   duration_ms: 1.3505
2026-10-10T22:09:33.5606649Z   ...
2026-10-10T22:09:33.5607025Z # Subtest: rejects duplicate RAF
2026-10-10T22:09:33.5607473Z ok 13 - rejects duplicate RAF
2026-10-10T22:09:33.5607861Z   ---
2026-10-10T22:09:33.5608167Z   duration_ms: 2.2728
2026-10-10T22:09:33.5608487Z   ...
2026-10-10T22:09:33.5608881Z # Subtest: rejects fractional queue sample
2026-10-10T22:09:33.5609443Z ok 14 - rejects fractional queue sample
2026-10-10T22:09:33.5609942Z   ---
2026-10-10T22:09:33.5610221Z   duration_ms: 2.8598
2026-10-10T22:09:33.5610898Z   ...
2026-10-10T22:09:33.5611296Z # Subtest: rejects missing scheduler field
2026-10-10T22:09:33.5611832Z ok 15 - rejects missing scheduler field
2026-10-10T22:09:33.5612244Z   ---
2026-10-10T22:09:33.5612528Z   duration_ms: 2.2005
2026-10-10T22:09:33.5612839Z   ...
2026-10-10T22:09:33.5613204Z # Subtest: rejects queue not empty
2026-10-10T22:09:33.5613680Z ok 16 - rejects queue not empty
2026-10-10T22:09:33.5614076Z   ---
2026-10-10T22:09:33.5614379Z   duration_ms: 2.6039
2026-10-10T22:09:33.5614712Z   ...
2026-10-10T22:09:33.5615093Z # Subtest: rejects wrong canonical hash
2026-10-10T22:09:33.5615618Z ok 17 - rejects wrong canonical hash
2026-10-10T22:09:33.5616035Z   ---
2026-10-10T22:09:33.5616317Z   duration_ms: 2.4128
2026-10-10T22:09:33.5616644Z   ...
2026-10-10T22:09:33.5617045Z # Subtest: rejects missing signal provenance
2026-10-10T22:09:33.5617627Z ok 18 - rejects missing signal provenance
2026-10-10T22:09:33.5618083Z   ---
2026-10-10T22:09:33.5618377Z   duration_ms: 2.3946
2026-10-10T22:09:33.5619266Z   ...
2026-10-10T22:09:33.5619737Z # Subtest: rejects wrong pointer identity
2026-10-10T22:09:33.5620328Z ok 19 - rejects wrong pointer identity
2026-10-10T22:09:33.5620754Z   ---
2026-10-10T22:09:33.5621064Z   duration_ms: 2.2519
2026-10-10T22:09:33.5621419Z   ...
2026-10-10T22:09:33.5621856Z # Subtest: rejects undocumented keyboard key
2026-10-10T22:09:33.5622457Z ok 20 - rejects undocumented keyboard key
2026-10-10T22:09:33.5622921Z   ---
2026-10-10T22:09:33.5623214Z   duration_ms: 2.1073
2026-10-10T22:09:33.5623551Z   ...
2026-10-10T22:09:33.5623935Z # Subtest: rejects hidden benchmark
2026-10-10T22:09:33.5624459Z ok 21 - rejects hidden benchmark
2026-10-10T22:09:33.5624870Z   ---
2026-10-10T22:09:33.5625172Z   duration_ms: 2.7951
2026-10-10T22:09:33.5646207Z   ...
2026-10-10T22:09:33.5646619Z # Subtest: rejects missing SystemInfo reason
2026-10-10T22:09:33.5647218Z ok 22 - rejects missing SystemInfo reason
2026-10-10T22:09:33.5647657Z   ---
2026-10-10T22:09:33.5648252Z   duration_ms: 2.2121
2026-10-10T22:09:33.5648644Z   ...
2026-10-10T22:09:33.6089610Z # Subtest: validates exact CHR-04 Edge proof and outer provenance
2026-10-10T22:09:33.6097528Z ok 23 - validates exact CHR-04 Edge proof and outer provenance
2026-10-10T22:09:33.6114749Z   ---
2026-10-10T22:09:33.6162005Z   duration_ms: 13.6307
2026-10-10T22:09:33.6163585Z   ...
2026-10-10T22:09:33.6164567Z # Subtest: rejects borrowed Chrome proof and mutated Edge bindings/provenance
2026-10-10T22:09:33.6171107Z ok 24 - rejects borrowed Chrome proof and mutated Edge bindings/provenance
2026-10-10T22:09:33.6179449Z   ---
2026-10-10T22:09:33.6181311Z   duration_ms: 39.7497
2026-10-10T22:09:33.6182889Z   ...
2026-10-10T22:09:33.6190234Z # Subtest: rejects every policy argument with and without a value
2026-10-10T22:09:33.6198067Z ok 25 - rejects every policy argument with and without a value
2026-10-10T22:09:33.6199607Z   ---
2026-10-10T22:09:33.6200058Z   duration_ms: 43.1474
2026-10-10T22:09:33.6200557Z   ...
2026-10-10T22:09:33.6201407Z # Subtest: schema closes nested payloads and Edge observations
2026-10-10T22:09:33.6202374Z ok 26 - schema closes nested payloads and Edge observations
2026-10-10T22:09:33.6203066Z   ---
2026-10-10T22:09:33.6203491Z   duration_ms: 14.8342
2026-10-10T22:09:33.6208410Z   ...
2026-10-10T22:09:33.6209210Z # Subtest: rejects missing or mutated touch and unsupported diagnostics
2026-10-10T22:09:33.6210622Z ok 27 - rejects missing or mutated touch and unsupported diagnostics
2026-10-10T22:09:33.6211310Z   ---
2026-10-10T22:09:33.6211694Z   duration_ms: 15.4628
2026-10-10T22:09:33.6212132Z   ...
2026-10-10T22:09:33.6212665Z # Subtest: reuses full FND-07 payload validation
2026-10-10T22:09:33.6213718Z ok 28 - reuses full FND-07 payload validation
2026-10-10T22:09:33.6214352Z   ---
2026-10-10T22:09:33.6214741Z   duration_ms: 2.3044
2026-10-10T22:09:33.6215179Z   ...
2026-10-10T22:09:33.7269756Z # Subtest: validates a complete record and recomputes index-569 p95/FPS
2026-10-10T22:09:33.7515589Z ok 29 - validates a complete record and recomputes index-569 p95/FPS
2026-10-10T22:09:33.7516896Z   ---
2026-10-10T22:09:33.7517399Z   duration_ms: 9.4405
2026-10-10T22:09:33.7517912Z   ...
2026-10-10T22:09:33.7518735Z # Subtest: keeps optional Firefox classification fields backward-compatible
2026-10-10T22:09:33.7520268Z ok 30 - keeps optional Firefox classification fields backward-compatible
2026-10-10T22:09:33.7521083Z   ---
2026-10-10T22:09:33.7521528Z   duration_ms: 2.7958
2026-10-10T22:09:33.7522005Z   ...
2026-10-10T22:09:33.7522681Z # Subtest: rejects null browser preference override scalars
2026-10-10T22:09:33.7523632Z ok 31 - rejects null browser preference override scalars
2026-10-10T22:09:33.7524313Z   ---
2026-10-10T22:09:33.7524761Z   duration_ms: 1.8455
2026-10-10T22:09:33.7525239Z   ...
2026-10-10T22:09:33.7526044Z # Subtest: validates exact firefox-preflight source-browser classification
2026-10-10T22:09:33.7527476Z ok 32 - validates exact firefox-preflight source-browser classification
2026-10-10T22:09:33.7528374Z   ---
2026-10-10T22:09:33.7528871Z   duration_ms: 0.8543
2026-10-10T22:09:33.7529382Z   ...
2026-10-10T22:09:33.7530292Z # Subtest: validates exact firefox-nightly-experimental source-browser classification
2026-10-10T22:09:33.7531692Z ok 33 - validates exact firefox-nightly-experimental source-browser classification
2026-10-10T22:09:33.7532661Z   ---
2026-10-10T22:09:33.7533145Z   duration_ms: 0.4185
2026-10-10T22:09:33.7533693Z   ...
2026-10-10T22:09:33.7534381Z # Subtest: rejects missing preflight support level
2026-10-10T22:09:33.7535320Z ok 34 - rejects missing preflight support level
2026-10-10T22:09:33.7536019Z   ---
2026-10-10T22:09:33.7536945Z   duration_ms: 0.5168
2026-10-10T22:09:33.7537484Z   ...
2026-10-10T22:09:33.7538164Z # Subtest: rejects missing preflight preference label
2026-10-10T22:09:33.7539128Z ok 35 - rejects missing preflight preference label
2026-10-10T22:09:33.7539941Z   ---
2026-10-10T22:09:33.7540965Z   duration_ms: 0.6658
2026-10-10T22:09:33.7541611Z   ...
2026-10-10T22:09:33.7542317Z # Subtest: rejects preflight branded support level
2026-10-10T22:09:33.7543223Z ok 36 - rejects preflight branded support level
2026-10-10T22:09:33.7544049Z   ---
2026-10-10T22:09:33.7544603Z   duration_ms: 0.781
2026-10-10T22:09:33.7545161Z   ...
2026-10-10T22:09:33.7545845Z # Subtest: rejects preflight exact-tarball artifact
2026-10-10T22:09:33.7573252Z ok 37 - rejects preflight exact-tarball artifact
2026-10-10T22:09:33.7574013Z   ---
2026-10-10T22:09:33.7577687Z   duration_ms: 0.9437
2026-10-10T22:09:33.7579490Z   ...
2026-10-10T22:09:33.7579977Z # Subtest: rejects preflight PASS result
2026-10-10T22:09:33.7580762Z ok 38 - rejects preflight PASS result
2026-10-10T22:09:33.7581376Z   ---
2026-10-10T22:09:33.7581818Z   duration_ms: 1.0147
2026-10-10T22:09:33.7582658Z   ...
2026-10-10T22:09:33.7583226Z # Subtest: rejects preflight override mode
2026-10-10T22:09:33.7583951Z ok 39 - rejects preflight override mode
2026-10-10T22:09:33.7584527Z   ---
2026-10-10T22:09:33.7584991Z   duration_ms: 0.8202
2026-10-10T22:09:33.7591164Z   ...
2026-10-10T22:09:33.7591852Z # Subtest: rejects preflight preference override
2026-10-10T22:09:33.7592701Z ok 40 - rejects preflight preference override
2026-10-10T22:09:33.7593337Z   ---
2026-10-10T22:09:33.7593778Z   duration_ms: 0.7392
2026-10-10T22:09:33.7594235Z   ...
2026-10-10T22:09:33.7594826Z # Subtest: rejects experimental engine support level
2026-10-10T22:09:33.7595656Z ok 41 - rejects experimental engine support level
2026-10-10T22:09:33.7596334Z   ---
2026-10-10T22:09:33.7596884Z   duration_ms: 0.7236
2026-10-10T22:09:33.7597653Z   ...
2026-10-10T22:09:33.7598877Z # Subtest: rejects experimental exact-tarball artifact
2026-10-10T22:09:33.7599944Z ok 42 - rejects experimental exact-tarball artifact
2026-10-10T22:09:33.7600808Z   ---
2026-10-10T22:09:33.7626203Z   duration_ms: 1.213
2026-10-10T22:09:33.7631120Z   ...
2026-10-10T22:09:33.7631780Z # Subtest: rejects experimental PASS result
2026-10-10T22:09:33.7632537Z ok 43 - rejects experimental PASS result
2026-10-10T22:09:33.7633117Z   ---
2026-10-10T22:09:33.7633550Z   duration_ms: 0.7136
2026-10-10T22:09:33.7634034Z   ...
2026-10-10T22:09:33.7634591Z # Subtest: rejects experimental default mode
2026-10-10T22:09:33.7635650Z ok 44 - rejects experimental default mode
2026-10-10T22:09:33.7636287Z   ---
2026-10-10T22:09:33.7636698Z   duration_ms: 0.7798
2026-10-10T22:09:33.7637146Z   ...
2026-10-10T22:09:33.7638254Z # Subtest: rejects experimental missing WebGPU override
2026-10-10T22:09:33.7640073Z ok 45 - rejects experimental missing WebGPU override
2026-10-10T22:09:33.7647229Z   ---
2026-10-10T22:09:33.7647768Z   duration_ms: 0.7579
2026-10-10T22:09:33.7648253Z   ...
2026-10-10T22:09:33.7648832Z # Subtest: rejects experimental false WebGPU override
2026-10-10T22:09:33.7649643Z ok 46 - rejects experimental false WebGPU override
2026-10-10T22:09:33.7650247Z   ---
2026-10-10T22:09:33.7650953Z   duration_ms: 0.9797
2026-10-10T22:09:33.7651452Z   ...
2026-10-10T22:09:33.7652093Z # Subtest: rejects experimental extra preference override
2026-10-10T22:09:33.7652919Z ok 47 - rejects experimental extra preference override
2026-10-10T22:09:33.7656081Z   ---
2026-10-10T22:09:33.7656657Z   duration_ms: 2.2928
2026-10-10T22:09:33.7657228Z   ...
2026-10-10T22:09:33.7657951Z # Subtest: rejects Firefox project with Chromium identity
2026-10-10T22:09:33.7658985Z ok 48 - rejects Firefox project with Chromium identity
2026-10-10T22:09:33.7659638Z   ---
2026-10-10T22:09:33.7660094Z   duration_ms: 0.7361
2026-10-10T22:09:33.7660579Z   ...
2026-10-10T22:09:33.7661243Z # Subtest: rejects Firefox project with branded channel
2026-10-10T22:09:33.7662181Z ok 49 - rejects Firefox project with branded channel
2026-10-10T22:09:33.7662856Z   ---
2026-10-10T22:09:33.7663346Z   duration_ms: 0.6157
2026-10-10T22:09:33.7663868Z   ...
2026-10-10T22:09:33.7665931Z # Subtest: rejects Firefox project with required lane
2026-10-10T22:09:33.7666986Z ok 50 - rejects Firefox project with required lane
2026-10-10T22:09:33.7667706Z   ---
2026-10-10T22:09:33.7668141Z   duration_ms: 0.6008
2026-10-10T22:09:33.7668609Z   ...
2026-10-10T22:09:33.7669323Z # Subtest: retains a 500-ms stall in duration and raw intervals
2026-10-10T22:09:33.7670456Z ok 51 - retains a 500-ms stall in duration and raw intervals
2026-10-10T22:09:33.7671186Z   ---
2026-10-10T22:09:33.7671700Z   duration_ms: 6.0968
2026-10-10T22:09:33.7672229Z   ...
2026-10-10T22:09:33.7672835Z # Subtest: fails closed for skipped frame
2026-10-10T22:09:33.7674035Z ok 52 - fails closed for skipped frame
2026-10-10T22:09:33.7674643Z   ---
2026-10-10T22:09:33.7675223Z   duration_ms: 1.9341
2026-10-10T22:09:33.7675842Z   ...
2026-10-10T22:09:33.7676525Z # Subtest: fails closed for dropped trace sample
2026-10-10T22:09:33.7677779Z ok 53 - fails closed for dropped trace sample
2026-10-10T22:09:33.7678484Z   ---
2026-10-10T22:09:33.7678983Z   duration_ms: 1.6697
2026-10-10T22:09:33.7679531Z   ...
2026-10-10T22:09:33.7680349Z # Subtest: fails closed for background transition
2026-10-10T22:09:33.7681194Z ok 54 - fails closed for background transition
2026-10-10T22:09:33.7681878Z   ---
2026-10-10T22:09:33.7682394Z   duration_ms: 2.3641
2026-10-10T22:09:33.7682940Z   ...
2026-10-10T22:09:33.7683589Z # Subtest: fails closed for known thermal throttle
2026-10-10T22:09:33.7684482Z ok 55 - fails closed for known thermal throttle
2026-10-10T22:09:33.7685159Z   ---
2026-10-10T22:09:33.7685626Z   duration_ms: 1.9204
2026-10-10T22:09:33.7686152Z   ...
2026-10-10T22:09:33.7686809Z # Subtest: fails closed for known low-power mode
2026-10-10T22:09:33.7687704Z ok 56 - fails closed for known low-power mode
2026-10-10T22:09:33.7688395Z   ---
2026-10-10T22:09:33.7688896Z   duration_ms: 1.9947
2026-10-10T22:09:33.7689442Z   ...
2026-10-10T22:09:33.7690278Z # Subtest: rejects supplied derived values that disagree with raw timing
2026-10-10T22:09:33.7691485Z ok 57 - rejects supplied derived values that disagree with raw timing
2026-10-10T22:09:33.7692310Z   ---
2026-10-10T22:09:33.7696608Z   duration_ms: 1.5421
2026-10-10T22:09:33.7704581Z   ...
2026-10-10T22:09:33.7708997Z # Subtest: PASS evidence rejects observed viewer or validation errors
2026-10-10T22:09:33.7710078Z ok 58 - PASS evidence rejects observed viewer or validation errors
2026-10-10T22:09:33.7710841Z   ---
2026-10-10T22:09:33.7711383Z   duration_ms: 2.6305
2026-10-10T22:09:33.7711859Z   ...
2026-10-10T22:09:33.7712693Z # Subtest: probe evidence may omit benchmark but cannot satisfy a required lane
2026-10-10T22:09:33.7713833Z ok 59 - probe evidence may omit benchmark but cannot satisfy a required lane
2026-10-10T22:09:33.7714578Z   ---
2026-10-10T22:09:33.7715035Z   duration_ms: 0.5386
2026-10-10T22:09:33.7715471Z   ...
2026-10-10T22:09:33.7716147Z # Subtest: required evidence rejects PROBE even with benchmark data
2026-10-10T22:09:33.7717357Z ok 60 - required evidence rejects PROBE even with benchmark data
2026-10-10T22:09:33.7718056Z   ---
2026-10-10T22:09:33.7718456Z   duration_ms: 1.8475
2026-10-10T22:09:33.7718880Z   ...
2026-10-10T22:09:33.7719502Z # Subtest: required evidence rejects FAIL even with benchmark data
2026-10-10T22:09:33.7720405Z ok 61 - required evidence rejects FAIL even with benchmark data
2026-10-10T22:09:33.7721028Z   ---
2026-10-10T22:09:33.7721409Z   duration_ms: 1.4741
2026-10-10T22:09:33.7721862Z   ...
2026-10-10T22:09:33.7722564Z # Subtest: required evidence rejects INFRA_ERROR even with benchmark data
2026-10-10T22:09:33.7724040Z ok 62 - required evidence rejects INFRA_ERROR even with benchmark data
2026-10-10T22:09:33.7724870Z   ---
2026-10-10T22:09:33.7725319Z   duration_ms: 1.3463
2026-10-10T22:09:33.7726124Z   ...
2026-10-10T22:09:33.7726934Z # Subtest: required evidence rejects a fallback adapter
2026-10-10T22:09:33.7727851Z ok 63 - required evidence rejects a fallback adapter
2026-10-10T22:09:33.7728541Z   ---
2026-10-10T22:09:33.7729312Z   duration_ms: 2.1526
2026-10-10T22:09:33.7731662Z   ...
2026-10-10T22:09:33.7732425Z # Subtest: required release evidence rejects a source WASM digest
2026-10-10T22:09:33.7733415Z ok 64 - required release evidence rejects a source WASM digest
2026-10-10T22:09:33.7734245Z   ---
2026-10-10T22:09:33.7734811Z   duration_ms: 7.2758
2026-10-10T22:09:33.7735362Z   ...
2026-10-10T22:09:33.7736168Z # Subtest: required release evidence rejects a dirty source revision
2026-10-10T22:09:33.7737451Z ok 65 - required release evidence rejects a dirty source revision
2026-10-10T22:09:33.7738205Z   ---
2026-10-10T22:09:33.7813259Z   duration_ms: 1.577
2026-10-10T22:09:33.7814089Z   ...
2026-10-10T22:09:33.7819146Z # Subtest: PASS evidence requires the mouse interaction
2026-10-10T22:09:33.7822950Z ok 66 - PASS evidence requires the mouse interaction
2026-10-10T22:09:33.7907648Z   ---
2026-10-10T22:09:33.7952236Z   duration_ms: 7.528
2026-10-10T22:09:33.7954849Z   ...
2026-10-10T22:09:33.7995561Z # Subtest: PASS evidence requires the wheel interaction
2026-10-10T22:09:33.7996803Z ok 67 - PASS evidence requires the wheel interaction
2026-10-10T22:09:33.7997575Z   ---
2026-10-10T22:09:33.7998099Z   duration_ms: 5.6409
2026-10-10T22:09:33.7998644Z   ...
2026-10-10T22:09:33.7999365Z # Subtest: PASS evidence requires the touch interaction
2026-10-10T22:09:33.8000327Z ok 68 - PASS evidence requires the touch interaction
2026-10-10T22:09:33.8001081Z   ---
2026-10-10T22:09:33.8001620Z   duration_ms: 3.1103
2026-10-10T22:09:33.8002178Z   ...
2026-10-10T22:09:33.8002913Z # Subtest: PASS evidence requires the keyboard interaction
2026-10-10T22:09:33.8003926Z ok 69 - PASS evidence requires the keyboard interaction
2026-10-10T22:09:33.8004687Z   ---
2026-10-10T22:09:33.8005321Z   duration_ms: 2.8796
2026-10-10T22:09:33.8005886Z   ...
2026-10-10T22:09:33.8006578Z # Subtest: PASS evidence requires the resize interaction
2026-10-10T22:09:33.8009065Z ok 70 - PASS evidence requires the resize interaction
2026-10-10T22:09:33.8009700Z   ---
2026-10-10T22:09:33.8010387Z   duration_ms: 2.9486
2026-10-10T22:09:33.8011021Z   ...
2026-10-10T22:09:33.8011555Z # Subtest: PASS evidence requires the disposal interaction
2026-10-10T22:09:33.8012618Z ok 71 - PASS evidence requires the disposal interaction
2026-10-10T22:09:33.8013126Z   ---
2026-10-10T22:09:33.8013421Z   duration_ms: 3.5131
2026-10-10T22:09:33.8013747Z   ...
2026-10-10T22:09:33.8525164Z # Subtest: accepts complete stable FFX-03 proof and closed Nightly outcomes
2026-10-10T22:09:33.8526294Z ok 72 - accepts complete stable FFX-03 proof and closed Nightly outcomes
2026-10-10T22:09:33.8581350Z   ---
2026-10-10T22:09:33.8582270Z   duration_ms: 13.8638
2026-10-10T22:09:33.8585994Z   ...
2026-10-10T22:09:33.8587647Z # Subtest: stable validator rejects wrong architecture
2026-10-10T22:09:33.8588608Z ok 73 - stable validator rejects wrong architecture
2026-10-10T22:09:33.8589156Z   ---
2026-10-10T22:09:33.8589463Z   duration_ms: 0.8726
2026-10-10T22:09:33.8591171Z   ...
2026-10-10T22:09:33.8591726Z # Subtest: stable validator rejects wrong workload schema
2026-10-10T22:09:33.8592479Z ok 74 - stable validator rejects wrong workload schema
2026-10-10T22:09:33.8592986Z   ---
2026-10-10T22:09:33.8593502Z   duration_ms: 0.5832
2026-10-10T22:09:33.8593964Z   ...
2026-10-10T22:09:33.8594450Z # Subtest: stable validator rejects numeric behavior
2026-10-10T22:09:33.8595162Z ok 75 - stable validator rejects numeric behavior
2026-10-10T22:09:33.8595664Z   ---
2026-10-10T22:09:33.8595975Z   duration_ms: 3.2482
2026-10-10T22:09:33.8596326Z   ...
2026-10-10T22:09:33.8596840Z # Subtest: stable validator rejects numeric driver boolean
2026-10-10T22:09:33.8597585Z ok 76 - stable validator rejects numeric driver boolean
2026-10-10T22:09:33.8598715Z   ---
2026-10-10T22:09:33.8599798Z   duration_ms: 3.6024
2026-10-10T22:09:33.8600517Z   ...
2026-10-10T22:09:33.8601055Z # Subtest: stable validator rejects zero pointer id
2026-10-10T22:09:33.8602096Z ok 77 - stable validator rejects zero pointer id
2026-10-10T22:09:33.8602603Z   ---
2026-10-10T22:09:33.8602883Z   duration_ms: 4.1787
2026-10-10T22:09:33.8603204Z   ...
2026-10-10T22:09:33.8603696Z # Subtest: stable validator rejects numeric keyboard boolean
2026-10-10T22:09:33.8604461Z ok 78 - stable validator rejects numeric keyboard boolean
2026-10-10T22:09:33.8604968Z   ---
2026-10-10T22:09:33.8605253Z   duration_ms: 3.4667
2026-10-10T22:09:33.8605572Z   ...
2026-10-10T22:09:33.8606049Z # Subtest: stable validator rejects numeric focus boolean
2026-10-10T22:09:33.8607835Z ok 79 - stable validator rejects numeric focus boolean
2026-10-10T22:09:33.8608528Z   ---
2026-10-10T22:09:33.8608874Z   duration_ms: 4.2486
2026-10-10T22:09:33.8609207Z   ...
2026-10-10T22:09:33.8610240Z # Subtest: stable validator rejects unknown thermal state
2026-10-10T22:09:33.8611352Z ok 80 - stable validator rejects unknown thermal state
2026-10-10T22:09:33.8612315Z   ---
2026-10-10T22:09:33.8612940Z   duration_ms: 5.0197
2026-10-10T22:09:33.8613287Z   ...
2026-10-10T22:09:33.8613800Z # Subtest: stable validator rejects unknown low power state
2026-10-10T22:09:33.8614568Z ok 81 - stable validator rejects unknown low power state
2026-10-10T22:09:33.8615137Z   ---
2026-10-10T22:09:33.8615437Z   duration_ms: 2.8461
2026-10-10T22:09:33.8615789Z   ...
2026-10-10T22:09:33.8616358Z # Subtest: stable validator rejects fabricated Firefox SystemInfo
2026-10-10T22:09:33.8617221Z ok 82 - stable validator rejects fabricated Firefox SystemInfo
2026-10-10T22:09:33.8617772Z   ---
2026-10-10T22:09:33.8618073Z   duration_ms: 3.5165
2026-10-10T22:09:33.8618415Z   ...
2026-10-10T22:09:33.8618948Z # Subtest: stable validator rejects release preference override
2026-10-10T22:09:33.8619757Z ok 83 - stable validator rejects release preference override
2026-10-10T22:09:33.8620327Z   ---
2026-10-10T22:09:33.8620646Z   duration_ms: 0.6784
2026-10-10T22:09:33.8620978Z   ...
2026-10-10T22:09:33.8621467Z # Subtest: stable validator rejects 49 cleanup cycles
2026-10-10T22:09:33.8622171Z ok 84 - stable validator rejects 49 cleanup cycles
2026-10-10T22:09:33.8630043Z   ---
2026-10-10T22:09:33.8631543Z   duration_ms: 1.0563
2026-10-10T22:09:33.8631906Z   ...
2026-10-10T22:09:33.8632359Z # Subtest: stable validator rejects observer leak
2026-10-10T22:09:33.8633015Z ok 85 - stable validator rejects observer leak
2026-10-10T22:09:33.8633498Z   ---
2026-10-10T22:09:33.8633807Z   duration_ms: 2.4613
2026-10-10T22:09:33.8634227Z   ...
2026-10-10T22:09:33.8634712Z # Subtest: stable validator rejects trimmed benchmark
2026-10-10T22:09:33.8635411Z ok 86 - stable validator rejects trimmed benchmark
2026-10-10T22:09:33.8635926Z   ---
2026-10-10T22:09:33.8636231Z   duration_ms: 3.6164
2026-10-10T22:09:33.8636563Z   ...
2026-10-10T22:09:33.8636996Z # Subtest: stable validator rejects altered hash
2026-10-10T22:09:33.8637631Z ok 87 - stable validator rejects altered hash
2026-10-10T22:09:33.8638100Z   ---
2026-10-10T22:09:33.8638405Z   duration_ms: 2.9433
2026-10-10T22:09:33.8638743Z   ...
2026-10-10T22:09:33.8639198Z # Subtest: stable validator rejects cleanup failure
2026-10-10T22:09:33.8639864Z ok 88 - stable validator rejects cleanup failure
2026-10-10T22:09:33.8641854Z   ---
2026-10-10T22:09:33.8642178Z   duration_ms: 0.472
2026-10-10T22:09:33.8642517Z   ...
2026-10-10T22:09:33.8643016Z # Subtest: stable validator rejects unknown nested field
2026-10-10T22:09:33.8643847Z ok 89 - stable validator rejects unknown nested field
2026-10-10T22:09:33.8644384Z   ---
2026-10-10T22:09:33.8644688Z   duration_ms: 0.6789
2026-10-10T22:09:33.8645023Z   ...
2026-10-10T22:09:33.8645591Z # Subtest: stable validator rejects unknown adapter field
2026-10-10T22:09:33.8647866Z ok 90 - stable validator rejects unknown adapter field
2026-10-10T22:09:33.8648417Z   ---
2026-10-10T22:09:33.8648734Z   duration_ms: 0.8499
2026-10-10T22:09:33.8649085Z   ...
2026-10-10T22:09:33.8649557Z # Subtest: stable validator rejects misbound adapter
2026-10-10T22:09:33.8650597Z ok 91 - stable validator rejects misbound adapter
2026-10-10T22:09:33.8651133Z   ---
2026-10-10T22:09:33.8651439Z   duration_ms: 0.5968
2026-10-10T22:09:33.8651780Z   ...
2026-10-10T22:09:33.8652302Z # Subtest: stable validator rejects unknown behavior field
2026-10-10T22:09:33.8653074Z ok 92 - stable validator rejects unknown behavior field
2026-10-10T22:09:33.8653619Z   ---
2026-10-10T22:09:33.8653933Z   duration_ms: 2.5826
2026-10-10T22:09:33.8654282Z   ...
2026-10-10T22:09:33.8654809Z # Subtest: stable validator rejects unknown lifecycle field
2026-10-10T22:09:33.8655645Z ok 93 - stable validator rejects unknown lifecycle field
2026-10-10T22:09:33.8656183Z   ---
2026-10-10T22:09:33.8656487Z   duration_ms: 2.2122
2026-10-10T22:09:33.8656817Z   ...
2026-10-10T22:09:33.8657607Z # Subtest: Nightly validator rejects unsafe preferences and fabricated unsuccessful adapter
2026-10-10T22:09:33.8659136Z ok 94 - Nightly validator rejects unsafe preferences and fabricated unsuccessful adapter
2026-10-10T22:09:33.8659714Z   ---
2026-10-10T22:09:33.8660007Z   duration_ms: 1.2537
2026-10-10T22:09:33.8660326Z   ...
2026-10-10T22:09:33.8843317Z # Subtest: accepts a fully released viewer
2026-10-10T22:09:33.8878057Z ok 95 - accepts a fully released viewer
2026-10-10T22:09:33.8898812Z   ---
2026-10-10T22:09:33.8902619Z   duration_ms: 3.3078
2026-10-10T22:09:33.8904665Z   ...
2026-10-10T22:09:33.8905754Z # Subtest: negative control detects leaked ownedListeners
2026-10-10T22:09:33.8906884Z ok 96 - negative control detects leaked ownedListeners
2026-10-10T22:09:33.8907901Z   ---
2026-10-10T22:09:33.8908232Z   duration_ms: 1.8017
2026-10-10T22:09:33.8908597Z   ...
2026-10-10T22:09:33.8909119Z # Subtest: negative control detects leaked activeObservers
2026-10-10T22:09:33.8909914Z ok 97 - negative control detects leaked activeObservers
2026-10-10T22:09:33.8910489Z   ---
2026-10-10T22:09:33.8910801Z   duration_ms: 0.2691
2026-10-10T22:09:33.8911123Z   ...
2026-10-10T22:09:33.8911627Z # Subtest: negative control detects leaked activeRuntimes
2026-10-10T22:09:33.8912665Z ok 98 - negative control detects leaked activeRuntimes
2026-10-10T22:09:33.8913186Z   ---
2026-10-10T22:09:33.8913495Z   duration_ms: 0.2406
2026-10-10T22:09:33.8913810Z   ...
2026-10-10T22:09:33.8914353Z # Subtest: negative control detects leaked pendingAnimationFrame
2026-10-10T22:09:33.8915161Z ok 99 - negative control detects leaked pendingAnimationFrame
2026-10-10T22:09:33.8916112Z   ---
2026-10-10T22:09:33.8916768Z   duration_ms: 0.2404
2026-10-10T22:09:33.8917371Z   ...
2026-10-10T22:09:33.8918755Z # Subtest: negative control detects leaked activePointers
2026-10-10T22:09:33.8919491Z ok 100 - negative control detects leaked activePointers
2026-10-10T22:09:33.8919984Z   ---
2026-10-10T22:09:33.8920273Z   duration_ms: 0.2051
2026-10-10T22:09:33.8920608Z   ...
2026-10-10T22:09:34.1122202Z # Subtest: SAF-03 validates the complete stable Safari proof and separate STP result
2026-10-10T22:09:34.1186367Z ok 101 - SAF-03 validates the complete stable Safari proof and separate STP result
2026-10-10T22:09:34.1187414Z   ---
2026-10-10T22:09:34.1187929Z   duration_ms: 15.2921
2026-10-10T22:09:34.1188438Z   ...
2026-10-10T22:09:34.1189404Z # Subtest: SAF-03 records optional STP absence without fabricating a session cleanup
2026-10-10T22:09:34.1190676Z ok 102 - SAF-03 records optional STP absence without fabricating a session cleanup
2026-10-10T22:09:34.1191554Z   ---
2026-10-10T22:09:34.1191997Z   duration_ms: 1.1528
2026-10-10T22:09:34.1192458Z   ...
2026-10-10T22:09:34.1193412Z # Subtest: SAF-03 rejects every binding, action, screenshot, lifecycle, benchmark, and cleanup edge
2026-10-10T22:09:34.1195350Z ok 103 - SAF-03 rejects every binding, action, screenshot, lifecycle, benchmark, and cleanup edge
2026-10-10T22:09:34.1196349Z   ---
2026-10-10T22:09:34.1196828Z   duration_ms: 188.9589
2026-10-10T22:09:34.1197339Z   ...
2026-10-10T22:09:34.1199573Z # Subtest: SAF-03 closes every STP product-failure provenance and cleanup state
2026-10-10T22:09:34.1200948Z ok 104 - SAF-03 closes every STP product-failure provenance and cleanup state
2026-10-10T22:09:34.1201791Z   ---
2026-10-10T22:09:34.1202280Z   duration_ms: 1.4199
2026-10-10T22:09:34.1202822Z   ...
2026-10-10T22:09:34.1423345Z # Subtest: SAF-04 proof validates the versioned exact binding and complete cycles
2026-10-10T22:09:34.1424807Z ok 105 - SAF-04 proof validates the versioned exact binding and complete cycles
2026-10-10T22:09:34.1425720Z   ---
2026-10-10T22:09:34.1426220Z   duration_ms: 8.9662
2026-10-10T22:09:34.1426680Z   ...
2026-10-10T22:09:34.1427729Z # Subtest: SAF-04 proof rejects substitution, stale lifecycle, premature capture loss, no-op zoom, and transient Gesture Events
2026-10-10T22:09:34.1429472Z ok 106 - SAF-04 proof rejects substitution, stale lifecycle, premature capture loss, no-op zoom, and transient Gesture Events
2026-10-10T22:09:34.1430925Z   ---
2026-10-10T22:09:34.1431266Z   duration_ms: 58.4016
2026-10-10T22:09:34.1432083Z   ...
2026-10-10T22:09:34.8074313Z # Subtest: transpiled benchmark wrapper imports its copied browser dependency and uses origin-root assets
2026-10-10T22:09:34.8075853Z ok 107 - transpiled benchmark wrapper imports its copied browser dependency and uses origin-root assets
2026-10-10T22:09:34.8076739Z   ---
2026-10-10T22:09:34.8077067Z   duration_ms: 81.0219
2026-10-10T22:09:34.8077427Z   ...
2026-10-10T22:09:34.8082962Z # Subtest: browser benchmark admits only HTTPS or loopback HTTP asset URLs
2026-10-10T22:09:34.8085410Z ok 108 - browser benchmark admits only HTTPS or loopback HTTP asset URLs
2026-10-10T22:09:34.8086093Z   ---
2026-10-10T22:09:34.8086402Z   duration_ms: 0.4484
2026-10-10T22:09:34.8086735Z   ...
2026-10-10T22:09:34.8092088Z # Subtest: serialized benchmark callback retains its URL validation helper
2026-10-10T22:09:34.8095185Z ok 109 - serialized benchmark callback retains its URL validation helper
2026-10-10T22:09:34.8095928Z   ---
2026-10-10T22:09:34.8096252Z   duration_ms: 1.4452
2026-10-10T22:09:34.8096588Z   ...
2026-10-10T22:09:34.8101574Z # Subtest: benchmark viewer errors reach the shared hardware list and reject CHR-03 and CHR-04 proofs
2026-10-10T22:09:34.8103164Z ok 110 - benchmark viewer errors reach the shared hardware list and reject CHR-03 and CHR-04 proofs
2026-10-10T22:09:34.8103956Z   ---
2026-10-10T22:09:34.8104273Z   duration_ms: 7.791
2026-10-10T22:09:34.8104598Z   ...
2026-10-10T22:09:34.8257149Z # Subtest: SAF-03 uses the pinned Selenium client and decodes native PNG terrain pixels
2026-10-10T22:09:34.8258180Z ok 111 - SAF-03 uses the pinned Selenium client and decodes native PNG terrain pixels
2026-10-10T22:09:34.8258710Z   ---
2026-10-10T22:09:34.8259520Z   duration_ms: 10.3351
2026-10-10T22:09:34.8259956Z   ...
2026-10-10T22:09:34.8260606Z # Subtest: SAF-03 rejects corrupt and unsupported native screenshots
2026-10-10T22:09:34.8261602Z ok 112 - SAF-03 rejects corrupt and unsupported native screenshots
2026-10-10T22:09:34.8262242Z   ---
2026-10-10T22:09:34.8262598Z   duration_ms: 1.4092
2026-10-10T22:09:34.8262976Z   ...
2026-10-10T22:09:34.8263664Z # Subtest: SAF-03 hashes decoded pixels independently from PNG encoding
2026-10-10T22:09:34.8264683Z ok 113 - SAF-03 hashes decoded pixels independently from PNG encoding
2026-10-10T22:09:34.8265300Z   ---
2026-10-10T22:09:34.8265646Z   duration_ms: 1.665
2026-10-10T22:09:34.8266012Z   ...
2026-10-10T22:09:34.8266689Z # Subtest: SAF-03 visibility and Retina resize use the packaged same-origin controls
2026-10-10T22:09:34.8267807Z ok 114 - SAF-03 visibility and Retina resize use the packaged same-origin controls
2026-10-10T22:09:34.8268544Z   ---
2026-10-10T22:09:34.8268873Z   duration_ms: 1.3209
2026-10-10T22:09:34.8269221Z   ...
2026-10-10T22:09:34.8269976Z # Subtest: SAF-03 retains pagehide console and runtime errors across the hard reload boundary
2026-10-10T22:09:34.8272386Z ok 115 - SAF-03 retains pagehide console and runtime errors across the hard reload boundary
2026-10-10T22:09:34.8273575Z   ---
2026-10-10T22:09:34.8274366Z   duration_ms: 0.8054
2026-10-10T22:09:34.8274726Z   ...
2026-10-10T22:09:34.8275404Z # Subtest: SAF-03 initializes the durable collector before tested fixture navigation
2026-10-10T22:09:34.8276521Z ok 116 - SAF-03 initializes the durable collector before tested fixture navigation
2026-10-10T22:09:34.8277217Z   ---
2026-10-10T22:09:34.8277526Z   duration_ms: 0.8944
2026-10-10T22:09:34.8277871Z   ...
2026-10-10T22:09:34.8278602Z # Subtest: SAF-03 fixture collector rehydrates startup and callback-only reload errors
2026-10-10T22:09:34.8279760Z ok 117 - SAF-03 fixture collector rehydrates startup and callback-only reload errors
2026-10-10T22:09:34.8280578Z   ---
2026-10-10T22:09:34.8280909Z   duration_ms: 4.6775
2026-10-10T22:09:34.8281274Z   ...
2026-10-10T22:09:34.8282048Z # Subtest: SAF-03 fixture collector surfaces durable storage write failure across documents
2026-10-10T22:09:34.8283642Z ok 118 - SAF-03 fixture collector surfaces durable storage write failure across documents
2026-10-10T22:09:34.8284392Z   ---
2026-10-10T22:09:34.8284695Z   duration_ms: 1.662
2026-10-10T22:09:34.8285036Z   ...
2026-10-10T22:09:34.8285321Z 1..118
2026-10-10T22:09:34.8285610Z # tests 118
2026-10-10T22:09:34.8285906Z # suites 0
2026-10-10T22:09:34.8286212Z # pass 118
2026-10-10T22:09:34.8286508Z # fail 0
2026-10-10T22:09:34.8286800Z # cancelled 0
2026-10-10T22:09:34.8287126Z # skipped 0
2026-10-10T22:09:34.8287412Z # todo 0
2026-10-10T22:09:34.8287740Z # duration_ms 1480.967
2026-10-10T22:09:35.1594772Z 
2026-10-10T22:09:35.1596106Z > @forge3d/web@1.26.3 test:infrastructure
2026-10-10T22:09:35.1597380Z > node scripts/run-infrastructure-tests.mjs
2026-10-10T22:09:35.1597736Z 
2026-10-10T22:09:35.3305334Z TAP version 13
2026-10-10T22:09:35.4221367Z # Subtest: page adapter attestation matches its strict schema
2026-10-10T22:09:35.4318254Z ok 1 - page adapter attestation matches its strict schema
2026-10-10T22:09:35.4325355Z   ---
2026-10-10T22:09:35.4325829Z   duration_ms: 5.6909
2026-10-10T22:09:35.4326249Z   ...
2026-10-10T22:09:35.4326999Z # Subtest: required attestation joins exact run/job/asset/commit/package bindings
2026-10-10T22:09:35.4328356Z ok 2 - required attestation joins exact run/job/asset/commit/package bindings
2026-10-10T22:09:35.4329096Z   ---
2026-10-10T22:09:35.4329721Z   duration_ms: 0.5444
2026-10-10T22:09:35.4330194Z   ...
2026-10-10T22:09:35.4331000Z # Subtest: fallback and missing fallback information fail before browser acceptance
2026-10-10T22:09:35.4332271Z ok 3 - fallback and missing fallback information fail before browser acceptance
2026-10-10T22:09:35.4333141Z   ---
2026-10-10T22:09:35.4333569Z   duration_ms: 0.5884
2026-10-10T22:09:35.4334040Z   ...
2026-10-10T22:09:35.4334844Z # Subtest: device, surface, luma, host GPU, session, and exact binding are all required
2026-10-10T22:09:35.4336143Z ok 4 - device, surface, luma, host GPU, session, and exact binding are all required
2026-10-10T22:09:35.4337002Z   ---
2026-10-10T22:09:35.4337423Z   duration_ms: 0.7454
2026-10-10T22:09:35.4337849Z   ...
2026-10-10T22:09:35.4338648Z # Subtest: Linux evidence rejects missing Wayland/driver data and old NVIDIA drivers
2026-10-10T22:09:35.4339939Z ok 5 - Linux evidence rejects missing Wayland/driver data and old NVIDIA drivers
2026-10-10T22:09:35.4340721Z   ---
2026-10-10T22:09:35.4341109Z   duration_ms: 1.429
2026-10-10T22:09:35.4341522Z   ...
2026-10-10T22:09:35.4342555Z # Subtest: Intel Linux host evidence does not require NVIDIA tooling
2026-10-10T22:09:35.4343640Z ok 6 - Intel Linux host evidence does not require NVIDIA tooling
2026-10-10T22:09:35.4344366Z   ---
2026-10-10T22:09:35.4344814Z   duration_ms: 0.2931
2026-10-10T22:09:35.4345282Z   ...
2026-10-10T22:09:35.4346050Z # Subtest: attached mobile evidence remains bound to its fixed controller host
2026-10-10T22:09:35.4379669Z ok 7 - attached mobile evidence remains bound to its fixed controller host
2026-10-10T22:09:35.4380563Z   ---
2026-10-10T22:09:35.4382399Z   duration_ms: 0.4632
2026-10-10T22:09:35.4385331Z   ...
2026-10-10T22:09:35.4386180Z # Subtest: macOS host GPU capture removes display serial and device identifiers
2026-10-10T22:09:35.4387649Z ok 8 - macOS host GPU capture removes display serial and device identifiers
2026-10-10T22:09:35.4388473Z   ---
2026-10-10T22:09:35.4388861Z   duration_ms: 2.4823
2026-10-10T22:09:35.4389277Z   ...
2026-10-10T22:09:35.4574150Z # Subtest: pending repository trust gates privileged packaging without credentials
2026-10-10T22:09:35.4576229Z ok 9 - pending repository trust gates privileged packaging without credentials
2026-10-10T22:09:35.4634406Z   ---
2026-10-10T22:09:35.4646086Z   duration_ms: 3.4274
2026-10-10T22:09:35.4647903Z   ...
2026-10-10T22:09:35.4649271Z # Subtest: observer exposes only the exact four non-secret handoff outputs
2026-10-10T22:09:35.4652306Z ok 10 - observer exposes only the exact four non-secret handoff outputs
2026-10-10T22:09:35.4654214Z   ---
2026-10-10T22:09:35.4655835Z   duration_ms: 2.1311
2026-10-10T22:09:35.4656223Z   ...
2026-10-10T22:09:35.4657221Z # Subtest: only the GitHub-hosted observer job can reference observer credentials
2026-10-10T22:09:35.4658939Z ok 11 - only the GitHub-hosted observer job can reference observer credentials
2026-10-10T22:09:35.4659789Z   ---
2026-10-10T22:09:35.4660547Z   duration_ms: 0.2298
2026-10-10T22:09:35.4661012Z   ...
2026-10-10T22:09:35.4661758Z # Subtest: observer upload is immutable, exact-name, error-on-missing, and attested
2026-10-10T22:09:35.4662890Z ok 12 - observer upload is immutable, exact-name, error-on-missing, and attested
2026-10-10T22:09:35.4664030Z   ---
2026-10-10T22:09:35.4664981Z   duration_ms: 0.2607
2026-10-10T22:09:35.4665357Z   ...
2026-10-10T22:09:35.4667036Z # Subtest: packager consumes all four values only through needs and uses exact-ID verifier
2026-10-10T22:09:35.4669484Z ok 13 - packager consumes all four values only through needs and uses exact-ID verifier
2026-10-10T22:09:35.4670301Z   ---
2026-10-10T22:09:35.4670740Z   duration_ms: 0.2661
2026-10-10T22:09:35.4671159Z   ...
2026-10-10T22:09:35.4671897Z # Subtest: packager includes the checked controller health endpoint configuration
2026-10-10T22:09:35.4673006Z ok 14 - packager includes the checked controller health endpoint configuration
2026-10-10T22:09:35.4673689Z   ---
2026-10-10T22:09:35.4674106Z   duration_ms: 0.1938
2026-10-10T22:09:35.4674548Z   ...
2026-10-10T22:09:35.6958781Z # Subtest: automated and manual sources derive closed matrix keys without artifact claims
2026-10-10T22:09:35.6964909Z ok 15 - automated and manual sources derive closed matrix keys without artifact claims
2026-10-10T22:09:35.6966011Z   ---
2026-10-10T22:09:35.6966574Z   duration_ms: 221.2846
2026-10-10T22:09:35.6967102Z   ...
2026-10-10T22:09:35.6983277Z # Subtest: infrastructure canary, fallback adapter, failed identity, and unattested artifact fail
2026-10-10T22:09:35.7057446Z ok 16 - infrastructure canary, fallback adapter, failed identity, and unattested artifact fail
2026-10-10T22:09:35.7058441Z   ---
2026-10-10T22:09:35.7058891Z   duration_ms: 1.2029
2026-10-10T22:09:35.7059361Z   ...
2026-10-10T22:09:35.7060080Z # Subtest: finalization rejects stale embedded workflow run identity
2026-10-10T22:09:35.7062098Z ok 17 - finalization rejects stale embedded workflow run identity
2026-10-10T22:09:35.7065440Z   ---
2026-10-10T22:09:35.7066015Z   duration_ms: 0.4645
2026-10-10T22:09:35.7081271Z   ...
2026-10-10T22:09:35.7657253Z # Subtest: browser-neutral harness runs the browser-owned payload after adapter smoke
2026-10-10T22:09:35.7679748Z ok 18 - browser-neutral harness runs the browser-owned payload after adapter smoke
2026-10-10T22:09:35.7690001Z   ---
2026-10-10T22:09:35.7690532Z   duration_ms: 4.8989
2026-10-10T22:09:35.7691128Z   ...
2026-10-10T22:09:35.7700556Z # Subtest: infrastructure canary cannot execute browser support assertions
2026-10-10T22:09:35.7718044Z ok 19 - infrastructure canary cannot execute browser support assertions
2026-10-10T22:09:35.7744270Z   ---
2026-10-10T22:09:35.7766928Z   duration_ms: 0.4292
2026-10-10T22:09:35.7768854Z   ...
2026-10-10T22:09:35.7787195Z # Subtest: only Firefox lanes require and validate the FFX-04 lifecycle proof
2026-10-10T22:09:35.7791752Z ok 20 - only Firefox lanes require and validate the FFX-04 lifecycle proof
2026-10-10T22:09:35.7792616Z   ---
2026-10-10T22:09:35.7793093Z   duration_ms: 26.4834
2026-10-10T22:09:35.7793598Z   ...
2026-10-10T22:09:35.7794433Z # Subtest: challenged infrastructure canary remains adapter-only
2026-10-10T22:09:35.7795380Z ok 21 - challenged infrastructure canary remains adapter-only
2026-10-10T22:09:35.7795964Z   ---
2026-10-10T22:09:35.7796793Z   duration_ms: 8.712
2026-10-10T22:09:35.7797234Z   ...
2026-10-10T22:09:35.7798051Z # Subtest: fallback adapter and unreviewed drivers fail closed while cleanup still runs
2026-10-10T22:09:35.7799588Z ok 22 - fallback adapter and unreviewed drivers fail closed while cleanup still runs
2026-10-10T22:09:35.7800351Z   ---
2026-10-10T22:09:35.7800665Z   duration_ms: 1.1441
2026-10-10T22:09:35.7800995Z   ...
2026-10-10T22:09:35.7801759Z # Subtest: production lane executor opens a headed browser and captures live page evidence
2026-10-10T22:09:35.7802922Z ok 23 - production lane executor opens a headed browser and captures live page evidence
2026-10-10T22:09:35.7803648Z   ---
2026-10-10T22:09:35.7803955Z   duration_ms: 11.8204
2026-10-10T22:09:35.7804296Z   ...
2026-10-10T22:09:35.7805101Z # Subtest: production Safari lane dispatches the authorized SAF-02 binding and validates its proof
2026-10-10T22:09:35.7806432Z ok 24 - production Safari lane dispatches the authorized SAF-02 binding and validates its proof
2026-10-10T22:09:35.7807207Z   ---
2026-10-10T22:09:35.7807511Z   duration_ms: 27.7512
2026-10-10T22:09:35.7808269Z   ...
2026-10-10T22:09:35.7808957Z # Subtest: opened browser session closes when provenance validation rejects it
2026-10-10T22:09:35.7810517Z ok 25 - opened browser session closes when provenance validation rejects it
2026-10-10T22:09:35.7811226Z   ---
2026-10-10T22:09:35.7811546Z   duration_ms: 0.8315
2026-10-10T22:09:35.7811891Z   ...
2026-10-10T22:09:35.7812671Z # Subtest: Edge runtime routes exact CHR-04 proof and rejects borrowed Chrome proof before PASS
2026-10-10T22:09:35.7813928Z ok 26 - Edge runtime routes exact CHR-04 proof and rejects borrowed Chrome proof before PASS
2026-10-10T22:09:35.7814697Z   ---
2026-10-10T22:09:35.7815006Z   duration_ms: 24.3567
2026-10-10T22:09:35.7815347Z   ...
2026-10-10T22:09:35.7816106Z # Subtest: manual mobile runtime calls Appium class and retains the visible challenge window
2026-10-10T22:09:35.7817329Z ok 27 - manual mobile runtime calls Appium class and retains the visible challenge window
2026-10-10T22:09:35.7818180Z   ---
2026-10-10T22:09:35.7818488Z   duration_ms: 7.9337
2026-10-10T22:09:35.7818838Z   ...
2026-10-10T22:09:35.7819678Z # Subtest: Safari product manual lane reaches page composition without changing attestation binding
2026-10-10T22:09:35.7821033Z ok 28 - Safari product manual lane reaches page composition without changing attestation binding
2026-10-10T22:09:35.7821830Z   ---
2026-10-10T22:09:35.7822136Z   duration_ms: 6.6641
2026-10-10T22:09:35.7822477Z   ...
2026-10-10T22:09:35.7823062Z # Subtest: stable Safari lane requires and retains exact SAF-04 proof
2026-10-10T22:09:35.7824773Z ok 29 - stable Safari lane requires and retains exact SAF-04 proof
2026-10-10T22:09:35.7825736Z   ---
2026-10-10T22:09:35.7826022Z   duration_ms: 13.3619
2026-10-10T22:09:35.7826337Z   ...
2026-10-10T22:09:35.7827075Z # Subtest: unconditional cleanup stops route/driver/Appium processes and restores updates
2026-10-10T22:09:35.7828607Z ok 30 - unconditional cleanup stops route/driver/Appium processes and restores updates
2026-10-10T22:09:35.7829349Z   ---
2026-10-10T22:09:35.7829683Z   duration_ms: 10.5963
2026-10-10T22:09:35.7830016Z   ...
2026-10-10T22:09:38.8944942Z # Subtest: assembly binds one tarball, clean exact HEAD, evidence, schemas, and fixture
2026-10-10T22:09:38.9010708Z ok 31 - assembly binds one tarball, clean exact HEAD, evidence, schemas, and fixture
2026-10-10T22:09:38.9011777Z   ---
2026-10-10T22:09:38.9012306Z   duration_ms: 1606.0953
2026-10-10T22:09:38.9012862Z   ...
2026-10-10T22:09:38.9013814Z # Subtest: Selenium closure assembly fails when a lock-bound installed package is missing
2026-10-10T22:09:38.9015288Z ok 32 - Selenium closure assembly fails when a lock-bound installed package is missing
2026-10-10T22:09:38.9016250Z   ---
2026-10-10T22:09:38.9016761Z   duration_ms: 5.6487
2026-10-10T22:09:38.9017294Z   ...
2026-10-10T22:09:38.9018380Z # Subtest: promoted Selenium closure materializes artifact-only and rejects missing or tampered inputs
2026-10-10T22:09:38.9020083Z ok 33 - promoted Selenium closure materializes artifact-only and rejects missing or tampered inputs
2026-10-10T22:09:38.9022293Z   ---
2026-10-10T22:09:38.9022828Z   duration_ms: 1707.8976
2026-10-10T22:09:38.9023429Z   ...
2026-10-10T22:09:38.9024342Z # Subtest: assembly dependency guard rejects file, link, and workspace protocols
2026-10-10T22:09:38.9025621Z ok 34 - assembly dependency guard rejects file, link, and workspace protocols
2026-10-10T22:09:38.9026507Z   ---
2026-10-10T22:09:38.9026987Z   duration_ms: 0.6856
2026-10-10T22:09:38.9027515Z   ...
2026-10-10T22:09:38.9305504Z # Subtest: browser package runs only for protected-main push or manual dispatch
2026-10-10T22:09:38.9361250Z ok 35 - browser package runs only for protected-main push or manual dispatch
2026-10-10T22:09:38.9391804Z   ---
2026-10-10T22:09:38.9404874Z   duration_ms: 2.7747
2026-10-10T22:09:38.9405821Z   ...
2026-10-10T22:09:38.9406705Z # Subtest: pending repository trust gates privileged packaging without credentials
2026-10-10T22:09:38.9407996Z ok 36 - pending repository trust gates privileged packaging without credentials
2026-10-10T22:09:38.9408824Z   ---
2026-10-10T22:09:38.9409268Z   duration_ms: 1.414
2026-10-10T22:09:38.9409775Z   ...
2026-10-10T22:09:38.9410619Z # Subtest: only observer receives the trust environment and four-output handoff
2026-10-10T22:09:38.9411830Z ok 37 - only observer receives the trust environment and four-output handoff
2026-10-10T22:09:38.9412634Z   ---
2026-10-10T22:09:38.9413094Z   duration_ms: 0.2783
2026-10-10T22:09:38.9413564Z   ...
2026-10-10T22:09:38.9414457Z # Subtest: builder verifies exact-ID observation before target checkout or execution
2026-10-10T22:09:38.9415720Z ok 38 - builder verifies exact-ID observation before target checkout or execution
2026-10-10T22:09:38.9416558Z   ---
2026-10-10T22:09:38.9416984Z   duration_ms: 0.3222
2026-10-10T22:09:38.9417458Z   ...
2026-10-10T22:09:38.9421828Z # Subtest: builder creates one tarball consumer artifact with 90-day retention
2026-10-10T22:09:38.9423397Z ok 39 - builder creates one tarball consumer artifact with 90-day retention
2026-10-10T22:09:38.9424286Z   ---
2026-10-10T22:09:38.9424810Z   duration_ms: 0.3239
2026-10-10T22:09:38.9425329Z   ...
2026-10-10T22:09:38.9426209Z # Subtest: observer and builder use least privilege without writes to repository contents
2026-10-10T22:09:38.9428868Z ok 40 - observer and builder use least privilege without writes to repository contents
2026-10-10T22:09:38.9431098Z   ---
2026-10-10T22:09:38.9431728Z   duration_ms: 0.1869
2026-10-10T22:09:38.9433647Z   ...
2026-10-10T22:09:38.9435821Z # Subtest: INF-01 policy freezes the required shipping and probe browser channels
2026-10-10T22:09:38.9437213Z ok 41 - INF-01 policy freezes the required shipping and probe browser channels
2026-10-10T22:09:38.9439539Z   ---
2026-10-10T22:09:38.9440214Z   duration_ms: 4.1055
2026-10-10T22:09:38.9481251Z   ...
2026-10-10T22:09:38.9487829Z # Subtest: capture records an unlocked headed shipping browser with exact tool versions
2026-10-10T22:09:38.9489227Z ok 42 - capture records an unlocked headed shipping browser with exact tool versions
2026-10-10T22:09:38.9493591Z   ---
2026-10-10T22:09:38.9504093Z   duration_ms: 3.828
2026-10-10T22:09:38.9504738Z   ...
2026-10-10T22:09:38.9506507Z # Subtest: unsafe WebGPU, backend, blocklist, certificate, and software flags fail
2026-10-10T22:09:38.9513550Z ok 43 - unsafe WebGPU, backend, blocklist, certificate, and software flags fail
2026-10-10T22:09:38.9514587Z   ---
2026-10-10T22:09:38.9516377Z   duration_ms: 3.44
2026-10-10T22:09:38.9517982Z   ...
2026-10-10T22:09:38.9518822Z # Subtest: capture preserves the exact observed launch argument strings
2026-10-10T22:09:38.9520224Z ok 44 - capture preserves the exact observed launch argument strings
2026-10-10T22:09:38.9521042Z   ---
2026-10-10T22:09:38.9521583Z   duration_ms: 0.6319
2026-10-10T22:09:38.9522205Z   ...
2026-10-10T22:09:38.9535371Z # Subtest: required host capture fails for locked, remote, non-Wayland, old, or drifted tools
2026-10-10T22:09:38.9537296Z ok 45 - required host capture fails for locked, remote, non-Wayland, old, or drifted tools
2026-10-10T22:09:38.9541517Z   ---
2026-10-10T22:09:38.9543805Z   duration_ms: 0.5548
2026-10-10T22:09:38.9546398Z   ...
2026-10-10T22:09:38.9615013Z # Subtest: update window resolves exact versions, expires at 24 hours, and always closes
2026-10-10T22:09:38.9618124Z ok 46 - update window resolves exact versions, expires at 24 hours, and always closes
2026-10-10T22:09:38.9619699Z   ---
2026-10-10T22:09:38.9621038Z   duration_ms: 1.0519
2026-10-10T22:09:38.9628832Z   ...
2026-10-10T22:09:38.9631369Z # Subtest: macOS and Windows session state is observed instead of synthesized
2026-10-10T22:09:38.9632746Z ok 47 - macOS and Windows session state is observed instead of synthesized
2026-10-10T22:09:38.9634308Z   ---
2026-10-10T22:09:38.9635302Z   duration_ms: 0.856
2026-10-10T22:09:38.9636003Z   ...
2026-10-10T22:09:38.9637245Z # Subtest: update window invokes an absolute enforcement helper and validates its receipt
2026-10-10T22:09:38.9638748Z ok 48 - update window invokes an absolute enforcement helper and validates its receipt
2026-10-10T22:09:38.9639785Z   ---
2026-10-10T22:09:38.9640860Z   duration_ms: 0.6513
2026-10-10T22:09:38.9641574Z   ...
2026-10-10T22:09:38.9642570Z # Subtest: freeze attempts persist enough exact state for unconditional restoration
2026-10-10T22:09:38.9643977Z ok 49 - freeze attempts persist enough exact state for unconditional restoration
2026-10-10T22:09:38.9644915Z   ---
2026-10-10T22:09:38.9645454Z   duration_ms: 0.4759
2026-10-10T22:09:38.9646006Z   ...
2026-10-10T22:09:38.9647041Z # Subtest: host runtime helper supplies versions while the trusted script observes OS and lock state
2026-10-10T22:09:38.9648550Z ok 50 - host runtime helper supplies versions while the trusted script observes OS and lock state
2026-10-10T22:09:38.9649577Z   ---
2026-10-10T22:09:38.9650092Z   duration_ms: 2.9615
2026-10-10T22:09:38.9650604Z   ...
2026-10-10T22:09:38.9651662Z # Subtest: Chromium provenance comes from the live CDP browser command line
2026-10-10T22:09:38.9652863Z ok 51 - Chromium provenance comes from the live CDP browser command line
2026-10-10T22:09:38.9653623Z   ---
2026-10-10T22:09:38.9654106Z   duration_ms: 3.1173
2026-10-10T22:09:38.9654580Z   ...
2026-10-10T22:09:38.9655347Z # Subtest: WebKit source configuration never enters Chromium CDP or process observation
2026-10-10T22:09:38.9659766Z ok 52 - WebKit source configuration never enters Chromium CDP or process observation
2026-10-10T22:09:38.9662177Z   ---
2026-10-10T22:09:38.9667322Z   duration_ms: 1.1682
2026-10-10T22:09:38.9668150Z   ...
2026-10-10T22:09:38.9668987Z # Subtest: Chromium source observation rejects a fabricated non-live source
2026-10-10T22:09:38.9670142Z ok 53 - Chromium source observation rejects a fabricated non-live source
2026-10-10T22:09:38.9671228Z   ---
2026-10-10T22:09:38.9763499Z   duration_ms: 0.2598
2026-10-10T22:09:38.9764894Z   ...
2026-10-10T22:09:38.9766038Z # Subtest: Chromium provenance falls back to the exact live process arguments when CDP denies command-line access
2026-10-10T22:09:38.9768351Z ok 54 - Chromium provenance falls back to the exact live process arguments when CDP denies command-line access
2026-10-10T22:09:38.9770294Z   ---
2026-10-10T22:09:38.9777474Z   duration_ms: 1.2228
2026-10-10T22:09:38.9778541Z   ...
2026-10-10T22:09:38.9781558Z # Subtest: macOS Chromium fallback strips the exact executable path with spaces and retains positional arguments
2026-10-10T22:09:38.9785164Z ok 55 - macOS Chromium fallback strips the exact executable path with spaces and retains positional arguments
2026-10-10T22:09:38.9786832Z   ---
2026-10-10T22:09:38.9787242Z   duration_ms: 0.7523
2026-10-10T22:09:38.9788151Z   ...
2026-10-10T22:09:38.9788921Z # Subtest: macOS Chromium fallback fails closed when executable and command observations disagree
2026-10-10T22:09:38.9790349Z ok 56 - macOS Chromium fallback fails closed when executable and command observations disagree
2026-10-10T22:09:38.9791416Z   ---
2026-10-10T22:09:38.9791747Z   duration_ms: 2.1723
2026-10-10T22:09:38.9792116Z   ...
2026-10-10T22:09:38.9792954Z # Subtest: Chromium provenance fails closed when neither CDP nor a live browser PID can prove arguments
2026-10-10T22:09:38.9794254Z ok 57 - Chromium provenance fails closed when neither CDP nor a live browser PID can prove arguments
2026-10-10T22:09:38.9795038Z   ---
2026-10-10T22:09:38.9795370Z   duration_ms: 0.6519
2026-10-10T22:09:38.9795732Z   ...
2026-10-10T22:09:38.9796363Z # Subtest: checked automation version is read from the installed package record
2026-10-10T22:09:38.9797380Z ok 58 - checked automation version is read from the installed package record
2026-10-10T22:09:38.9798025Z   ---
2026-10-10T22:09:38.9798350Z   duration_ms: 9.4753
2026-10-10T22:09:38.9798708Z   ...
2026-10-10T22:09:38.9801598Z # Subtest: installed Appium driver versions are resolved from supported CLI JSON shapes
2026-10-10T22:09:38.9833263Z ok 59 - installed Appium driver versions are resolved from supported CLI JSON shapes
2026-10-10T22:09:38.9834217Z   ---
2026-10-10T22:09:38.9834686Z   duration_ms: 0.8542
2026-10-10T22:09:38.9835151Z   ...
2026-10-10T22:09:38.9835870Z # Subtest: live Windows and POSIX command lines retain exact browser arguments
2026-10-10T22:09:38.9836884Z ok 60 - live Windows and POSIX command lines retain exact browser arguments
2026-10-10T22:09:38.9837676Z   ---
2026-10-10T22:09:38.9838076Z   duration_ms: 0.8488
2026-10-10T22:09:38.9838724Z   ...
2026-10-10T22:09:38.9839539Z # Subtest: run provenance rejects placeholder drivers and prohibited observed flags
2026-10-10T22:09:38.9840781Z ok 61 - run provenance rejects placeholder drivers and prohibited observed flags
2026-10-10T22:09:38.9841608Z   ---
2026-10-10T22:09:38.9842037Z   duration_ms: 1.7422
2026-10-10T22:09:38.9842485Z   ...
2026-10-10T22:09:38.9843138Z # Subtest: Playwright cleanup closes context before browser
2026-10-10T22:09:38.9843996Z ok 62 - Playwright cleanup closes context before browser
2026-10-10T22:09:38.9844687Z   ---
2026-10-10T22:09:38.9845132Z   duration_ms: 3.4021
2026-10-10T22:09:38.9845589Z   ...
2026-10-10T22:09:38.9846352Z # Subtest: Playwright cleanup still closes browser when context close fails
2026-10-10T22:09:38.9847876Z ok 63 - Playwright cleanup still closes browser when context close fails
2026-10-10T22:09:38.9848712Z   ---
2026-10-10T22:09:38.9849142Z   duration_ms: 1.2098
2026-10-10T22:09:38.9849587Z   ...
2026-10-10T22:09:38.9850215Z # Subtest: Playwright cleanup retains both nested close failures
2026-10-10T22:09:38.9851104Z ok 64 - Playwright cleanup retains both nested close failures
2026-10-10T22:09:38.9851694Z   ---
2026-10-10T22:09:38.9852042Z   duration_ms: 0.5347
2026-10-10T22:09:38.9856523Z   ...
2026-10-10T22:09:38.9860767Z # Subtest: Firefox production session binds the pinned client, driver, binary, and closed lane
2026-10-10T22:09:38.9862214Z ok 65 - Firefox production session binds the pinned client, driver, binary, and closed lane
2026-10-10T22:09:38.9863170Z   ---
2026-10-10T22:09:38.9863619Z   duration_ms: 1.746
2026-10-10T22:09:38.9864548Z   ...
2026-10-10T22:09:38.9865501Z # Subtest: Firefox production session rejects an unpinned Selenium client before launch
2026-10-10T22:09:38.9866811Z ok 66 - Firefox production session rejects an unpinned Selenium client before launch
2026-10-10T22:09:38.9867979Z   ---
2026-10-10T22:09:38.9868410Z   duration_ms: 0.3157
2026-10-10T22:09:38.9868885Z   ...
2026-10-10T22:09:38.9869771Z # Subtest: required Firefox session attaches FFX-04 lifecycle to the same Selenium session
2026-10-10T22:09:38.9871142Z ok 67 - required Firefox session attaches FFX-04 lifecycle to the same Selenium session
2026-10-10T22:09:38.9872093Z   ---
2026-10-10T22:09:38.9872517Z   duration_ms: 0.6218
2026-10-10T22:09:38.9872995Z   ...
2026-10-10T22:09:38.9873876Z # Subtest: Nightly Firefox probe session is returned without FFX-04 lifecycle attachment
2026-10-10T22:09:38.9876858Z ok 68 - Nightly Firefox probe session is returned without FFX-04 lifecycle attachment
2026-10-10T22:09:38.9877761Z   ---
2026-10-10T22:09:38.9878195Z   duration_ms: 0.313
2026-10-10T22:09:38.9878652Z   ...
2026-10-10T22:09:38.9879429Z # Subtest: CHR-03 applicability is exact and preserves the Windows Chrome lane
2026-10-10T22:09:38.9880601Z ok 69 - CHR-03 applicability is exact and preserves the Windows Chrome lane
2026-10-10T22:09:38.9881386Z   ---
2026-10-10T22:09:38.9881768Z   duration_ms: 4.0954
2026-10-10T22:09:38.9882195Z   ...
2026-10-10T22:09:38.9883058Z # Subtest: CHR-04 registry is closed over exact Edge assets, platforms, and requirement modes
2026-10-10T22:09:38.9884459Z ok 70 - CHR-04 registry is closed over exact Edge assets, platforms, and requirement modes
2026-10-10T22:09:38.9885359Z   ---
2026-10-10T22:09:38.9885780Z   duration_ms: 3.5209
2026-10-10T22:09:38.9886226Z   ...
2026-10-10T22:09:40.1535097Z # Subtest: support publication is deterministic across record order and closes all 24 runs
2026-10-10T22:09:40.1540514Z ok 71 - support publication is deterministic across record order and closes all 24 runs
2026-10-10T22:09:40.1543474Z   ---
2026-10-10T22:09:40.1543989Z   duration_ms: 182.4079
2026-10-10T22:09:40.1544463Z   ...
2026-10-10T22:09:40.1549706Z # Subtest: support publication fails closed on readiness, set, target, package, run, digest, artifact, and attempt substitutions
2026-10-10T22:09:40.1559798Z ok 72 - support publication fails closed on readiness, set, target, package, run, digest, artifact, and attempt substitutions
2026-10-10T22:09:40.1574674Z   ---
2026-10-10T22:09:40.1575175Z   duration_ms: 696.9577
2026-10-10T22:09:40.1590354Z   ...
2026-10-10T22:09:40.1591805Z # Subtest: raw manifest bytes and the laboratory same-commit tuple cannot be bypassed
2026-10-10T22:09:40.1593091Z ok 73 - raw manifest bytes and the laboratory same-commit tuple cannot be bypassed
2026-10-10T22:09:40.1593867Z   ---
2026-10-10T22:09:40.1594281Z   duration_ms: 90.8206
2026-10-10T22:09:40.1594755Z   ...
2026-10-10T22:09:40.1596078Z # Subtest: primary Chromium provenance rejects nonstable, placeholder, malformed, unsafe, fallback, platform, display, and injected hardware rows
2026-10-10T22:09:40.1633812Z ok 74 - primary Chromium provenance rejects nonstable, placeholder, malformed, unsafe, fallback, platform, display, and injected hardware rows
2026-10-10T22:09:40.1635551Z   ---
2026-10-10T22:09:40.1636052Z   duration_ms: 1979.0604
2026-10-10T22:09:40.1636521Z   ...
2026-10-10T22:09:40.1637335Z # Subtest: Safari publication requires the complete independently bound SAF-02 proof
2026-10-10T22:09:40.1640592Z ok 75 - Safari publication requires the complete independently bound SAF-02 proof
2026-10-10T22:09:40.1644844Z   ---
2026-10-10T22:09:40.1645270Z   duration_ms: 490.0385
2026-10-10T22:09:40.1645858Z   ...
2026-10-10T22:09:40.1665962Z # Subtest: a semantically changed record with stale readiness bindings fails closed
2026-10-10T22:09:40.1667385Z ok 76 - a semantically changed record with stale readiness bindings fails closed
2026-10-10T22:09:40.1669023Z   ---
2026-10-10T22:09:40.1671114Z   duration_ms: 59.4156
2026-10-10T22:09:40.1671624Z   ...
2026-10-10T22:09:40.1672327Z # Subtest: dynamic evidence is Markdown-escaped and cannot add rows or links
2026-10-10T22:09:40.1673609Z ok 77 - dynamic evidence is Markdown-escaped and cannot add rows or links
2026-10-10T22:09:40.1676149Z   ---
2026-10-10T22:09:40.1676932Z   duration_ms: 46.3776
2026-10-10T22:09:40.1677355Z   ...
2026-10-10T22:09:40.1678242Z # Subtest: CLI consumes canonical readiness and finalized records and writes exact deterministic bytes
2026-10-10T22:09:40.1679639Z ok 78 - CLI consumes canonical readiness and finalized records and writes exact deterministic bytes
2026-10-10T22:09:40.1680554Z   ---
2026-10-10T22:09:40.1680930Z   duration_ms: 356.3377
2026-10-10T22:09:40.1681328Z   ...
2026-10-10T22:09:40.2024132Z # Subtest: controller package is manual protected-main only
2026-10-10T22:09:40.2095722Z ok 79 - controller package is manual protected-main only
2026-10-10T22:09:40.2099550Z   ---
2026-10-10T22:09:40.2100744Z   duration_ms: 2.8265
2026-10-10T22:09:40.2102634Z   ...
2026-10-10T22:09:40.2144095Z # Subtest: observer secret is isolated and packager verifies exact-ID handoff
2026-10-10T22:09:40.2155090Z ok 80 - observer secret is isolated and packager verifies exact-ID handoff
2026-10-10T22:09:40.2156392Z   ---
2026-10-10T22:09:40.2156860Z   duration_ms: 0.2918
2026-10-10T22:09:40.2157362Z   ...
2026-10-10T22:09:40.2158184Z # Subtest: controller is tested, versioned, retained, and GitHub-hosted attested
2026-10-10T22:09:40.2159296Z ok 81 - controller is tested, versioned, retained, and GitHub-hosted attested
2026-10-10T22:09:40.2160081Z   ---
2026-10-10T22:09:40.2160567Z   duration_ms: 1.5247
2026-10-10T22:09:40.2161078Z   ...
2026-10-10T22:09:40.2161821Z # Subtest: isolated Edge diagnostic closes its context once when init fails
2026-10-10T22:09:40.2162965Z ok 82 - isolated Edge diagnostic closes its context once when init fails
2026-10-10T22:09:40.2163747Z   ---
2026-10-10T22:09:40.2164173Z   duration_ms: 3.3137
2026-10-10T22:09:40.2164667Z   ...
2026-10-10T22:09:40.2165443Z # Subtest: isolated Edge diagnostic closes its context once when page fails
2026-10-10T22:09:40.2166532Z ok 83 - isolated Edge diagnostic closes its context once when page fails
2026-10-10T22:09:40.2167264Z   ---
2026-10-10T22:09:40.2167673Z   duration_ms: 0.3297
2026-10-10T22:09:40.2168127Z   ...
2026-10-10T22:09:40.2168905Z # Subtest: isolated Edge diagnostic closes its context once when navigation fails
2026-10-10T22:09:40.2170698Z ok 84 - isolated Edge diagnostic closes its context once when navigation fails
2026-10-10T22:09:40.2171511Z   ---
2026-10-10T22:09:40.2171930Z   duration_ms: 1.5013
2026-10-10T22:09:40.2172397Z   ...
2026-10-10T22:09:40.2173177Z # Subtest: isolated Edge diagnostic closes its context once when assertion fails
2026-10-10T22:09:40.2174313Z ok 85 - isolated Edge diagnostic closes its context once when assertion fails
2026-10-10T22:09:40.2175086Z   ---
2026-10-10T22:09:40.2175569Z   duration_ms: 0.3432
2026-10-10T22:09:40.2176034Z   ...
2026-10-10T22:09:40.2176760Z # Subtest: isolated Edge diagnostic closes its context once after success
2026-10-10T22:09:40.2177801Z ok 86 - isolated Edge diagnostic closes its context once after success
2026-10-10T22:09:40.2178515Z   ---
2026-10-10T22:09:40.2178948Z   duration_ms: 0.6131
2026-10-10T22:09:40.2179445Z   ...
2026-10-10T22:09:40.2180124Z # Subtest: FFX-03 registry closes stable and Nightly lane identities
2026-10-10T22:09:40.2191515Z ok 87 - FFX-03 registry closes stable and Nightly lane identities
2026-10-10T22:09:40.2192572Z   ---
2026-10-10T22:09:40.2193041Z   duration_ms: 2.6639
2026-10-10T22:09:40.2193515Z   ...
2026-10-10T22:09:40.2194772Z # Subtest: rejects mismatched lane {"lane":"firefox-macos-m2","assetId":"FW-MAC-M2-01","platform":"darwin","architecture":"x64","required":true}
2026-10-10T22:09:40.2197166Z ok 88 - rejects mismatched lane {"lane":"firefox-macos-m2","assetId":"FW-MAC-M2-01","platform":"darwin","architecture":"x64","required":true}
2026-10-10T22:09:40.2198413Z   ---
2026-10-10T22:09:40.2198858Z   duration_ms: 0.3218
2026-10-10T22:09:40.2199321Z   ...
2026-10-10T22:09:40.2200722Z # Subtest: rejects mismatched lane {"lane":"firefox-nightly-linux-intel12","assetId":"FW-LNX-I12-01","platform":"linux","architecture":"x64","required":true}
2026-10-10T22:09:40.2202961Z ok 89 - rejects mismatched lane {"lane":"firefox-nightly-linux-intel12","assetId":"FW-LNX-I12-01","platform":"linux","architecture":"x64","required":true}
2026-10-10T22:09:40.2204228Z   ---
2026-10-10T22:09:40.2204667Z   duration_ms: 0.1455
2026-10-10T22:09:40.2205130Z   ...
2026-10-10T22:09:40.2206480Z # Subtest: rejects mismatched lane {"lane":"firefox-release-linux-intel12","assetId":"FW-LNX-I12-01","platform":"linux","architecture":"x64","required":true}
2026-10-10T22:09:40.2208692Z ok 90 - rejects mismatched lane {"lane":"firefox-release-linux-intel12","assetId":"FW-LNX-I12-01","platform":"linux","architecture":"x64","required":true}
2026-10-10T22:09:40.2210513Z   ---
2026-10-10T22:09:40.2210968Z   duration_ms: 0.163
2026-10-10T22:09:40.2211420Z   ...
2026-10-10T22:09:40.2212143Z # Subtest: Firefox versions use channel-specific release and Nightly syntax
2026-10-10T22:09:40.2213238Z ok 91 - Firefox versions use channel-specific release and Nightly syntax
2026-10-10T22:09:40.2213963Z   ---
2026-10-10T22:09:40.2214376Z   duration_ms: 0.8405
2026-10-10T22:09:40.2214900Z   ...
2026-10-10T22:09:40.2215681Z # Subtest: stable Firefox writes PASS only after successful observed cleanup
2026-10-10T22:09:40.2216783Z ok 92 - stable Firefox writes PASS only after successful observed cleanup
2026-10-10T22:09:40.2217514Z   ---
2026-10-10T22:09:40.2217940Z   duration_ms: 22.1028
2026-10-10T22:09:40.2218404Z   ...
2026-10-10T22:09:40.2219075Z # Subtest: stable Firefox cleanup failure emits no acceptable PASS
2026-10-10T22:09:40.2220034Z ok 93 - stable Firefox cleanup failure emits no acceptable PASS
2026-10-10T22:09:40.2221018Z   ---
2026-10-10T22:09:40.2221450Z   duration_ms: 3.1995
2026-10-10T22:09:40.2221904Z   ...
2026-10-10T22:09:40.2222705Z # Subtest: stable Firefox runtime consumer rejects malformed nested workload evidence
2026-10-10T22:09:40.2224179Z ok 94 - stable Firefox runtime consumer rejects malformed nested workload evidence
2026-10-10T22:09:40.2225120Z   ---
2026-10-10T22:09:40.2225575Z   duration_ms: 2.5666
2026-10-10T22:09:40.2226043Z   ...
2026-10-10T22:09:40.2227092Z # Subtest: Nightly Firefox emits only the closed PROBE_PASS record after cleanup
2026-10-10T22:09:40.2228492Z ok 95 - Nightly Firefox emits only the closed PROBE_PASS record after cleanup
2026-10-10T22:09:40.2229189Z   ---
2026-10-10T22:09:40.2229529Z   duration_ms: 3.3006
2026-10-10T22:09:40.2229902Z   ...
2026-10-10T22:09:40.2230611Z # Subtest: Nightly Firefox emits only the closed UNAVAILABLE record after cleanup
2026-10-10T22:09:40.2277251Z ok 96 - Nightly Firefox emits only the closed UNAVAILABLE record after cleanup
2026-10-10T22:09:40.2278206Z   ---
2026-10-10T22:09:40.2278559Z   duration_ms: 2.1745
2026-10-10T22:09:40.2278904Z   ...
2026-10-10T22:09:40.2279637Z # Subtest: Nightly Firefox emits only the closed PRODUCT_FAILURE record after cleanup
2026-10-10T22:09:40.2280744Z ok 97 - Nightly Firefox emits only the closed PRODUCT_FAILURE record after cleanup
2026-10-10T22:09:40.2281432Z   ---
2026-10-10T22:09:40.2282115Z   duration_ms: 2.2197
2026-10-10T22:09:40.2282450Z   ...
2026-10-10T22:09:40.2283013Z # Subtest: Nightly Firefox cleanup failure retains no typed outcome
2026-10-10T22:09:40.2283864Z ok 98 - Nightly Firefox cleanup failure retains no typed outcome
2026-10-10T22:09:40.2284419Z   ---
2026-10-10T22:09:40.2284712Z   duration_ms: 1.3258
2026-10-10T22:09:40.2285032Z   ...
2026-10-10T22:09:40.2355994Z # Subtest: Firefox runtime rejects authorization classification drift before opening a session
2026-10-10T22:09:40.2380488Z ok 99 - Firefox runtime rejects authorization classification drift before opening a session
2026-10-10T22:09:40.2382443Z   ---
2026-10-10T22:09:40.2385921Z   duration_ms: 0.4173
2026-10-10T22:09:40.2395279Z   ...
2026-10-10T22:09:40.2398170Z # Subtest: FFX-04 validator accepts only the closed three-cycle Firefox proof
2026-10-10T22:09:40.2400874Z ok 100 - FFX-04 validator accepts only the closed three-cycle Firefox proof
2026-10-10T22:09:40.2488457Z   ---
2026-10-10T22:09:40.2507556Z   duration_ms: 16.6006
2026-10-10T22:09:40.2521307Z   ...
2026-10-10T22:09:40.2560776Z # Subtest: stock Firefox lifecycle runner performs exactly three BFCache cycles and cleanup
2026-10-10T22:09:40.2567957Z ok 101 - stock Firefox lifecycle runner performs exactly three BFCache cycles and cleanup
2026-10-10T22:09:40.2600810Z   ---
2026-10-10T22:09:40.2623761Z   duration_ms: 8.4347
2026-10-10T22:09:40.2642212Z   ...
2026-10-10T22:09:40.2644575Z # Subtest: stock Firefox lifecycle runner fails closed and attempts cleanup on malformed restore
2026-10-10T22:09:40.2677885Z ok 102 - stock Firefox lifecycle runner fails closed and attempts cleanup on malformed restore
2026-10-10T22:09:40.2746054Z   ---
2026-10-10T22:09:40.2759216Z   duration_ms: 1.7797
2026-10-10T22:09:40.2761152Z   ...
2026-10-10T22:09:40.2762338Z # Subtest: stock Firefox lifecycle runner validates the complete proof before returning PASS
2026-10-10T22:09:40.2765161Z ok 103 - stock Firefox lifecycle runner validates the complete proof before returning PASS
2026-10-10T22:09:40.2765988Z   ---
2026-10-10T22:09:40.2875577Z   duration_ms: 2.0488
2026-10-10T22:09:40.2900467Z   ...
2026-10-10T22:09:40.2901503Z # Subtest: stock Firefox lifecycle runner rejects non-Firefox and non-live provenance before navigation
2026-10-10T22:09:40.2915137Z ok 104 - stock Firefox lifecycle runner rejects non-Firefox and non-live provenance before navigation
2026-10-10T22:09:40.2922094Z   ---
2026-10-10T22:09:40.2922400Z   duration_ms: 4.7337
2026-10-10T22:09:40.2922767Z   ...
2026-10-10T22:09:40.2923430Z # Subtest: Firefox acceptance module exposes the exact Selenium client contract
2026-10-10T22:09:40.2924514Z ok 105 - Firefox acceptance module exposes the exact Selenium client contract
2026-10-10T22:09:40.2925184Z   ---
2026-10-10T22:09:40.2925500Z   duration_ms: 2.2458
2026-10-10T22:09:40.2925837Z   ...
2026-10-10T22:09:40.2926515Z # Subtest: Firefox profile observation retains only targeted WebGPU preferences
2026-10-10T22:09:40.2927598Z ok 106 - Firefox profile observation retains only targeted WebGPU preferences
2026-10-10T22:09:40.2928302Z   ---
2026-10-10T22:09:40.2928615Z   duration_ms: 7.5346
2026-10-10T22:09:40.2928953Z   ...
2026-10-10T22:09:40.2929785Z # Subtest: Firefox profile observation rejects malformed, conflicting, and linked relevant sources
2026-10-10T22:09:40.2931123Z ok 107 - Firefox profile observation rejects malformed, conflicting, and linked relevant sources
2026-10-10T22:09:40.2931929Z   ---
2026-10-10T22:09:40.2932254Z   duration_ms: 13.1361
2026-10-10T22:09:40.2932616Z   ...
2026-10-10T22:09:40.2933392Z # Subtest: Firefox keyboard path sends a supported literal minus and observes every action
2026-10-10T22:09:40.2934591Z ok 108 - Firefox keyboard path sends a supported literal minus and observes every action
2026-10-10T22:09:40.2935344Z   ---
2026-10-10T22:09:40.2935671Z   duration_ms: 1.3516
2026-10-10T22:09:40.2936021Z   ...
2026-10-10T22:09:40.2937221Z # Subtest: outside pointer capture compares its own immediate snapshot and rejects a no-op drag
2026-10-10T22:09:40.2938521Z ok 109 - outside pointer capture compares its own immediate snapshot and rejects a no-op drag
2026-10-10T22:09:40.2939303Z   ---
2026-10-10T22:09:40.2939619Z   duration_ms: 1.1461
2026-10-10T22:09:40.2939980Z   ...
2026-10-10T22:09:40.2940684Z # Subtest: Firefox process inspection fails closed for command and malformed output
2026-10-10T22:09:40.2941818Z ok 110 - Firefox process inspection fails closed for command and malformed output
2026-10-10T22:09:40.2942543Z   ---
2026-10-10T22:09:40.2942850Z   duration_ms: 1.0762
2026-10-10T22:09:40.2943205Z   ...
2026-10-10T22:09:40.2944439Z # Subtest: Windows process inspection accepts enumerated PID 0 but never treats it as actionable
2026-10-10T22:09:40.2946546Z ok 111 - Windows process inspection accepts enumerated PID 0 but never treats it as actionable
2026-10-10T22:09:40.2947380Z   ---
2026-10-10T22:09:40.2947718Z   duration_ms: 0.5638
2026-10-10T22:09:40.2948069Z   ...
2026-10-10T22:09:40.2948784Z # Subtest: Firefox process absence rejects permission errors and still-running PIDs
2026-10-10T22:09:40.2949930Z ok 112 - Firefox process absence rejects permission errors and still-running PIDs
2026-10-10T22:09:40.2951447Z   ---
2026-10-10T22:09:40.2952402Z   duration_ms: 1.1797
2026-10-10T22:09:40.2953427Z   ...
2026-10-10T22:09:40.2954702Z # Subtest: Firefox cleanup marks the process stopped only after absence is proven
2026-10-10T22:09:40.2955784Z ok 113 - Firefox cleanup marks the process stopped only after absence is proven
2026-10-10T22:09:40.2956780Z   ---
2026-10-10T22:09:40.2957097Z   duration_ms: 0.9971
2026-10-10T22:09:40.2957784Z   ...
2026-10-10T22:09:40.2958576Z # Subtest: package promotion resolves one exact successful main artifact by run ID
2026-10-10T22:09:40.2968470Z ok 114 - package promotion resolves one exact successful main artifact by run ID
2026-10-10T22:09:40.2969194Z   ---
2026-10-10T22:09:40.2969504Z   duration_ms: 4.3605
2026-10-10T22:09:40.2969838Z   ...
2026-10-10T22:09:40.2970455Z # Subtest: package manifest provenance joins the exact resolved API run
2026-10-10T22:09:40.2975180Z ok 115 - package manifest provenance joins the exact resolved API run
2026-10-10T22:09:40.2977518Z   ---
2026-10-10T22:09:40.2977904Z   duration_ms: 1.3404
2026-10-10T22:09:40.2979193Z   ...
2026-10-10T22:09:40.2980024Z # Subtest: package manifest provenance rejects stale run, attempt, SHA, and workflow identity
2026-10-10T22:09:40.2981298Z ok 116 - package manifest provenance rejects stale run, attempt, SHA, and workflow identity
2026-10-10T22:09:40.2982073Z   ---
2026-10-10T22:09:40.2982384Z   duration_ms: 1.0807
2026-10-10T22:09:40.2982724Z   ...
2026-10-10T22:09:40.2983534Z # Subtest: package manifest provenance rejects missing or malformed run attempts on both records
2026-10-10T22:09:40.2984827Z ok 117 - package manifest provenance rejects missing or malformed run attempts on both records
2026-10-10T22:09:40.3004007Z   ---
2026-10-10T22:09:40.3004356Z   duration_ms: 0.5925
2026-10-10T22:09:40.3004705Z   ...
2026-10-10T22:09:40.3005321Z # Subtest: package promotion rejects missing or malformed API run attempts
2026-10-10T22:09:40.3006338Z ok 118 - package promotion rejects missing or malformed API run attempts
2026-10-10T22:09:40.3006957Z   ---
2026-10-10T22:09:40.3009012Z   duration_ms: 1.0758
2026-10-10T22:09:40.3009344Z   ...
2026-10-10T22:09:40.3010159Z # Subtest: package promotion rejects prior SHA, wrong workflow, failed, duplicate, or expired artifact
2026-10-10T22:09:40.3011431Z ok 119 - package promotion rejects prior SHA, wrong workflow, failed, duplicate, or expired artifact
2026-10-10T22:09:40.3012117Z   ---
2026-10-10T22:09:40.3012380Z   duration_ms: 0.9348
2026-10-10T22:09:40.3013858Z   ...
2026-10-10T22:09:40.3014568Z # Subtest: authorization waits through environment approval then selects exactly one queued job
2026-10-10T22:09:40.3016703Z ok 120 - authorization waits through environment approval then selects exactly one queued job
2026-10-10T22:09:40.3017999Z   ---
2026-10-10T22:09:40.3018367Z   duration_ms: 3.7397
2026-10-10T22:09:40.3018727Z   ...
2026-10-10T22:09:40.3019395Z # Subtest: validates all eleven public assets and exact static routing labels
2026-10-10T22:09:40.3020427Z ok 121 - validates all eleven public assets and exact static routing labels
2026-10-10T22:09:40.3021077Z   ---
2026-10-10T22:09:40.3021386Z   duration_ms: 4.2582
2026-10-10T22:09:40.3021749Z   ...
2026-10-10T22:09:40.3022475Z # Subtest: checked matrix cannot satisfy live readiness while controllers are unprovisioned
2026-10-10T22:09:40.3024019Z ok 122 - checked matrix cannot satisfy live readiness while controllers are unprovisioned
2026-10-10T22:09:40.3024774Z   ---
2026-10-10T22:09:40.3025062Z   duration_ms: 0.5314
2026-10-10T22:09:40.3025367Z   ...
2026-10-10T22:09:40.3025759Z # Subtest: rejects a changed host label
2026-10-10T22:09:40.3026304Z ok 123 - rejects a changed host label
2026-10-10T22:09:40.3026732Z   ---
2026-10-10T22:09:40.3027044Z   duration_ms: 0.4373
2026-10-10T22:09:40.3027388Z   ...
2026-10-10T22:09:40.3027770Z # Subtest: rejects a changed JIT label
2026-10-10T22:09:40.3028278Z ok 124 - rejects a changed JIT label
2026-10-10T22:09:40.3028684Z   ---
2026-10-10T22:09:40.3028973Z   duration_ms: 0.294
2026-10-10T22:09:40.3029305Z   ...
2026-10-10T22:09:40.3029685Z # Subtest: rejects a changed device
2026-10-10T22:09:40.3030198Z ok 125 - rejects a changed device
2026-10-10T22:09:40.3030603Z   ---
2026-10-10T22:09:40.3031222Z   duration_ms: 0.2365
2026-10-10T22:09:40.3031569Z   ...
2026-10-10T22:09:40.3031999Z # Subtest: rejects a changed duplicate asset
2026-10-10T22:09:40.3032594Z ok 126 - rejects a changed duplicate asset
2026-10-10T22:09:40.3033061Z   ---
2026-10-10T22:09:40.3033361Z   duration_ms: 0.2264
2026-10-10T22:09:40.3033688Z   ...
2026-10-10T22:09:40.3034129Z # Subtest: rejects a changed unknown attachment
2026-10-10T22:09:40.3034731Z ok 127 - rejects a changed unknown attachment
2026-10-10T22:09:40.3035167Z   ---
2026-10-10T22:09:40.3035822Z   duration_ms: 0.3798
2026-10-10T22:09:40.3036139Z   ...
2026-10-10T22:09:40.3036498Z # Subtest: rejects a changed Appium ID
2026-10-10T22:09:40.3037011Z ok 128 - rejects a changed Appium ID
2026-10-10T22:09:40.3037451Z   ---
2026-10-10T22:09:40.3037759Z   duration_ms: 0.2779
2026-10-10T22:09:40.3038093Z   ...
2026-10-10T22:09:40.3038739Z # Subtest: closed dispatch rules separate canary, browser, and manual lanes
2026-10-10T22:09:40.3039745Z ok 129 - closed dispatch rules separate canary, browser, and manual lanes
2026-10-10T22:09:40.3040402Z   ---
2026-10-10T22:09:40.3040725Z   duration_ms: 3.7272
2026-10-10T22:09:40.3041060Z   ...
2026-10-10T22:09:40.3041726Z # Subtest: Chrome Beta probes are optional, asset-bound, and never required rows
2026-10-10T22:09:40.3042775Z ok 130 - Chrome Beta probes are optional, asset-bound, and never required rows
2026-10-10T22:09:40.3043446Z   ---
2026-10-10T22:09:40.3043746Z   duration_ms: 0.3915
2026-10-10T22:09:40.3044076Z   ...
2026-10-10T22:09:40.3044935Z # Subtest: Firefox dispatch preserves the closed stable-required and Nightly-optional classifications
2026-10-10T22:09:40.3046319Z ok 131 - Firefox dispatch preserves the closed stable-required and Nightly-optional classifications
2026-10-10T22:09:40.3047140Z   ---
2026-10-10T22:09:40.3047452Z   duration_ms: 0.4952
2026-10-10T22:09:40.3047782Z   ...
2026-10-10T22:09:40.3048409Z # Subtest: all mobile, trackpad, and desktop Safari work serialize on the Mac host
2026-10-10T22:09:40.3069840Z ok 132 - all mobile, trackpad, and desktop Safari work serialize on the Mac host
2026-10-10T22:09:40.3070535Z   ---
2026-10-10T22:09:40.3070841Z   duration_ms: 0.3314
2026-10-10T22:09:40.3071169Z   ...
2026-10-10T22:09:40.3071790Z # Subtest: promotion generates only the derived hardware and nonce labels
2026-10-10T22:09:40.3072750Z ok 133 - promotion generates only the derived hardware and nonce labels
2026-10-10T22:09:40.3073341Z   ---
2026-10-10T22:09:40.3073623Z   duration_ms: 1.5244
2026-10-10T22:09:40.3073939Z   ...
2026-10-10T22:09:40.3074650Z # Subtest: authorization freezes exact queued job, labels, expiry, and package/readiness
2026-10-10T22:09:40.3075789Z ok 134 - authorization freezes exact queued job, labels, expiry, and package/readiness
2026-10-10T22:09:40.3076907Z   ---
2026-10-10T22:09:40.3077196Z   duration_ms: 2.9988
2026-10-10T22:09:40.3077521Z   ...
2026-10-10T22:09:40.3078181Z # Subtest: promotion rejects missing, mismatched, or malformed readiness identities
2026-10-10T22:09:40.3079247Z ok 135 - promotion rejects missing, mismatched, or malformed readiness identities
2026-10-10T22:09:40.3080302Z   ---
2026-10-10T22:09:40.3080611Z   duration_ms: 0.4213
2026-10-10T22:09:40.3080992Z   ...
2026-10-10T22:09:40.3081770Z # Subtest: manual viewer remains live for controller capture while automated and failed viewers dispose
2026-10-10T22:09:40.3083099Z ok 136 - manual viewer remains live for controller capture while automated and failed viewers dispose
2026-10-10T22:09:40.3083912Z   ---
2026-10-10T22:09:40.3084219Z   duration_ms: 5.7305
2026-10-10T22:09:40.3084570Z   ...
2026-10-10T22:09:40.3085226Z # Subtest: adapter attestation receives exactly the five-field binding schema
2026-10-10T22:09:40.3086248Z ok 137 - adapter attestation receives exactly the five-field binding schema
2026-10-10T22:09:40.3087478Z   ---
2026-10-10T22:09:40.3087800Z   duration_ms: 1.4529
2026-10-10T22:09:40.3088742Z   ...
2026-10-10T22:09:40.3093857Z # Subtest: all 50 lifecycle viewers wait for their own deferred submitted frame
2026-10-10T22:09:40.3094885Z ok 138 - all 50 lifecycle viewers wait for their own deferred submitted frame
2026-10-10T22:09:40.3095510Z   ---
2026-10-10T22:09:40.3095789Z   duration_ms: 1.8198
2026-10-10T22:09:40.3102335Z   ...
2026-10-10T22:09:40.3103399Z # Subtest: lifecycle viewer timeout fails and disposes the unrendered runtime
2026-10-10T22:09:40.3104354Z ok 139 - lifecycle viewer timeout fails and disposes the unrendered runtime
2026-10-10T22:09:40.3104940Z   ---
2026-10-10T22:09:40.3105195Z   duration_ms: 0.9647
2026-10-10T22:09:40.3105508Z   ...
2026-10-10T22:09:40.3106167Z # Subtest: hardware page invokes the public runtime loader in a fresh iframe realm
2026-10-10T22:09:40.3107091Z ok 140 - hardware page invokes the public runtime loader in a fresh iframe realm
2026-10-10T22:09:40.3107692Z   ---
2026-10-10T22:09:40.3107979Z   duration_ms: 0.7878
2026-10-10T22:09:40.3108314Z   ...
2026-10-10T22:09:40.3109045Z # Subtest: page product classifier accepts only the two closed manual lanes
2026-10-10T22:09:40.3110032Z ok 141 - page product classifier accepts only the two closed manual lanes
2026-10-10T22:09:40.3110655Z   ---
2026-10-10T22:09:40.3111272Z   duration_ms: 0.2118
2026-10-10T22:09:40.3111638Z   ...
2026-10-10T22:09:40.3113099Z # Subtest: page route uses isolated installed-package loader probes for all WASM controls
2026-10-10T22:09:40.3114349Z ok 142 - page route uses isolated installed-package loader probes for all WASM controls
2026-10-10T22:09:40.3115102Z   ---
2026-10-10T22:09:40.3115428Z   duration_ms: 34.3514
2026-10-10T22:09:40.3115770Z   ...
2026-10-10T22:09:40.3116821Z # Subtest: page route rejects insecure context and non-normalized loader failures
2026-10-10T22:09:40.3117945Z ok 143 - page route rejects insecure context and non-normalized loader failures
2026-10-10T22:09:40.3118612Z   ---
2026-10-10T22:09:40.3118921Z   duration_ms: 2.2446
2026-10-10T22:09:40.3119264Z   ...
2026-10-10T22:09:40.3119992Z # Subtest: page route rejects unsuccessful WASM responses even with the expected MIME
2026-10-10T22:09:40.3121143Z ok 144 - page route rejects unsuccessful WASM responses even with the expected MIME
2026-10-10T22:09:40.3121825Z   ---
2026-10-10T22:09:40.3122122Z   duration_ms: 14.9104
2026-10-10T22:09:40.3122452Z   ...
2026-10-10T22:09:40.3123079Z # Subtest: hanging browser fixture fetch aborts at its bounded inner deadline
2026-10-10T22:09:40.3124042Z ok 145 - hanging browser fixture fetch aborts at its bounded inner deadline
2026-10-10T22:09:40.3124687Z   ---
2026-10-10T22:09:40.3124979Z   duration_ms: 21.3578
2026-10-10T22:09:40.3125305Z   ...
2026-10-10T22:09:40.3126053Z # Subtest: release readiness accepts only exact target, lab run, and sorted evidence run IDs
2026-10-10T22:09:40.3127268Z ok 146 - release readiness accepts only exact target, lab run, and sorted evidence run IDs
2026-10-10T22:09:40.3128026Z   ---
2026-10-10T22:09:40.3128330Z   duration_ms: 5.1949
2026-10-10T22:09:40.3128692Z   ...
2026-10-10T22:09:40.3129393Z # Subtest: only observer has trust secret and computation never schedules hardware
2026-10-10T22:09:40.3130839Z ok 147 - only observer has trust secret and computation never schedules hardware
2026-10-10T22:09:40.3131555Z   ---
2026-10-10T22:09:40.3131864Z   duration_ms: 0.5655
2026-10-10T22:09:40.3132204Z   ...
2026-10-10T22:09:40.3133050Z # Subtest: exact lab/evidence attestations, merger, negative controls, and fixed artifact are required
2026-10-10T22:09:40.3134304Z ok 148 - exact lab/evidence attestations, merger, negative controls, and fixed artifact are required
2026-10-10T22:09:40.3135095Z   ---
2026-10-10T22:09:40.3135381Z   duration_ms: 1.8204
2026-10-10T22:09:40.3135697Z   ...
2026-10-10T22:09:40.3136363Z # Subtest: hardware workflow is manual-only with closed inputs and protected main guard
2026-10-10T22:09:40.3137836Z ok 149 - hardware workflow is manual-only with closed inputs and protected main guard
2026-10-10T22:09:40.3138821Z   ---
2026-10-10T22:09:40.3139121Z   duration_ms: 2.9847
2026-10-10T22:09:40.3139450Z   ...
2026-10-10T22:09:40.3140021Z # Subtest: only observer and hosted finalizers receive trust secrets
2026-10-10T22:09:40.3140858Z ok 150 - only observer and hosted finalizers receive trust secrets
2026-10-10T22:09:40.3141396Z   ---
2026-10-10T22:09:40.3141676Z   duration_ms: 0.5465
2026-10-10T22:09:40.3141990Z   ...
2026-10-10T22:09:40.3142618Z # Subtest: promotion validates exact base SHA/package and never rebuilds it
2026-10-10T22:09:40.3143576Z ok 151 - promotion validates exact base SHA/package and never rebuilds it
2026-10-10T22:09:40.3144189Z   ---
2026-10-10T22:09:40.3144483Z   duration_ms: 0.3875
2026-10-10T22:09:40.3144799Z   ...
2026-10-10T22:09:40.3145480Z # Subtest: authorization polls exactly one queued job and attests a ten-minute record
2026-10-10T22:09:40.3147371Z ok 152 - authorization polls exactly one queued job and attests a ten-minute record
2026-10-10T22:09:40.3148076Z   ---
2026-10-10T22:09:40.3148983Z   duration_ms: 0.4298
2026-10-10T22:09:40.3149813Z   ...
2026-10-10T22:09:40.3151187Z # Subtest: hardware routes only on three derived labels, serializes by host, and has read-only token
2026-10-10T22:09:40.3152463Z ok 153 - hardware routes only on three derived labels, serializes by host, and has read-only token
2026-10-10T22:09:40.3153206Z   ---
2026-10-10T22:09:40.3153500Z   duration_ms: 0.5419
2026-10-10T22:09:40.3153816Z   ...
2026-10-10T22:09:40.3154476Z # Subtest: hardware executes only verified promoted artifacts and always cleans up
2026-10-10T22:09:40.3155557Z ok 154 - hardware executes only verified promoted artifacts and always cleans up
2026-10-10T22:09:40.3156205Z   ---
2026-10-10T22:09:40.3156493Z   duration_ms: 0.8119
2026-10-10T22:09:40.3157297Z   ...
2026-10-10T22:09:40.3158006Z # Subtest: Firefox Nightly stays optional and uses only validated typed probe outcomes
2026-10-10T22:09:40.3159128Z ok 155 - Firefox Nightly stays optional and uses only validated typed probe outcomes
2026-10-10T22:09:40.3159807Z   ---
2026-10-10T22:09:40.3160098Z   duration_ms: 0.5628
2026-10-10T22:09:40.3160424Z   ...
2026-10-10T22:09:40.3161170Z # Subtest: manual finalizer verifies signed session and exact runner absence before attestation
2026-10-10T22:09:40.3162425Z ok 156 - manual finalizer verifies signed session and exact runner absence before attestation
2026-10-10T22:09:40.3163145Z   ---
2026-10-10T22:09:40.3163415Z   duration_ms: 0.4616
2026-10-10T22:09:40.3180375Z   ...
2026-10-10T22:09:40.3181189Z # Subtest: automated evidence is copied by exact artifact ID and GitHub-hosted attested
2026-10-10T22:09:40.3182304Z ok 157 - automated evidence is copied by exact artifact ID and GitHub-hosted attested
2026-10-10T22:09:40.3183009Z   ---
2026-10-10T22:09:40.3183284Z   duration_ms: 0.4431
2026-10-10T22:09:40.3183585Z   ...
2026-10-10T22:09:40.3184226Z # Subtest: host finalizer joins controller signature, exact job, and independent absence
2026-10-10T22:09:40.3185347Z ok 158 - host finalizer joins controller signature, exact job, and independent absence
2026-10-10T22:09:40.3186091Z   ---
2026-10-10T22:09:40.3186767Z   duration_ms: 8.794
2026-10-10T22:09:40.3187168Z   ...
2026-10-10T22:09:40.3187787Z # Subtest: host finalizer rejects a substituted runner or missing absence
2026-10-10T22:09:40.3188746Z ok 159 - host finalizer rejects a substituted runner or missing absence
2026-10-10T22:09:40.3189365Z   ---
2026-10-10T22:09:40.3189653Z   duration_ms: 4.7973
2026-10-10T22:09:40.3189971Z   ...
2026-10-10T22:09:40.3190699Z # Subtest: Mac canary producer emits the exact seven-asset schema-valid signed inventory
2026-10-10T22:09:40.3191831Z ok 160 - Mac canary producer emits the exact seven-asset schema-valid signed inventory
2026-10-10T22:09:40.3192512Z   ---
2026-10-10T22:09:40.3192812Z   duration_ms: 13.2404
2026-10-10T22:09:40.3193145Z   ...
2026-10-10T22:09:40.3193787Z # Subtest: SAF-03 captures the same exact Mac and trackpad inventory contract
2026-10-10T22:09:40.3195471Z ok 161 - SAF-03 captures the same exact Mac and trackpad inventory contract
2026-10-10T22:09:40.3196116Z   ---
2026-10-10T22:09:40.3196415Z   duration_ms: 2.0301
2026-10-10T22:09:40.3196756Z   ...
2026-10-10T22:09:40.3197528Z # Subtest: exact capture rejects missing substituted and duplicate attachment observations
2026-10-10T22:09:40.3216084Z ok 162 - exact capture rejects missing substituted and duplicate attachment observations
2026-10-10T22:09:40.3217797Z   ---
2026-10-10T22:09:40.3218152Z   duration_ms: 3.5507
2026-10-10T22:09:40.3218497Z   ...
2026-10-10T22:09:40.3222566Z # Subtest: controller input and hosted validation reject missing and unsafe trackpad evidence
2026-10-10T22:09:40.3223853Z ok 163 - controller input and hosted validation reject missing and unsafe trackpad evidence
2026-10-10T22:09:40.3224601Z   ---
2026-10-10T22:09:40.3224893Z   duration_ms: 2.1298
2026-10-10T22:09:40.3225222Z   ...
2026-10-10T22:09:40.3226010Z # Subtest: controller evidence reader preserves the producer attachment set and rejects omissions
2026-10-10T22:09:40.3228186Z ok 164 - controller evidence reader preserves the producer attachment set and rejects omissions
2026-10-10T22:09:40.3228974Z   ---
2026-10-10T22:09:40.3229265Z   duration_ms: 18.2134
2026-10-10T22:09:40.3229586Z   ...
2026-10-10T22:09:40.3230285Z # Subtest: runtime rejects forbidden stable identifier fields instead of sanitizing them
2026-10-10T22:09:40.3231397Z ok 165 - runtime rejects forbidden stable identifier fields instead of sanitizing them
2026-10-10T22:09:40.3232097Z   ---
2026-10-10T22:09:40.3232385Z   duration_ms: 0.5282
2026-10-10T22:09:40.3232713Z   ...
2026-10-10T22:09:40.3233315Z # Subtest: SAF-02 retry route changes MIME only after the first identical GET
2026-10-10T22:09:40.3234244Z ok 166 - SAF-02 retry route changes MIME only after the first identical GET
2026-10-10T22:09:40.3234846Z   ---
2026-10-10T22:09:40.3235129Z   duration_ms: 6.6817
2026-10-10T22:09:40.3235445Z   ...
2026-10-10T22:09:40.3236536Z # Subtest: SAF-02 terrain range controls distinguish exact, ignored, and unsatisfied ranges
2026-10-10T22:09:40.3237692Z ok 167 - SAF-02 terrain range controls distinguish exact, ignored, and unsatisfied ranges
2026-10-10T22:09:40.3238385Z   ---
2026-10-10T22:09:40.3238662Z   duration_ms: 2.3488
2026-10-10T22:09:40.3238977Z   ...
2026-10-10T22:09:40.3239691Z # Subtest: nonce generation consumes exactly 16 bytes and rejects malformed or reused output
2026-10-10T22:09:40.3240860Z ok 168 - nonce generation consumes exactly 16 bytes and rejects malformed or reused output
2026-10-10T22:09:40.3241576Z   ---
2026-10-10T22:09:40.3241865Z   duration_ms: 1.4827
2026-10-10T22:09:40.3242180Z   ...
2026-10-10T22:09:40.3242835Z # Subtest: application host, nonce path, MIME, cache, and method policy fail closed
2026-10-10T22:09:40.3243854Z ok 169 - application host, nonce path, MIME, cache, and method policy fail closed
2026-10-10T22:09:40.3244468Z   ---
2026-10-10T22:09:40.3244747Z   duration_ms: 3.1157
2026-10-10T22:09:40.3245071Z   ...
2026-10-10T22:09:40.3245971Z # Subtest: trusted lifecycle-away route serves exact GET and HEAD HTML responses
2026-10-10T22:09:40.3246984Z ok 170 - trusted lifecycle-away route serves exact GET and HEAD HTML responses
2026-10-10T22:09:40.3247617Z   ---
2026-10-10T22:09:40.3247903Z   duration_ms: 1.1674
2026-10-10T22:09:40.3248209Z   ...
2026-10-10T22:09:40.3248741Z # Subtest: asset allow route returns exact CORS and range headers
2026-10-10T22:09:40.3249534Z ok 171 - asset allow route returns exact CORS and range headers
2026-10-10T22:09:40.3250060Z   ---
2026-10-10T22:09:40.3250339Z   duration_ms: 0.9636
2026-10-10T22:09:40.3250651Z   ...
2026-10-10T22:09:40.3251232Z # Subtest: only exact nonce-scoped lifecycle routes are cache compatible
2026-10-10T22:09:40.3252118Z ok 172 - only exact nonce-scoped lifecycle routes are cache compatible
2026-10-10T22:09:40.3252689Z   ---
2026-10-10T22:09:40.3252979Z   duration_ms: 1.6895
2026-10-10T22:09:40.3253486Z   ...
2026-10-10T22:09:40.3254126Z # Subtest: deny and wrong-origin terrain and WASM policies remain browser-enforced
2026-10-10T22:09:40.3255150Z ok 173 - deny and wrong-origin terrain and WASM policies remain browser-enforced
2026-10-10T22:09:40.3255781Z   ---
2026-10-10T22:09:40.3256354Z   duration_ms: 1.2709
2026-10-10T22:09:40.3256684Z   ...
2026-10-10T22:09:40.3257338Z # Subtest: raw readiness joins public-route policy to the promoted package digest
2026-10-10T22:09:40.3258415Z ok 174 - raw readiness joins public-route policy to the promoted package digest
2026-10-10T22:09:40.3259038Z   ---
2026-10-10T22:09:40.3259318Z   duration_ms: 1.847
2026-10-10T22:09:40.3259619Z   ...
2026-10-10T22:09:40.3260476Z # Subtest: route orchestration starts both fixture origins and host-scoped cloudflared then proves cleanup
2026-10-10T22:09:40.3261810Z ok 175 - route orchestration starts both fixture origins and host-scoped cloudflared then proves cleanup
2026-10-10T22:09:40.3262599Z   ---
2026-10-10T22:09:40.3262883Z   duration_ms: 4.7372
2026-10-10T22:09:40.3263184Z   ...
2026-10-10T22:09:40.3263773Z # Subtest: materialized import map remains inside the nonce-bound base path
2026-10-10T22:09:40.3264679Z ok 176 - materialized import map remains inside the nonce-bound base path
2026-10-10T22:09:40.3265244Z   ---
2026-10-10T22:09:40.3265539Z   duration_ms: 50.5244
2026-10-10T22:09:40.3265854Z   ...
2026-10-10T22:09:40.3266688Z # Subtest: implementation actors include direct authors/committers and every associated merged PR author
2026-10-10T22:09:40.3268061Z ok 177 - implementation actors include direct authors/committers and every associated merged PR author
2026-10-10T22:09:40.3268827Z   ---
2026-10-10T22:09:40.3269152Z   duration_ms: 6.1022
2026-10-10T22:09:40.3269488Z   ...
2026-10-10T22:09:40.3270097Z # Subtest: unresolved direct or merged-PR GitHub identities fail closed
2026-10-10T22:09:40.3271040Z ok 178 - unresolved direct or merged-PR GitHub identities fail closed
2026-10-10T22:09:40.3271654Z   ---
2026-10-10T22:09:40.3271943Z   duration_ms: 1.523
2026-10-10T22:09:40.3272272Z   ...
2026-10-10T22:09:40.3273087Z # Subtest: resolver paginates all releases and selects only a published immutable stable SemVer
2026-10-10T22:09:40.3274383Z ok 179 - resolver paginates all releases and selects only a published immutable stable SemVer
2026-10-10T22:09:40.3275168Z   ---
2026-10-10T22:09:40.3275505Z   duration_ms: 1.9907
2026-10-10T22:09:40.3275859Z   ...
2026-10-10T22:09:40.3276859Z # Subtest: resolver paginates the complete comparison and every commit PR list
2026-10-10T22:09:40.3277903Z ok 180 - resolver paginates the complete comparison and every commit PR list
2026-10-10T22:09:40.3278554Z   ---
2026-10-10T22:09:40.3278870Z   duration_ms: 1.1765
2026-10-10T22:09:40.3280192Z   ...
2026-10-10T22:09:40.3280971Z # Subtest: truncated, inconsistent, duplicated, or unresolved comparison pages fail closed
2026-10-10T22:09:40.3282227Z ok 181 - truncated, inconsistent, duplicated, or unresolved comparison pages fail closed
2026-10-10T22:09:40.3283010Z   ---
2026-10-10T22:09:40.3283329Z   duration_ms: 1.6439
2026-10-10T22:09:40.3283979Z   ...
2026-10-10T22:09:40.3284686Z # Subtest: pagination rejects cycles and next links outside the repository API
2026-10-10T22:09:40.3285697Z ok 182 - pagination rejects cycles and next links outside the repository API
2026-10-10T22:09:40.3286337Z   ---
2026-10-10T22:09:40.3286630Z   duration_ms: 0.9769
2026-10-10T22:09:40.3286957Z   ...
2026-10-10T22:09:40.3287450Z # Subtest: browser-policy matches its checked JSON schema
2026-10-10T22:09:40.3288176Z ok 183 - browser-policy matches its checked JSON schema
2026-10-10T22:09:40.3288680Z   ---
2026-10-10T22:09:40.3288972Z   duration_ms: 6.4893
2026-10-10T22:09:40.3289292Z   ...
2026-10-10T22:09:40.3289900Z # Subtest: controller-health-endpoints matches its checked JSON schema
2026-10-10T22:09:40.3290831Z ok 184 - controller-health-endpoints matches its checked JSON schema
2026-10-10T22:09:40.3291687Z   ---
2026-10-10T22:09:40.3291981Z   duration_ms: 1.422
2026-10-10T22:09:40.3292298Z   ...
2026-10-10T22:09:40.3292802Z # Subtest: hardware-matrix matches its checked JSON schema
2026-10-10T22:09:40.3293532Z ok 185 - hardware-matrix matches its checked JSON schema
2026-10-10T22:09:40.3294040Z   ---
2026-10-10T22:09:40.3294322Z   duration_ms: 1.3873
2026-10-10T22:09:40.3294633Z   ...
2026-10-10T22:09:40.3295158Z # Subtest: https-origin-policy matches its checked JSON schema
2026-10-10T22:09:40.3295944Z ok 186 - https-origin-policy matches its checked JSON schema
2026-10-10T22:09:40.3296823Z   ---
2026-10-10T22:09:40.3297153Z   duration_ms: 0.5893
2026-10-10T22:09:40.3297481Z   ...
2026-10-10T22:09:40.3298047Z # Subtest: repository-trust-policy matches its checked JSON schema
2026-10-10T22:09:40.3298910Z ok 187 - repository-trust-policy matches its checked JSON schema
2026-10-10T22:09:40.3299513Z   ---
2026-10-10T22:09:40.3299816Z   duration_ms: 0.7924
2026-10-10T22:09:40.3300143Z   ...
2026-10-10T22:09:40.3300779Z # Subtest: runner-distribution-manifest matches its checked JSON schema
2026-10-10T22:09:40.3301718Z ok 188 - runner-distribution-manifest matches its checked JSON schema
2026-10-10T22:09:40.3302351Z   ---
2026-10-10T22:09:40.3302658Z   duration_ms: 165.9051
2026-10-10T22:09:40.3302999Z   ...
2026-10-10T22:09:40.3303649Z # Subtest: runner-transient-path-policy matches its checked JSON schema
2026-10-10T22:09:40.3304613Z ok 189 - runner-transient-path-policy matches its checked JSON schema
2026-10-10T22:09:40.3305243Z   ---
2026-10-10T22:09:40.3305532Z   duration_ms: 0.6208
2026-10-10T22:09:40.3305864Z   ...
2026-10-10T22:09:40.3306429Z # Subtest: workflow-actions-lock matches its checked JSON schema
2026-10-10T22:09:40.3307269Z ok 190 - workflow-actions-lock matches its checked JSON schema
2026-10-10T22:09:40.3307827Z   ---
2026-10-10T22:09:40.3308115Z   duration_ms: 0.7987
2026-10-10T22:09:40.3308438Z   ...
2026-10-10T22:09:40.3309036Z # Subtest: controller protocol schema rejects unreviewed operations
2026-10-10T22:09:40.3309962Z ok 191 - controller protocol schema rejects unreviewed operations
2026-10-10T22:09:40.3310540Z   ---
2026-10-10T22:09:40.3310842Z   duration_ms: 1.4926
2026-10-10T22:09:40.3311178Z   ...
2026-10-10T22:09:40.3311616Z # Subtest: schemas reject unknown policy fields
2026-10-10T22:09:40.3312241Z ok 192 - schemas reject unknown policy fields
2026-10-10T22:09:40.3312716Z   ---
2026-10-10T22:09:40.3313023Z   duration_ms: 0.866
2026-10-10T22:09:40.3313347Z   ...
2026-10-10T22:09:40.3313959Z # Subtest: runner manifest contains all three pinned platform distributions
2026-10-10T22:09:40.3314935Z ok 193 - runner manifest contains all three pinned platform distributions
2026-10-10T22:09:40.3315537Z   ---
2026-10-10T22:09:40.3315809Z   duration_ms: 48.2589
2026-10-10T22:09:40.3316116Z   ...
2026-10-10T22:09:40.3317264Z # Subtest: broker protocol schema accepts only a frozen JIT request shape
2026-10-10T22:09:40.3318191Z ok 194 - broker protocol schema accepts only a frozen JIT request shape
2026-10-10T22:09:40.3318780Z   ---
2026-10-10T22:09:40.3319059Z   duration_ms: 1.4198
2026-10-10T22:09:40.3319624Z   ...
2026-10-10T22:09:40.3320200Z # Subtest: broker protocol freezes signed quarantine recovery evidence
2026-10-10T22:09:40.3321030Z ok 195 - broker protocol freezes signed quarantine recovery evidence
2026-10-10T22:09:40.3321623Z   ---
2026-10-10T22:09:40.3321915Z   duration_ms: 0.9408
2026-10-10T22:09:40.3322239Z   ...
2026-10-10T22:09:40.3322842Z # Subtest: broker protocol rejects internal ledger fields in cleanup responses
2026-10-10T22:09:40.3323812Z ok 196 - broker protocol rejects internal ledger fields in cleanup responses
2026-10-10T22:09:40.3324430Z   ---
2026-10-10T22:09:40.3324729Z   duration_ms: 47.6347
2026-10-10T22:09:40.3325061Z   ...
2026-10-10T22:09:40.3325663Z # Subtest: broker lifecycle schema freezes cleanup and redacted-ledger fields
2026-10-10T22:09:40.3326628Z ok 197 - broker lifecycle schema freezes cleanup and redacted-ledger fields
2026-10-10T22:09:40.3327487Z   ---
2026-10-10T22:09:40.3327776Z   duration_ms: 1.3331
2026-10-10T22:09:40.3328110Z   ...
2026-10-10T22:09:40.3328743Z # Subtest: required exact-tarball profile is unflagged branded Chrome on win32
2026-10-10T22:09:40.3329718Z ok 198 - required exact-tarball profile is unflagged branded Chrome on win32
2026-10-10T22:09:40.3330328Z   ---
2026-10-10T22:09:40.3330575Z   duration_ms: 2.4033
2026-10-10T22:09:40.3330899Z   ...
2026-10-10T22:09:40.3331558Z # Subtest: probe exact-tarball profile defaults to flagged bundled Chromium on win32
2026-10-10T22:09:40.3332628Z ok 199 - probe exact-tarball profile defaults to flagged bundled Chromium on win32
2026-10-10T22:09:40.3333281Z   ---
2026-10-10T22:09:40.3333563Z   duration_ms: 1.6151
2026-10-10T22:09:40.3333869Z   ...
2026-10-10T22:09:40.3335585Z # Subtest: required exact-tarball profile is unflagged branded Chrome on darwin
2026-10-10T22:09:40.3336669Z ok 200 - required exact-tarball profile is unflagged branded Chrome on darwin
2026-10-10T22:09:40.3337312Z   ---
2026-10-10T22:09:40.3337588Z   duration_ms: 0.2687
2026-10-10T22:09:40.3337909Z   ...
2026-10-10T22:09:40.3338564Z # Subtest: probe exact-tarball profile defaults to flagged bundled Chromium on darwin
2026-10-10T22:09:40.3339998Z ok 201 - probe exact-tarball profile defaults to flagged bundled Chromium on darwin
2026-10-10T22:09:40.3340621Z   ---
2026-10-10T22:09:40.3340901Z   duration_ms: 0.2783
2026-10-10T22:09:40.3341183Z   ...
2026-10-10T22:09:40.3342120Z # Subtest: required exact-tarball profile is unflagged branded Chrome on linux
2026-10-10T22:09:40.3343078Z ok 202 - required exact-tarball profile is unflagged branded Chrome on linux
2026-10-10T22:09:40.3343672Z   ---
2026-10-10T22:09:40.3343959Z   duration_ms: 0.2651
2026-10-10T22:09:40.3344289Z   ...
2026-10-10T22:09:40.3344968Z # Subtest: probe exact-tarball profile defaults to flagged bundled Chromium on linux
2026-10-10T22:09:40.3346085Z ok 203 - probe exact-tarball profile defaults to flagged bundled Chromium on linux
2026-10-10T22:09:40.3346798Z   ---
2026-10-10T22:09:40.3347101Z   duration_ms: 0.3971
2026-10-10T22:09:40.3347485Z   ...
2026-10-10T22:09:40.3348141Z # Subtest: explicit probe Chrome is labeled as a flagged Chrome preflight
2026-10-10T22:09:40.3349033Z ok 204 - explicit probe Chrome is labeled as a flagged Chrome preflight
2026-10-10T22:09:40.3349594Z   ---
2026-10-10T22:09:40.3349871Z   duration_ms: 0.2767
2026-10-10T22:09:40.3350195Z   ...
2026-10-10T22:09:40.3350779Z # Subtest: required exact-tarball evidence rejects bundled Chromium
2026-10-10T22:09:40.3351687Z ok 205 - required exact-tarball evidence rejects bundled Chromium
2026-10-10T22:09:40.3352280Z   ---
2026-10-10T22:09:40.3352586Z   duration_ms: 0.7736
2026-10-10T22:09:40.3352918Z   ...
2026-10-10T22:09:40.3353464Z # Subtest: exact-tarball profile rejects unknown modes and channels
2026-10-10T22:09:40.3354294Z ok 206 - exact-tarball profile rejects unknown modes and channels
2026-10-10T22:09:40.3355208Z   ---
2026-10-10T22:09:40.3355529Z   duration_ms: 0.4946
2026-10-10T22:09:40.3355845Z   ...
2026-10-10T22:09:43.6638912Z # Subtest: publication contract inputs use canonical LF bytes
2026-10-10T22:09:43.6642663Z ok 207 - publication contract inputs use canonical LF bytes
2026-10-10T22:09:43.6645064Z   ---
2026-10-10T22:09:43.6648193Z   duration_ms: 2.736
2026-10-10T22:09:43.6651835Z   ...
2026-10-10T22:09:43.6761504Z # Subtest: canary accepts only fixed host/manual IDs and derives candidate and tag
2026-10-10T22:09:43.6785892Z ok 208 - canary accepts only fixed host/manual IDs and derives candidate and tag
2026-10-10T22:09:43.6861938Z   ---
2026-10-10T22:09:43.6863822Z   duration_ms: 36.6334
2026-10-10T22:09:43.6864918Z   ...
2026-10-10T22:09:43.6865704Z # Subtest: each canary selector rejects surrounding or embedded whitespace
2026-10-10T22:09:43.6866769Z ok 209 - each canary selector rejects surrounding or embedded whitespace
2026-10-10T22:09:43.6867506Z   ---
2026-10-10T22:09:43.6868467Z   duration_ms: 2069.3421
2026-10-10T22:09:43.6868947Z   ...
2026-10-10T22:09:43.6869735Z # Subtest: observer secret is isolated and canary cannot claim support readiness
2026-10-10T22:09:43.6870836Z ok 210 - observer secret is isolated and canary cannot claim support readiness
2026-10-10T22:09:43.6871984Z   ---
2026-10-10T22:09:43.6872419Z   duration_ms: 0.5454
2026-10-10T22:09:43.6872867Z   ...
2026-10-10T22:09:43.6873685Z # Subtest: immutable-release administration stays in the attested observer boundary
2026-10-10T22:09:43.6874915Z ok 211 - immutable-release administration stays in the attested observer boundary
2026-10-10T22:09:43.6875716Z   ---
2026-10-10T22:09:43.6876135Z   duration_ms: 0.3851
2026-10-10T22:09:43.6876599Z   ...
2026-10-10T22:09:43.6877347Z # Subtest: publisher has no checkout and carries an attested closed trust proof
2026-10-10T22:09:43.6878416Z ok 212 - publisher has no checkout and carries an attested closed trust proof
2026-10-10T22:09:43.6879182Z   ---
2026-10-10T22:09:43.6879713Z   duration_ms: 0.3561
2026-10-10T22:09:43.6880189Z   ...
2026-10-10T22:09:43.6881376Z # Subtest: publisher revalidates the complete observation and exact release environment approvals
2026-10-10T22:09:43.6882768Z ok 213 - publisher revalidates the complete observation and exact release environment approvals
2026-10-10T22:09:43.6883736Z   ---
2026-10-10T22:09:43.6884169Z   duration_ms: 0.4292
2026-10-10T22:09:43.6884619Z   ...
2026-10-10T22:09:43.6885418Z # Subtest: separate least-privilege job verifies and attests the exact canary record
2026-10-10T22:09:43.6886677Z ok 214 - separate least-privilege job verifies and attests the exact canary record
2026-10-10T22:09:43.6887503Z   ---
2026-10-10T22:09:43.6888399Z   duration_ms: 1.2981
2026-10-10T22:09:43.6889114Z   ...
2026-10-10T22:09:43.6890002Z # Subtest: canary publication and readiness share the exact record filename and schema
2026-10-10T22:09:43.6891530Z ok 215 - canary publication and readiness share the exact record filename and schema
2026-10-10T22:09:43.6896579Z   ---
2026-10-10T22:09:43.6897183Z   duration_ms: 17.8451
2026-10-10T22:09:43.6897686Z   ...
2026-10-10T22:09:43.6898563Z # Subtest: preflight, race, deletion, and readiness absence gates use 404-only validation
2026-10-10T22:09:43.6899882Z ok 216 - preflight, race, deletion, and readiness absence gates use 404-only validation
2026-10-10T22:09:43.6900745Z   ---
2026-10-10T22:09:43.6901492Z   duration_ms: 0.8284
2026-10-10T22:09:43.6901985Z   ...
2026-10-10T22:09:43.6902896Z # Subtest: publisher closes fresh intake bytes, publishes once, then verifies immutable API bytes
2026-10-10T22:09:43.6904215Z ok 217 - publisher closes fresh intake bytes, publishes once, then verifies immutable API bytes
2026-10-10T22:09:43.6905015Z   ---
2026-10-10T22:09:43.6905446Z   duration_ms: 1.5588
2026-10-10T22:09:43.6905886Z   ...
2026-10-10T22:09:43.6906656Z # Subtest: canary publisher rechecks both handoff expiries around the final absence race
2026-10-10T22:09:43.6908171Z ok 218 - canary publisher rechecks both handoff expiries around the final absence race
2026-10-10T22:09:43.6910037Z   ---
2026-10-10T22:09:43.6915636Z   duration_ms: 0.4098
2026-10-10T22:09:43.6916182Z   ...
2026-10-10T22:09:43.6917350Z # Subtest: every protected canary publisher inline module is syntactically valid
2026-10-10T22:09:43.6918568Z ok 219 - every protected canary publisher inline module is syntactically valid
2026-10-10T22:09:43.6919437Z   ---
2026-10-10T22:09:43.6920118Z   duration_ms: 1679.1237
2026-10-10T22:09:43.6920676Z   ...
2026-10-10T22:09:43.6921498Z # Subtest: every gh release subcommand has explicit repository context without checkout
2026-10-10T22:09:43.6923238Z ok 220 - every gh release subcommand has explicit repository context without checkout
2026-10-10T22:09:43.6925831Z   ---
2026-10-10T22:09:43.6932255Z   duration_ms: 3.7903
2026-10-10T22:09:43.6932783Z   ...
2026-10-10T22:09:43.6933760Z # Subtest: final verification precedes exact intake cleanup and the retained record is postpublication
2026-10-10T22:09:43.6936033Z ok 221 - final verification precedes exact intake cleanup and the retained record is postpublication
2026-10-10T22:09:43.6936932Z   ---
2026-10-10T22:09:43.6937603Z   duration_ms: 0.5233
2026-10-10T22:09:43.6938076Z   ...
2026-10-10T22:09:43.7051966Z # Subtest: fresh manual intake identity, metadata, API digests, and bytes close exactly
2026-10-10T22:09:43.7053580Z ok 222 - fresh manual intake identity, metadata, API digests, and bytes close exactly
2026-10-10T22:09:43.7055428Z   ---
2026-10-10T22:09:43.7055806Z   duration_ms: 3.8143
2026-10-10T22:09:43.7056353Z   ...
2026-10-10T22:09:43.7057044Z # Subtest: only an explicit GitHub 404 proves resource absence
2026-10-10T22:09:43.7058032Z ok 223 - only an explicit GitHub 404 proves resource absence
2026-10-10T22:09:43.7058746Z   ---
2026-10-10T22:09:43.7059197Z   duration_ms: 1.5571
2026-10-10T22:09:43.7059684Z   ...
2026-10-10T22:09:43.7060541Z # Subtest: post-publication record is non-support, immutable, paginated, and schema-valid
2026-10-10T22:09:43.7061963Z ok 224 - post-publication record is non-support, immutable, paginated, and schema-valid
2026-10-10T22:09:43.7062861Z   ---
2026-10-10T22:09:43.7063316Z   duration_ms: 25.977
2026-10-10T22:09:43.7063790Z   ...
2026-10-10T22:09:43.7064765Z # Subtest: prepublication identity drift, incomplete pagination, API mismatch, and early deletion fail
2026-10-10T22:09:43.7066283Z ok 225 - prepublication identity drift, incomplete pagination, API mismatch, and early deletion fail
2026-10-10T22:09:43.7067238Z   ---
2026-10-10T22:09:43.7101663Z   duration_ms: 7.6545
2026-10-10T22:09:43.7103745Z   ...
2026-10-10T22:09:45.6904238Z # Subtest: laboratory readiness accepts one package, four hosts, one manual canary, and one release
2026-10-10T22:09:45.6907588Z ok 226 - laboratory readiness accepts one package, four hosts, one manual canary, and one release
2026-10-10T22:09:45.6910294Z   ---
2026-10-10T22:09:45.6910814Z   duration_ms: 3.9968
2026-10-10T22:09:45.6911300Z   ...
2026-10-10T22:09:45.6916431Z # Subtest: all nine numeric selectors are gated before checkout and API path use
2026-10-10T22:09:45.6917719Z ok 227 - all nine numeric selectors are gated before checkout and API path use
2026-10-10T22:09:45.6919855Z   ---
2026-10-10T22:09:45.6920329Z   duration_ms: 1.8212
2026-10-10T22:09:45.6920823Z   ...
2026-10-10T22:09:45.6927663Z # Subtest: the workflow selector gate accepts only positive-decimal syntax at runtime
2026-10-10T22:09:45.6973270Z ok 228 - the workflow selector gate accepts only positive-decimal syntax at runtime
2026-10-10T22:09:45.6974683Z   ---
2026-10-10T22:09:45.6975740Z   duration_ms: 5352.0336
2026-10-10T22:09:45.6976381Z   ...
2026-10-10T22:09:45.6977406Z # Subtest: only observer receives trust secret and computation cannot schedule product lanes
2026-10-10T22:09:45.6978712Z ok 229 - only observer receives trust secret and computation cannot schedule product lanes
2026-10-10T22:09:45.6979679Z   ---
2026-10-10T22:09:45.6980116Z   duration_ms: 0.3901
2026-10-10T22:09:45.6980560Z   ...
2026-10-10T22:09:45.6981811Z # Subtest: immutable computation name, permissions, fixed artifact, and attestation are pinned
2026-10-10T22:09:45.6983085Z ok 230 - immutable computation name, permissions, fixed artifact, and attestation are pinned
2026-10-10T22:09:45.6984156Z   ---
2026-10-10T22:09:45.6984613Z   duration_ms: 0.4788
2026-10-10T22:09:45.6985137Z   ...
2026-10-10T22:09:45.6985912Z # Subtest: selected API run identities are carried into shared readiness validation
2026-10-10T22:09:45.6987149Z ok 231 - selected API run identities are carried into shared readiness validation
2026-10-10T22:09:45.6991558Z   ---
2026-10-10T22:09:45.6994198Z   duration_ms: 0.9975
2026-10-10T22:09:45.6997202Z   ...
2026-10-10T22:09:45.6998116Z # Subtest: fresh CLI verification is closed and retained in the readiness input
2026-10-10T22:09:45.6999374Z ok 232 - fresh CLI verification is closed and retained in the readiness input
2026-10-10T22:09:45.7000654Z   ---
2026-10-10T22:09:45.7001140Z   duration_ms: 0.4142
2026-10-10T22:09:45.7001652Z   ...
2026-10-10T22:09:45.7002571Z # Subtest: production computation validates the final manifest schema before writing
2026-10-10T22:09:45.7003930Z ok 233 - production computation validates the final manifest schema before writing
2026-10-10T22:09:45.7004863Z   ---
2026-10-10T22:09:45.7005373Z   duration_ms: 0.4677
2026-10-10T22:09:45.7005889Z   ...
2026-10-10T22:09:45.9239405Z # Subtest: lab digest binds plan-named files and the production dependency closure
2026-10-10T22:09:45.9242163Z ok 234 - lab digest binds plan-named files and the production dependency closure
2026-10-10T22:09:45.9248349Z   ---
2026-10-10T22:09:45.9250515Z   duration_ms: 3.4414
2026-10-10T22:09:45.9268262Z   ...
2026-10-10T22:09:45.9271816Z # Subtest: lab configuration rejects omitted dependencies and stale workflow inventories
2026-10-10T22:09:45.9273305Z ok 235 - lab configuration rejects omitted dependencies and stale workflow inventories
2026-10-10T22:09:45.9278703Z   ---
2026-10-10T22:09:45.9280534Z   duration_ms: 47.2086
2026-10-10T22:09:45.9285640Z   ...
2026-10-10T22:09:45.9293790Z # Subtest: readiness closes four hosts, generic manual canary, and immutable canary release
2026-10-10T22:09:45.9302614Z ok 236 - readiness closes four hosts, generic manual canary, and immutable canary release
2026-10-10T22:09:45.9308309Z   ---
2026-10-10T22:09:45.9310254Z   duration_ms: 174.8923
2026-10-10T22:09:45.9349418Z   ...
2026-10-10T22:09:45.9351884Z # Subtest: host evidence freshness accepts the exact window boundary and rejects stale or future instants
2026-10-10T22:09:45.9355427Z ok 237 - host evidence freshness accepts the exact window boundary and rejects stale or future instants
2026-10-10T22:09:45.9409650Z   ---
2026-10-10T22:09:45.9410298Z   duration_ms: 0.4738
2026-10-10T22:09:45.9410849Z   ...
2026-10-10T22:09:45.9411673Z # Subtest: manual canary freshness accepts 24h and rejects 24h plus 1ms
2026-10-10T22:09:45.9412910Z ok 238 - manual canary freshness accepts 24h and rejects 24h plus 1ms
2026-10-10T22:09:45.9413802Z   ---
2026-10-10T22:09:45.9414305Z   duration_ms: 282.5163
2026-10-10T22:09:45.9414860Z   ...
2026-10-10T22:09:45.9415893Z # Subtest: readiness recomputes diagnostic file and receipt hashes
2026-10-10T22:09:45.9417364Z ok 239 - readiness recomputes diagnostic file and receipt hashes
2026-10-10T22:09:45.9418221Z   ---
2026-10-10T22:09:45.9418746Z   duration_ms: 224.9547
2026-10-10T22:09:45.9419225Z   ...
2026-10-10T22:09:45.9419962Z # Subtest: readiness rejects stale host inventory and substituted mobile route declarations
2026-10-10T22:09:45.9421154Z ok 240 - readiness rejects stale host inventory and substituted mobile route declarations
2026-10-10T22:09:45.9421952Z   ---
2026-10-10T22:09:45.9422373Z   duration_ms: 457.9624
2026-10-10T22:09:45.9422808Z   ...
2026-10-10T22:09:45.9423472Z # Subtest: readiness rejects caller-selected or swapped host route pairs
2026-10-10T22:09:45.9424477Z ok 241 - readiness rejects caller-selected or swapped host route pairs
2026-10-10T22:09:45.9425592Z   ---
2026-10-10T22:09:45.9426037Z   duration_ms: 364.6532
2026-10-10T22:09:45.9426477Z   ...
2026-10-10T22:09:45.9427204Z # Subtest: readiness rejects runner policies before clean JIT canary activation
2026-10-10T22:09:45.9428229Z ok 242 - readiness rejects runner policies before clean JIT canary activation
2026-10-10T22:09:45.9428980Z   ---
2026-10-10T22:09:45.9429403Z   duration_ms: 223.2867
2026-10-10T22:09:45.9429849Z   ...
2026-10-10T22:09:45.9430640Z # Subtest: product promotion consumes only same-SHA package-bound attested readiness
2026-10-10T22:09:45.9431918Z ok 243 - product promotion consumes only same-SHA package-bound attested readiness
2026-10-10T22:09:45.9432701Z   ---
2026-10-10T22:09:45.9433116Z   duration_ms: 149.5626
2026-10-10T22:09:45.9433565Z   ...
2026-10-10T22:09:45.9434412Z # Subtest: unprovisioned inventory, product assertions, stale media, and wrong release fail
2026-10-10T22:09:45.9435969Z ok 244 - unprovisioned inventory, product assertions, stale media, and wrong release fail
2026-10-10T22:09:45.9437193Z   ---
2026-10-10T22:09:45.9437637Z   duration_ms: 750.7667
2026-10-10T22:09:45.9438092Z   ...
2026-10-10T22:09:45.9438960Z # Subtest: readiness rejects stale selected or embedded host/manual/publication identities
2026-10-10T22:09:45.9440290Z ok 245 - readiness rejects stale selected or embedded host/manual/publication identities
2026-10-10T22:09:45.9441122Z   ---
2026-10-10T22:09:45.9441549Z   duration_ms: 2710.4094
2026-10-10T22:09:45.9442019Z   ...
2026-10-10T22:09:45.9656419Z # Subtest: manual submission accepts only numeric IDs and canonical scalar JSON
2026-10-10T22:09:45.9658053Z ok 246 - manual submission accepts only numeric IDs and canonical scalar JSON
2026-10-10T22:09:45.9677488Z   ---
2026-10-10T22:09:45.9713668Z   duration_ms: 3.9459
2026-10-10T22:09:45.9715874Z   ...
2026-10-10T22:09:45.9720791Z # Subtest: paths, noncanonical JSON, duplicate IDs, and arbitrary identity fields fail
2026-10-10T22:09:45.9722359Z ok 247 - paths, noncanonical JSON, duplicate IDs, and arbitrary identity fields fail
2026-10-10T22:09:45.9723281Z   ---
2026-10-10T22:09:45.9723739Z   duration_ms: 8.2559
2026-10-10T22:09:45.9724242Z   ...
2026-10-10T22:09:45.9725045Z # Subtest: device matrix freezes six public Appium IDs without serials or UDIDs
2026-10-10T22:09:45.9726218Z ok 248 - device matrix freezes six public Appium IDs without serials or UDIDs
2026-10-10T22:09:45.9727039Z   ---
2026-10-10T22:09:45.9727504Z   duration_ms: 4.6514
2026-10-10T22:09:45.9728013Z   ...
2026-10-10T22:09:45.9728887Z # Subtest: checked manual checklists expose unique complete step IDs and isolate canary scope
2026-10-10T22:09:45.9730218Z ok 249 - checked manual checklists expose unique complete step IDs and isolate canary scope
2026-10-10T22:09:45.9731114Z   ---
2026-10-10T22:09:45.9731566Z   duration_ms: 2.4258
2026-10-10T22:09:45.9732073Z   ...
2026-10-10T22:09:45.9733044Z # Subtest: intake binds authenticated actor, exact package/checklist/asset, 128-bit challenge, and 24 hours
2026-10-10T22:09:45.9734679Z ok 250 - intake binds authenticated actor, exact package/checklist/asset, 128-bit challenge, and 24 hours
2026-10-10T22:09:45.9736003Z   ---
2026-10-10T22:09:45.9736484Z   duration_ms: 6.4022
2026-10-10T22:09:45.9737002Z   ...
2026-10-10T22:09:45.9738034Z # Subtest: intake selection requires exact active matrix, host, controller, attachment, and public device binding
2026-10-10T22:09:45.9739709Z ok 251 - intake selection requires exact active matrix, host, controller, attachment, and public device binding
2026-10-10T22:09:45.9740790Z   ---
2026-10-10T22:09:45.9741294Z   duration_ms: 24.0715
2026-10-10T22:09:45.9741774Z   ...
2026-10-10T22:09:45.9742699Z # Subtest: manual session is exactly 20 minutes, controller-signed, and cleanup-complete
2026-10-10T22:09:45.9744000Z ok 252 - manual session is exactly 20 minutes, controller-signed, and cleanup-complete
2026-10-10T22:09:45.9744968Z   ---
2026-10-10T22:09:45.9745408Z   duration_ms: 33.6245
2026-10-10T22:09:45.9746294Z   ...
2026-10-10T22:09:45.9747221Z # Subtest: all six mobile runtime observations survive signed-session schema validation
2026-10-10T22:09:45.9748486Z ok 253 - all six mobile runtime observations survive signed-session schema validation
2026-10-10T22:09:45.9749356Z   ---
2026-10-10T22:09:45.9749769Z   duration_ms: 26.8055
2026-10-10T22:09:45.9750266Z   ...
2026-10-10T22:09:45.9751312Z # Subtest: media and evidence require exact inventory, uploader, digest, window, steps, and independent actors
2026-10-10T22:09:45.9752884Z ok 254 - media and evidence require exact inventory, uploader, digest, window, steps, and independent actors
2026-10-10T22:09:45.9753942Z   ---
2026-10-10T22:09:45.9754413Z   duration_ms: 6.3441
2026-10-10T22:09:45.9754945Z   ...
2026-10-10T22:09:45.9756195Z # Subtest: finalizer verifies controller signature, exact job tuple, and absent runner
2026-10-10T22:09:45.9757799Z ok 255 - finalizer verifies controller signature, exact job tuple, and absent runner
2026-10-10T22:09:45.9758721Z   ---
2026-10-10T22:09:45.9759170Z   duration_ms: 11.5254
2026-10-10T22:09:45.9759647Z   ...
2026-10-10T22:09:45.9760476Z # Subtest: wrong job tuple, unpinned key, missing token, and five-minute presence fail
2026-10-10T22:09:45.9794417Z ok 256 - wrong job tuple, unpinned key, missing token, and five-minute presence fail
2026-10-10T22:09:45.9795444Z   ---
2026-10-10T22:09:45.9796315Z   duration_ms: 8.4988
2026-10-10T22:09:45.9796956Z   ...
2026-10-10T22:09:45.9797903Z # Subtest: manual promotion derives only challenge and intake digest from verified draft
2026-10-10T22:09:45.9799188Z ok 257 - manual promotion derives only challenge and intake digest from verified draft
2026-10-10T22:09:45.9800011Z   ---
2026-10-10T22:09:45.9800437Z   duration_ms: 5.1777
2026-10-10T22:09:45.9800886Z   ...
2026-10-10T22:09:45.9801678Z # Subtest: wrong actor, lane, expiry, package, or attestation fails before promotion
2026-10-10T22:09:45.9802877Z ok 258 - wrong actor, lane, expiry, package, or attestation fails before promotion
2026-10-10T22:09:45.9803644Z   ---
2026-10-10T22:09:45.9804052Z   duration_ms: 0.4328
2026-10-10T22:09:45.9804712Z   ...
2026-10-10T22:09:45.9805974Z # Subtest: submission produces closed evidence from draft, session, media, approval, and actors
2026-10-10T22:09:45.9808053Z ok 259 - submission produces closed evidence from draft, session, media, approval, and actors
2026-10-10T22:09:45.9808949Z   ---
2026-10-10T22:09:45.9809435Z   duration_ms: 6.5411
2026-10-10T22:09:45.9809956Z   ...
2026-10-10T22:09:45.9810878Z # Subtest: genuine producer, finalizer, preparer, and validator preserve signed record bytes
2026-10-10T22:09:45.9812280Z ok 260 - genuine producer, finalizer, preparer, and validator preserve signed record bytes
2026-10-10T22:09:45.9813175Z   ---
2026-10-10T22:09:45.9813641Z   duration_ms: 14.7836
2026-10-10T22:09:45.9814165Z   ...
2026-10-10T22:09:45.9815108Z # Subtest: infrastructure submission produces a non-support manual canary, not a product row
2026-10-10T22:09:45.9816650Z ok 261 - infrastructure submission produces a non-support manual canary, not a product row
2026-10-10T22:09:45.9817557Z   ---
2026-10-10T22:09:45.9817973Z   duration_ms: 5.8688
2026-10-10T22:09:45.9818501Z   ...
2026-10-10T22:09:45.9819452Z # Subtest: expired draft, self approval, implementation approval, or wrong finalizer fails
2026-10-10T22:09:45.9820799Z ok 262 - expired draft, self approval, implementation approval, or wrong finalizer fails
2026-10-10T22:09:45.9821676Z   ---
2026-10-10T22:09:45.9822194Z   duration_ms: 4.6008
2026-10-10T22:09:45.9822702Z   ...
2026-10-10T22:09:45.9823548Z # Subtest: manual evidence preserves every exact target-environment approval
2026-10-10T22:09:45.9824813Z ok 263 - manual evidence preserves every exact target-environment approval
2026-10-10T22:09:45.9825698Z   ---
2026-10-10T22:09:45.9826212Z   duration_ms: 1.3657
2026-10-10T22:09:45.9826750Z   ...
2026-10-10T22:09:45.9829328Z # Subtest: merger closes every required automated, mobile, and manual matrix row
2026-10-10T22:09:45.9830773Z ok 264 - merger closes every required automated, mobile, and manual matrix row
2026-10-10T22:09:45.9831675Z   ---
2026-10-10T22:09:45.9832196Z   duration_ms: 79.1203
2026-10-10T22:09:45.9832843Z   ...
2026-10-10T22:09:45.9833754Z # Subtest: evidence run ID input rejects whitespace, duplicates, and unsorted values
2026-10-10T22:09:45.9835079Z ok 265 - evidence run ID input rejects whitespace, duplicates, and unsorted values
2026-10-10T22:09:45.9836315Z   ---
2026-10-10T22:09:45.9836841Z   duration_ms: 0.749
2026-10-10T22:09:45.9837359Z   ...
2026-10-10T22:09:45.9838508Z # Subtest: prior head, other package, expired manual, missing, duplicate, and infra error fail
2026-10-10T22:09:45.9839914Z ok 266 - prior head, other package, expired manual, missing, duplicate, and infra error fail
2026-10-10T22:09:45.9840928Z   ---
2026-10-10T22:09:45.9841199Z   duration_ms: 389.2392
2026-10-10T22:09:45.9841516Z   ...
2026-10-10T22:09:45.9842169Z # Subtest: six physical Appium devices prove the exact nonce-bound browser route
2026-10-10T22:09:45.9843180Z ok 267 - six physical Appium devices prove the exact nonce-bound browser route
2026-10-10T22:09:45.9843812Z   ---
2026-10-10T22:09:45.9844091Z   duration_ms: 29.8838
2026-10-10T22:09:45.9844410Z   ...
2026-10-10T22:09:45.9845139Z # Subtest: declarations, incomplete device closure, and incomplete browser proof fail closed
2026-10-10T22:09:45.9846324Z ok 268 - declarations, incomplete device closure, and incomplete browser proof fail closed
2026-10-10T22:09:45.9847046Z   ---
2026-10-10T22:09:45.9847325Z   duration_ms: 3.1469
2026-10-10T22:09:45.9847660Z   ...
2026-10-10T22:09:45.9849043Z # Subtest: WebDriver executes route verification inside the navigated physical browser
2026-10-10T22:09:45.9850268Z ok 269 - WebDriver executes route verification inside the navigated physical browser
2026-10-10T22:09:45.9850978Z   ---
2026-10-10T22:09:45.9851302Z   duration_ms: 2.5657
2026-10-10T22:09:45.9851656Z   ...
2026-10-10T22:09:45.9852270Z # Subtest: pending bootstrap skips automatic protected-main packaging
2026-10-10T22:09:45.9853216Z ok 270 - pending bootstrap skips automatic protected-main packaging
2026-10-10T22:09:45.9853846Z   ---
2026-10-10T22:09:45.9854138Z   duration_ms: 3.2867
2026-10-10T22:09:45.9855176Z   ...
2026-10-10T22:09:45.9855704Z # Subtest: pending bootstrap rejects manual packaging
2026-10-10T22:09:45.9856424Z ok 271 - pending bootstrap rejects manual packaging
2026-10-10T22:09:45.9856895Z   ---
2026-10-10T22:09:45.9857179Z   duration_ms: 0.7449
2026-10-10T22:09:45.9857503Z   ...
2026-10-10T22:09:45.9858070Z # Subtest: active bootstrap enables automatic and manual packaging
2026-10-10T22:09:45.9858938Z ok 272 - active bootstrap enables automatic and manual packaging
2026-10-10T22:09:45.9859534Z   ---
2026-10-10T22:09:45.9859970Z   duration_ms: 0.3952
2026-10-10T22:09:45.9860304Z   ...
2026-10-10T22:09:45.9860775Z # Subtest: rejects pending bootstrap with an epoch
2026-10-10T22:09:45.9861462Z ok 273 - rejects pending bootstrap with an epoch
2026-10-10T22:09:45.9861961Z   ---
2026-10-10T22:09:45.9862276Z   duration_ms: 0.2773
2026-10-10T22:09:45.9862627Z   ...
2026-10-10T22:09:45.9863095Z # Subtest: rejects active bootstrap without an epoch
2026-10-10T22:09:45.9863788Z ok 274 - rejects active bootstrap without an epoch
2026-10-10T22:09:45.9864344Z   ---
2026-10-10T22:09:45.9864632Z   duration_ms: 0.2325
2026-10-10T22:09:45.9864977Z   ...
2026-10-10T22:09:45.9865363Z # Subtest: rejects unknown bootstrap state
2026-10-10T22:09:45.9865928Z ok 275 - rejects unknown bootstrap state
2026-10-10T22:09:45.9866353Z   ---
2026-10-10T22:09:45.9866652Z   duration_ms: 0.1814
2026-10-10T22:09:45.9866961Z   ...
2026-10-10T22:09:45.9867453Z # Subtest: every bootstrap state rejects an untrusted trigger
2026-10-10T22:09:45.9868326Z ok 276 - every bootstrap state rejects an untrusted trigger
2026-10-10T22:09:45.9868879Z   ---
2026-10-10T22:09:45.9869201Z   duration_ms: 0.3763
2026-10-10T22:09:45.9871249Z   ...
2026-10-10T22:09:45.9872119Z # Subtest: Playwright health probes the original live capture page and permits background state
2026-10-10T22:09:45.9873343Z ok 277 - Playwright health probes the original live capture page and permits background state
2026-10-10T22:09:45.9874036Z   ---
2026-10-10T22:09:45.9874349Z   duration_ms: 3.9948
2026-10-10T22:09:45.9875198Z   ...
2026-10-10T22:09:45.9876252Z # Subtest: Playwright health rejects closed, crashed, replacement, and unauthorized navigation
2026-10-10T22:09:45.9879913Z ok 278 - Playwright health rejects closed, crashed, replacement, and unauthorized navigation
2026-10-10T22:09:45.9880612Z   ---
2026-10-10T22:09:45.9881336Z   duration_ms: 2.3628
2026-10-10T22:09:45.9881644Z   ...
2026-10-10T22:09:45.9882147Z # Subtest: Playwright probe rejection and hang are bounded and sanitized
2026-10-10T22:09:45.9883374Z ok 279 - Playwright probe rejection and hang are bounded and sanitized
2026-10-10T22:09:45.9883920Z   ---
2026-10-10T22:09:45.9884208Z   duration_ms: 8.4719
2026-10-10T22:09:45.9884502Z   ...
2026-10-10T22:09:45.9885353Z # Subtest: manual intake is protected-main dispatch with closed checklist and asset choices
2026-10-10T22:09:45.9886679Z ok 280 - manual intake is protected-main dispatch with closed checklist and asset choices
2026-10-10T22:09:45.9887416Z   ---
2026-10-10T22:09:45.9901455Z   duration_ms: 2.6438
2026-10-10T22:09:45.9901905Z   ...
2026-10-10T22:09:45.9902584Z # Subtest: observer secret is isolated from independently approved intake writer
2026-10-10T22:09:45.9903609Z ok 281 - observer secret is isolated from independently approved intake writer
2026-10-10T22:09:45.9904254Z   ---
2026-10-10T22:09:45.9904535Z   duration_ms: 1.4087
2026-10-10T22:09:45.9904848Z   ...
2026-10-10T22:09:45.9905590Z # Subtest: intake resolves package hash, derives actor/challenge, attests, and writes one draft
2026-10-10T22:09:45.9906819Z ok 282 - intake resolves package hash, derives actor/challenge, attests, and writes one draft
2026-10-10T22:09:45.9907532Z   ---
2026-10-10T22:09:45.9907852Z   duration_ms: 0.3449
2026-10-10T22:09:45.9908164Z   ...
2026-10-10T22:09:45.9908933Z # Subtest: package manifest provenance is joined to the resolved API run before intake mutation
2026-10-10T22:09:45.9910128Z ok 283 - package manifest provenance is joined to the resolved API run before intake mutation
2026-10-10T22:09:45.9910843Z   ---
2026-10-10T22:09:45.9911121Z   duration_ms: 0.281
2026-10-10T22:09:45.9911429Z   ...
2026-10-10T22:09:45.9912217Z # Subtest: intake writer revalidates the exact unexpired observation immediately before attestation
2026-10-10T22:09:45.9913477Z ok 284 - intake writer revalidates the exact unexpired observation immediately before attestation
2026-10-10T22:09:45.9914218Z   ---
2026-10-10T22:09:45.9914489Z   duration_ms: 0.2316
2026-10-10T22:09:45.9915046Z   ...
2026-10-10T22:09:46.0389523Z # Subtest: supported and canary candidates require exact main, immutable setting, and absent tag
2026-10-10T22:09:46.0392756Z ok 285 - supported and canary candidates require exact main, immutable setting, and absent tag
2026-10-10T22:09:46.0393926Z   ---
2026-10-10T22:09:46.0394488Z   duration_ms: 3.5739
2026-10-10T22:09:46.0396476Z   ...
2026-10-10T22:09:46.0407741Z # Subtest: publisher, self approval, implementer approval, drift, and existing release fail
2026-10-10T22:09:46.0446178Z ok 286 - publisher, self approval, implementer approval, drift, and existing release fail
2026-10-10T22:09:46.0454746Z   ---
2026-10-10T22:09:46.0473034Z   duration_ms: 1.3132
2026-10-10T22:09:46.0486760Z   ...
2026-10-10T22:09:46.0520678Z # Subtest: publisher counts only exact forge3d-web-release approvals
2026-10-10T22:09:46.0524638Z ok 287 - publisher counts only exact forge3d-web-release approvals
2026-10-10T22:09:46.0552810Z   ---
2026-10-10T22:09:46.0553365Z   duration_ms: 1.0693
2026-10-10T22:09:46.0553863Z   ...
2026-10-10T22:09:46.0557931Z # Subtest: preflight is exact-consumer, independently approved, and expires in 30 minutes
2026-10-10T22:09:46.0560085Z ok 288 - preflight is exact-consumer, independently approved, and expires in 30 minutes
2026-10-10T22:09:46.0561417Z   ---
2026-10-10T22:09:46.0561719Z   duration_ms: 4.7467
2026-10-10T22:09:46.0562049Z   ...
2026-10-10T22:09:46.0562789Z # Subtest: publication handoff rejects readiness, asset, mode, and lifetime substitutions
2026-10-10T22:09:46.0563992Z ok 289 - publication handoff rejects readiness, asset, mode, and lifetime substitutions
2026-10-10T22:09:46.0564744Z   ---
2026-10-10T22:09:46.0565047Z   duration_ms: 3.6642
2026-10-10T22:09:46.0565376Z   ...
2026-10-10T22:09:46.0565919Z # Subtest: GitHub resource absence requires an explicit HTTP 404
2026-10-10T22:09:46.0567148Z ok 290 - GitHub resource absence requires an explicit HTTP 404
2026-10-10T22:09:46.0567721Z   ---
2026-10-10T22:09:46.0568423Z   duration_ms: 1.3389
2026-10-10T22:09:46.0568784Z   ...
2026-10-10T22:09:46.0569482Z # Subtest: GitHub resource absence fails closed on transport and malformed status
2026-10-10T22:09:46.0570560Z ok 291 - GitHub resource absence fails closed on transport and malformed status
2026-10-10T22:09:46.0571236Z   ---
2026-10-10T22:09:46.0571566Z   duration_ms: 1.8749
2026-10-10T22:09:46.0571916Z   ...
2026-10-10T22:09:46.0578571Z # Subtest: supported manual media is re-bound to the exact still-draft intake and bytes
2026-10-10T22:09:46.0581740Z ok 292 - supported manual media is re-bound to the exact still-draft intake and bytes
2026-10-10T22:09:46.0583473Z   ---
2026-10-10T22:09:46.0583798Z   duration_ms: 3.5815
2026-10-10T22:09:46.0584147Z   ...
2026-10-10T22:09:46.0584945Z # Subtest: missing, swapped, overwritten, and API-digest-mismatched intake media fail closed
2026-10-10T22:09:46.0586302Z ok 293 - missing, swapped, overwritten, and API-digest-mismatched intake media fail closed
2026-10-10T22:09:46.0587451Z   ---
2026-10-10T22:09:46.0587765Z   duration_ms: 2.6498
2026-10-10T22:09:46.0588096Z   ...
2026-10-10T22:09:46.0588820Z # Subtest: candidate record is schema-valid and makes no post-publication CLI claims
2026-10-10T22:09:46.0589939Z ok 294 - candidate record is schema-valid and makes no post-publication CLI claims
2026-10-10T22:09:46.0590632Z   ---
2026-10-10T22:09:46.0590944Z   duration_ms: 21.9914
2026-10-10T22:09:46.0591289Z   ...
2026-10-10T22:09:46.0592108Z # Subtest: post-publication record retains exact CLI JSON digests and immutable release identity
2026-10-10T22:09:46.0593452Z ok 295 - post-publication record retains exact CLI JSON digests and immutable release identity
2026-10-10T22:09:46.0594249Z   ---
2026-10-10T22:09:46.0594561Z   duration_ms: 3.4064
2026-10-10T22:09:46.0594906Z   ...
2026-10-10T22:09:46.0595625Z # Subtest: early intake deletion, absent CLI output, and publication schema drift fail
2026-10-10T22:09:46.0596790Z ok 296 - early intake deletion, absent CLI output, and publication schema drift fail
2026-10-10T22:09:46.0597559Z   ---
2026-10-10T22:09:46.0597875Z   duration_ms: 6.5867
2026-10-10T22:09:46.0598224Z   ...
2026-10-10T22:09:46.0599088Z # Subtest: post-publication record rejects missing, non-positive, or drifted publication run identity
2026-10-10T22:09:46.0600542Z ok 297 - post-publication record rejects missing, non-positive, or drifted publication run identity
2026-10-10T22:09:46.0601383Z   ---
2026-10-10T22:09:46.0601697Z   duration_ms: 17.3011
2026-10-10T22:09:46.0602034Z   ...
2026-10-10T22:09:46.0838564Z # Subtest: emits and verifies a canonical, exact-consumer observation
2026-10-10T22:09:46.0855534Z ok 298 - emits and verifies a canonical, exact-consumer observation
2026-10-10T22:09:46.0874192Z   ---
2026-10-10T22:09:46.0884125Z   duration_ms: 32.4534
2026-10-10T22:09:46.0903470Z   ...
2026-10-10T22:09:46.0908586Z # Subtest: rejects observation with wrong operation
2026-10-10T22:09:46.0909863Z ok 299 - rejects observation with wrong operation
2026-10-10T22:09:46.0912107Z   ---
2026-10-10T22:09:46.0913374Z   duration_ms: 3.1129
2026-10-10T22:09:46.0919898Z   ...
2026-10-10T22:09:46.0920678Z # Subtest: rejects observation with wrong run attempt
2026-10-10T22:09:46.0921842Z ok 300 - rejects observation with wrong run attempt
2026-10-10T22:09:46.0922524Z   ---
2026-10-10T22:09:46.0923013Z   duration_ms: 1.4337
2026-10-10T22:09:46.0923508Z   ...
2026-10-10T22:09:46.0924091Z # Subtest: rejects observation with wrong target
2026-10-10T22:09:46.0924885Z ok 301 - rejects observation with wrong target
2026-10-10T22:09:46.0925515Z   ---
2026-10-10T22:09:46.0925934Z   duration_ms: 1.2913
2026-10-10T22:09:46.0926414Z   ...
2026-10-10T22:09:46.0927002Z # Subtest: rejects observation with wrong consumer
2026-10-10T22:09:46.0927820Z ok 302 - rejects observation with wrong consumer
2026-10-10T22:09:46.0928439Z   ---
2026-10-10T22:09:46.0928904Z   duration_ms: 1.5248
2026-10-10T22:09:46.0929420Z   ...
2026-10-10T22:09:46.0930397Z # Subtest: rejects observation with extra consumer
2026-10-10T22:09:46.0931201Z ok 303 - rejects observation with extra consumer
2026-10-10T22:09:46.0931833Z   ---
2026-10-10T22:09:46.0932306Z   duration_ms: 1.3022
2026-10-10T22:09:46.0932824Z   ...
2026-10-10T22:09:46.0933434Z # Subtest: rejects observation with expired validity
2026-10-10T22:09:46.0934267Z ok 304 - rejects observation with expired validity
2026-10-10T22:09:46.0935072Z   ---
2026-10-10T22:09:46.0935590Z   duration_ms: 1.4416
2026-10-10T22:09:46.0936128Z   ...
2026-10-10T22:09:46.0936761Z # Subtest: rejects observation with policy digest
2026-10-10T22:09:46.0937552Z ok 305 - rejects observation with policy digest
2026-10-10T22:09:46.0938167Z   ---
2026-10-10T22:09:46.0938627Z   duration_ms: 2.0828
2026-10-10T22:09:46.0939128Z   ...
2026-10-10T22:09:46.0939790Z # Subtest: rejects observation with stale required-check SHA
2026-10-10T22:09:46.0940707Z ok 306 - rejects observation with stale required-check SHA
2026-10-10T22:09:46.0941385Z   ---
2026-10-10T22:09:46.0942311Z   duration_ms: 1.4521
2026-10-10T22:09:46.0942818Z   ...
2026-10-10T22:09:46.0943523Z # Subtest: rejects observation with wrong required-check app id
2026-10-10T22:09:46.0944460Z ok 307 - rejects observation with wrong required-check app id
2026-10-10T22:09:46.0945183Z   ---
2026-10-10T22:09:46.0945656Z   duration_ms: 1.4288
2026-10-10T22:09:46.0946142Z   ...
2026-10-10T22:09:46.0946843Z # Subtest: rejects observation with wrong required-check app slug
2026-10-10T22:09:46.0947850Z ok 308 - rejects observation with wrong required-check app slug
2026-10-10T22:09:46.0948623Z   ---
2026-10-10T22:09:46.0949115Z   duration_ms: 1.3126
2026-10-10T22:09:46.0950056Z   ...
2026-10-10T22:09:46.0950773Z # Subtest: rejects observation with duplicate required-check id
2026-10-10T22:09:46.0951716Z ok 309 - rejects observation with duplicate required-check id
2026-10-10T22:09:46.0952428Z   ---
2026-10-10T22:09:46.0952919Z   duration_ms: 1.2007
2026-10-10T22:09:46.0953630Z   ...
2026-10-10T22:09:46.0954248Z # Subtest: rejects observation with missing check-runs live response
2026-10-10T22:09:46.0955131Z ok 310 - rejects observation with missing check-runs live response
2026-10-10T22:09:46.0955708Z   ---
2026-10-10T22:09:46.0956001Z   duration_ms: 1.3171
2026-10-10T22:09:46.0956306Z   ...
2026-10-10T22:09:46.0956967Z # Subtest: release observations bind immutable semantics and the exact live response
2026-10-10T22:09:46.0958034Z ok 311 - release observations bind immutable semantics and the exact live response
2026-10-10T22:09:46.0958684Z   ---
2026-10-10T22:09:46.0958960Z   duration_ms: 2.8218
2026-10-10T22:09:46.0959270Z   ...
2026-10-10T22:09:46.0960383Z # Subtest: rejects release observation with disabled release immutability
2026-10-10T22:09:46.0961832Z ok 312 - rejects release observation with disabled release immutability
2026-10-10T22:09:46.0962495Z   ---
2026-10-10T22:09:46.0963315Z   duration_ms: 2.1982
2026-10-10T22:09:46.0963787Z   ...
2026-10-10T22:09:46.0964565Z # Subtest: rejects release observation with missing release immutability state
2026-10-10T22:09:46.0966804Z ok 313 - rejects release observation with missing release immutability state
2026-10-10T22:09:46.0967646Z   ---
2026-10-10T22:09:46.0968077Z   duration_ms: 2.5785
2026-10-10T22:09:46.0968517Z   ...
2026-10-10T22:09:46.0969382Z # Subtest: rejects release observation with malformed release immutability owner enforcement
2026-10-10T22:09:46.0970712Z ok 314 - rejects release observation with malformed release immutability owner enforcement
2026-10-10T22:09:46.0971565Z   ---
2026-10-10T22:09:46.0971971Z   duration_ms: 1.4762
2026-10-10T22:09:46.0972411Z   ...
2026-10-10T22:09:46.0973214Z # Subtest: rejects release observation with missing immutable-releases live response
2026-10-10T22:09:46.0974423Z ok 315 - rejects release observation with missing immutable-releases live response
2026-10-10T22:09:46.0975204Z   ---
2026-10-10T22:09:46.0975608Z   duration_ms: 1.5158
2026-10-10T22:09:46.0976265Z   ...
2026-10-10T22:09:46.0977062Z # Subtest: rejects release observation with mismatched immutable-releases endpoint
2026-10-10T22:09:46.0978235Z ok 316 - rejects release observation with mismatched immutable-releases endpoint
2026-10-10T22:09:46.0979009Z   ---
2026-10-10T22:09:46.0979416Z   duration_ms: 1.3277
2026-10-10T22:09:46.0979854Z   ...
2026-10-10T22:09:46.0980566Z # Subtest: rejects immutable-release state on a non-release observation
2026-10-10T22:09:46.0981947Z ok 317 - rejects immutable-release state on a non-release observation
2026-10-10T22:09:46.0982685Z   ---
2026-10-10T22:09:46.0983097Z   duration_ms: 1.6234
2026-10-10T22:09:46.0983534Z   ...
2026-10-10T22:09:46.0984089Z # Subtest: rejects non-canonical observation bytes
2026-10-10T22:09:46.0984862Z ok 318 - rejects non-canonical observation bytes
2026-10-10T22:09:46.0985444Z   ---
2026-10-10T22:09:46.0985843Z   duration_ms: 0.8382
2026-10-10T22:09:46.0986381Z   ...
2026-10-10T22:09:46.0987147Z # Subtest: rejects an otherwise valid observation after its independent expiry
2026-10-10T22:09:46.0988244Z ok 319 - rejects an otherwise valid observation after its independent expiry
2026-10-10T22:09:46.0989296Z   ---
2026-10-10T22:09:46.0989856Z   duration_ms: 1.4345
2026-10-10T22:09:46.0990317Z   ...
2026-10-10T22:09:46.0991015Z # Subtest: validates the exact artifact ID/name/digest/content tuple
2026-10-10T22:09:46.0991997Z ok 320 - validates the exact artifact ID/name/digest/content tuple
2026-10-10T22:09:46.0992684Z   ---
2026-10-10T22:09:46.0993091Z   duration_ms: 9.98
2026-10-10T22:09:46.0993520Z   ...
2026-10-10T22:09:46.0994253Z # Subtest: rejects missing, zero, uppercase, and malformed observer outputs
2026-10-10T22:09:46.0995316Z ok 321 - rejects missing, zero, uppercase, and malformed observer outputs
2026-10-10T22:09:46.0996066Z   ---
2026-10-10T22:09:46.0996619Z   duration_ms: 0.4741
2026-10-10T22:09:46.0997387Z   ...
2026-10-10T22:09:46.0998847Z # Subtest: rejects an archive with multiple members
2026-10-10T22:09:46.0999843Z ok 322 - rejects an archive with multiple members
2026-10-10T22:09:46.1000531Z   ---
2026-10-10T22:09:46.1001060Z   duration_ms: 1.3426
2026-10-10T22:09:46.1001575Z   ...
2026-10-10T22:09:46.1002357Z # Subtest: publisher proof closes every nested observation binding
2026-10-10T22:09:46.1003410Z ok 323 - publisher proof closes every nested observation binding
2026-10-10T22:09:46.1004161Z   ---
2026-10-10T22:09:46.1004624Z   duration_ms: 2.7629
2026-10-10T22:09:46.1005550Z   ...
2026-10-10T22:09:46.1610855Z # Subtest: checked policy remains explicitly incomplete before the protected-main canary
2026-10-10T22:09:46.1619947Z ok 324 - checked policy remains explicitly incomplete before the protected-main canary
2026-10-10T22:09:46.1637524Z   ---
2026-10-10T22:09:46.1640765Z   duration_ms: 4.0678
2026-10-10T22:09:46.1645618Z   ...
2026-10-10T22:09:46.1653145Z # Subtest: accepts the exact active protected-main snapshot
2026-10-10T22:09:46.1655338Z ok 325 - accepts the exact active protected-main snapshot
2026-10-10T22:09:46.1658623Z   ---
2026-10-10T22:09:46.1660040Z   duration_ms: 24.4951
2026-10-10T22:09:46.1665655Z   ...
2026-10-10T22:09:46.1666910Z # Subtest: only exact publication and readiness operations require immutable releases
2026-10-10T22:09:46.1746820Z ok 326 - only exact publication and readiness operations require immutable releases
2026-10-10T22:09:46.1758566Z   ---
2026-10-10T22:09:46.1809793Z   duration_ms: 0.367
2026-10-10T22:09:46.1810410Z   ...
2026-10-10T22:09:46.1901114Z # Subtest: release-setting snapshots retain both immutable-release semantics
2026-10-10T22:09:46.1902479Z ok 327 - release-setting snapshots retain both immutable-release semantics
2026-10-10T22:09:46.1903365Z   ---
2026-10-10T22:09:46.1903863Z   duration_ms: 0.5064
2026-10-10T22:09:46.1904394Z   ...
2026-10-10T22:09:46.1905379Z # Subtest: live release verification binds immutable releases through the observer-only current API
2026-10-10T22:09:46.1908633Z ok 328 - live release verification binds immutable releases through the observer-only current API
2026-10-10T22:09:46.1909690Z   ---
2026-10-10T22:09:46.1910228Z   duration_ms: 2.5472
2026-10-10T22:09:46.1910765Z   ...
2026-10-10T22:09:46.1911672Z # Subtest: live non-release verification preserves the original nine-response contract
2026-10-10T22:09:46.1913580Z ok 329 - live non-release verification preserves the original nine-response contract
2026-10-10T22:09:46.1914544Z   ---
2026-10-10T22:09:46.1915083Z   duration_ms: 2.8722
2026-10-10T22:09:46.1915617Z   ...
2026-10-10T22:09:46.1916519Z # Subtest: live verification requires distinct observer and workflow credentials
2026-10-10T22:09:46.1917864Z ok 330 - live verification requires distinct observer and workflow credentials
2026-10-10T22:09:46.1918694Z   ---
2026-10-10T22:09:46.1919228Z   duration_ms: 0.8637
2026-10-10T22:09:46.1919569Z   ...
2026-10-10T22:09:46.1920143Z # Subtest: live verification rejects an incomplete workflow-run page
2026-10-10T22:09:46.1921063Z ok 331 - live verification rejects an incomplete workflow-run page
2026-10-10T22:09:46.1921670Z   ---
2026-10-10T22:09:46.1921998Z   duration_ms: 0.8528
2026-10-10T22:09:46.1922330Z   ...
2026-10-10T22:09:46.1922932Z # Subtest: live verification rejects duplicate matching workflow runs
2026-10-10T22:09:46.1923879Z ok 332 - live verification rejects duplicate matching workflow runs
2026-10-10T22:09:46.1924472Z   ---
2026-10-10T22:09:46.1924745Z   duration_ms: 1.1089
2026-10-10T22:09:46.1925056Z   ...
2026-10-10T22:09:46.1925537Z # Subtest: live verification rejects a failed workflow run
2026-10-10T22:09:46.1926249Z ok 333 - live verification rejects a failed workflow run
2026-10-10T22:09:46.1926724Z   ---
2026-10-10T22:09:46.1926992Z   duration_ms: 0.9092
2026-10-10T22:09:46.1927299Z   ...
2026-10-10T22:09:46.1927939Z # Subtest: live verification rejects a workflow run without a positive integer id
2026-10-10T22:09:46.1929015Z ok 334 - live verification rejects a workflow run without a positive integer id
2026-10-10T22:09:46.1929802Z   ---
2026-10-10T22:09:46.1930107Z   duration_ms: 0.9885
2026-10-10T22:09:46.1930460Z   ...
2026-10-10T22:09:46.1930917Z # Subtest: fails closed when repository id changes
2026-10-10T22:09:46.1931574Z ok 335 - fails closed when repository id changes
2026-10-10T22:09:46.1932085Z   ---
2026-10-10T22:09:46.1932714Z   duration_ms: 0.4215
2026-10-10T22:09:46.1933063Z   ...
2026-10-10T22:09:46.1933482Z # Subtest: fails closed when strict checks changes
2026-10-10T22:09:46.1934063Z ok 336 - fails closed when strict checks changes
2026-10-10T22:09:46.1934471Z   ---
2026-10-10T22:09:46.1934698Z   duration_ms: 0.3351
2026-10-10T22:09:46.1934898Z   ...
2026-10-10T22:09:46.1935173Z # Subtest: fails closed when any-source check changes
2026-10-10T22:09:46.1935565Z ok 337 - fails closed when any-source check changes
2026-10-10T22:09:46.1935843Z   ---
2026-10-10T22:09:46.1936012Z   duration_ms: 0.4406
2026-10-10T22:09:46.1936201Z   ...
2026-10-10T22:09:46.1936456Z # Subtest: fails closed when source app changes
2026-10-10T22:09:46.1937090Z ok 338 - fails closed when source app changes
2026-10-10T22:09:46.1937522Z   ---
2026-10-10T22:09:46.1937803Z   duration_ms: 0.3856
2026-10-10T22:09:46.1938121Z   ...
2026-10-10T22:09:46.1938612Z # Subtest: fails closed when stale review dismissal changes
2026-10-10T22:09:46.1939366Z ok 339 - fails closed when stale review dismissal changes
2026-10-10T22:09:46.1939869Z   ---
2026-10-10T22:09:46.1940185Z   duration_ms: 0.5318
2026-10-10T22:09:46.1940491Z   ...
2026-10-10T22:09:46.1941012Z # Subtest: fails closed when required approving reviews changes
2026-10-10T22:09:46.1941810Z ok 340 - fails closed when required approving reviews changes
2026-10-10T22:09:46.1942357Z   ---
2026-10-10T22:09:46.1942641Z   duration_ms: 0.3725
2026-10-10T22:09:46.1942972Z   ...
2026-10-10T22:09:46.1943475Z # Subtest: fails closed when latest push approval changes
2026-10-10T22:09:46.1944218Z ok 341 - fails closed when latest push approval changes
2026-10-10T22:09:46.1945843Z   ---
2026-10-10T22:09:46.1946171Z   duration_ms: 0.5399
2026-10-10T22:09:46.1946516Z   ...
2026-10-10T22:09:46.1947054Z # Subtest: fails closed when conversation resolution changes
2026-10-10T22:09:46.1947857Z ok 342 - fails closed when conversation resolution changes
2026-10-10T22:09:46.1948360Z   ---
2026-10-10T22:09:46.1948656Z   duration_ms: 0.5265
2026-10-10T22:09:46.1949007Z   ...
2026-10-10T22:09:46.1949499Z # Subtest: fails closed when admin enforcement changes
2026-10-10T22:09:46.1950704Z ok 343 - fails closed when admin enforcement changes
2026-10-10T22:09:46.1951502Z   ---
2026-10-10T22:09:46.1951801Z   duration_ms: 0.5187
2026-10-10T22:09:46.1952112Z   ...
2026-10-10T22:09:46.1952833Z # Subtest: fails closed when force pushes changes
2026-10-10T22:09:46.1953529Z ok 344 - fails closed when force pushes changes
2026-10-10T22:09:46.1954003Z   ---
2026-10-10T22:09:46.1954299Z   duration_ms: 0.3572
2026-10-10T22:09:46.1954632Z   ...
2026-10-10T22:09:46.1955114Z # Subtest: fails closed when branch deletion changes
2026-10-10T22:09:46.1955706Z ok 345 - fails closed when branch deletion changes
2026-10-10T22:09:46.1956128Z   ---
2026-10-10T22:09:46.1956393Z   duration_ms: 0.3373
2026-10-10T22:09:46.1956673Z   ...
2026-10-10T22:09:46.1957055Z # Subtest: fails closed when bypass actor changes
2026-10-10T22:09:46.1957643Z ok 346 - fails closed when bypass actor changes
2026-10-10T22:09:46.1958073Z   ---
2026-10-10T22:09:46.1958335Z   duration_ms: 0.3558
2026-10-10T22:09:46.1958621Z   ...
2026-10-10T22:09:46.1959018Z # Subtest: fails closed when failed check changes
2026-10-10T22:09:46.1959603Z ok 347 - fails closed when failed check changes
2026-10-10T22:09:46.1960025Z   ---
2026-10-10T22:09:46.1960323Z   duration_ms: 0.3408
2026-10-10T22:09:46.1960641Z   ...
2026-10-10T22:09:46.1961115Z # Subtest: fails closed when missing check run changes
2026-10-10T22:09:46.1961757Z ok 348 - fails closed when missing check run changes
2026-10-10T22:09:46.1962250Z   ---
2026-10-10T22:09:46.1962559Z   duration_ms: 0.5076
2026-10-10T22:09:46.1963144Z   ...
2026-10-10T22:09:46.1964634Z # Subtest: fails closed when duplicate check run changes
2026-10-10T22:09:46.1965395Z ok 349 - fails closed when duplicate check run changes
2026-10-10T22:09:46.1965849Z   ---
2026-10-10T22:09:46.1966119Z   duration_ms: 0.4106
2026-10-10T22:09:46.1966407Z   ...
2026-10-10T22:09:46.1966848Z # Subtest: fails closed when duplicate workflow job changes
2026-10-10T22:09:46.1967518Z ok 350 - fails closed when duplicate workflow job changes
2026-10-10T22:09:46.1967985Z   ---
2026-10-10T22:09:46.1968248Z   duration_ms: 0.642
2026-10-10T22:09:46.1968531Z   ...
2026-10-10T22:09:46.1968970Z # Subtest: fails closed when stale check-run SHA changes
2026-10-10T22:09:46.1970230Z ok 351 - fails closed when stale check-run SHA changes
2026-10-10T22:09:46.1970698Z   ---
2026-10-10T22:09:46.1970976Z   duration_ms: 0.5595
2026-10-10T22:09:46.1971315Z   ...
2026-10-10T22:09:46.1971798Z # Subtest: fails closed when stale workflow-job SHA changes
2026-10-10T22:09:46.1972730Z ok 352 - fails closed when stale workflow-job SHA changes
2026-10-10T22:09:46.1973218Z   ---
2026-10-10T22:09:46.1973479Z   duration_ms: 0.4483
2026-10-10T22:09:46.1973768Z   ...
2026-10-10T22:09:46.1974176Z # Subtest: fails closed when check-run app id changes
2026-10-10T22:09:46.1974782Z ok 353 - fails closed when check-run app id changes
2026-10-10T22:09:46.1975222Z   ---
2026-10-10T22:09:46.1975480Z   duration_ms: 0.3616
2026-10-10T22:09:46.1975762Z   ...
2026-10-10T22:09:46.1976172Z # Subtest: fails closed when check-run app slug changes
2026-10-10T22:09:46.1976782Z ok 354 - fails closed when check-run app slug changes
2026-10-10T22:09:46.1977225Z   ---
2026-10-10T22:09:46.1977489Z   duration_ms: 0.3685
2026-10-10T22:09:46.1977783Z   ...
2026-10-10T22:09:46.1978295Z # Subtest: fails closed when workflow-job/check-run binding changes
2026-10-10T22:09:46.1980455Z ok 355 - fails closed when workflow-job/check-run binding changes
2026-10-10T22:09:46.1993787Z   ---
2026-10-10T22:09:46.1994149Z   duration_ms: 0.3585
2026-10-10T22:09:46.1994512Z   ...
2026-10-10T22:09:46.1995081Z # Subtest: fails closed when partial check-run response changes
2026-10-10T22:09:46.1995938Z ok 356 - fails closed when partial check-run response changes
2026-10-10T22:09:46.1996496Z   ---
2026-10-10T22:09:46.1996792Z   duration_ms: 0.6111
2026-10-10T22:09:46.1997114Z   ...
2026-10-10T22:09:46.1997720Z # Subtest: fails closed when checked required-check app identity changes
2026-10-10T22:09:46.1998655Z ok 357 - fails closed when checked required-check app identity changes
2026-10-10T22:09:46.1999249Z   ---
2026-10-10T22:09:46.1999542Z   duration_ms: 0.3435
2026-10-10T22:09:46.1999868Z   ...
2026-10-10T22:09:46.2000299Z # Subtest: fails closed when SHA pinning changes
2026-10-10T22:09:46.2000903Z ok 358 - fails closed when SHA pinning changes
2026-10-10T22:09:46.2001338Z   ---
2026-10-10T22:09:46.2001646Z   duration_ms: 0.534
2026-10-10T22:09:46.2001967Z   ...
2026-10-10T22:09:46.2002374Z # Subtest: fails closed when epoch changes
2026-10-10T22:09:46.2002966Z ok 359 - fails closed when epoch changes
2026-10-10T22:09:46.2003894Z   ---
2026-10-10T22:09:46.2004220Z   duration_ms: 0.3428
2026-10-10T22:09:46.2004856Z   ...
2026-10-10T22:09:46.2006815Z # Subtest: fails closed when disabled release immutability changes
2026-10-10T22:09:46.2007713Z ok 360 - fails closed when disabled release immutability changes
2026-10-10T22:09:46.2008277Z   ---
2026-10-10T22:09:46.2008572Z   duration_ms: 0.3605
2026-10-10T22:09:46.2008893Z   ...
2026-10-10T22:09:46.2009488Z # Subtest: fails closed when missing release immutability state changes
2026-10-10T22:09:46.2010391Z ok 361 - fails closed when missing release immutability state changes
2026-10-10T22:09:46.2010973Z   ---
2026-10-10T22:09:46.2011265Z   duration_ms: 0.4123
2026-10-10T22:09:46.2011595Z   ...
2026-10-10T22:09:46.2012295Z # Subtest: fails closed when malformed release immutability owner enforcement changes
2026-10-10T22:09:46.2013769Z ok 362 - fails closed when malformed release immutability owner enforcement changes
2026-10-10T22:09:46.2014519Z   ---
2026-10-10T22:09:46.2014834Z   duration_ms: 0.4451
2026-10-10T22:09:46.2015182Z   ...
2026-10-10T22:09:46.2015912Z # Subtest: fails closed when immutable-release state on a non-release operation changes
2026-10-10T22:09:46.2017088Z ok 363 - fails closed when immutable-release state on a non-release operation changes
2026-10-10T22:09:46.2017835Z   ---
2026-10-10T22:09:46.2018141Z   duration_ms: 0.2251
2026-10-10T22:09:46.2018876Z   ...
2026-10-10T22:09:46.2019339Z # Subtest: fails closed when runner at rest changes
2026-10-10T22:09:46.2020029Z ok 364 - fails closed when runner at rest changes
2026-10-10T22:09:46.2020525Z   ---
2026-10-10T22:09:46.2020827Z   duration_ms: 0.3612
2026-10-10T22:09:46.2021169Z   ...
2026-10-10T22:09:46.2021908Z # Subtest: records an unavailable live SHA-pinning setting without relaxing static pins
2026-10-10T22:09:46.2023436Z ok 365 - records an unavailable live SHA-pinning setting without relaxing static pins
2026-10-10T22:09:46.2024212Z   ---
2026-10-10T22:09:46.2024522Z   duration_ms: 1.4691
2026-10-10T22:09:46.2024873Z   ...
2026-10-10T22:09:46.2025534Z # Subtest: live verification rejects a missing immutable-releases response
2026-10-10T22:09:46.2026523Z ok 366 - live verification rejects a missing immutable-releases response
2026-10-10T22:09:46.2027134Z   ---
2026-10-10T22:09:46.2027418Z   duration_ms: 1.0029
2026-10-10T22:09:46.2027768Z   ...
2026-10-10T22:09:46.2533324Z # Subtest: locks immutable files, modes, symlinks, and narrow transient paths
2026-10-10T22:09:46.2534744Z ok 367 - locks immutable files, modes, symlinks, and narrow transient paths
2026-10-10T22:09:46.2546737Z   ---
2026-10-10T22:09:46.2547989Z   duration_ms: 46.8686
2026-10-10T22:09:46.2550623Z   ...
2026-10-10T22:09:46.2552191Z # Subtest: rejects a transient root changed to a symlink without walking it
2026-10-10T22:09:46.2559913Z ok 368 - rejects a transient root changed to a symlink without walking it
2026-10-10T22:09:46.2560797Z   ---
2026-10-10T22:09:46.2562762Z   duration_ms: 6.0348
2026-10-10T22:09:46.2564917Z   ...
2026-10-10T22:09:46.2567607Z # Subtest: detects modified immutable distribution content and mode
2026-10-10T22:09:46.2568445Z ok 369 - detects modified immutable distribution content and mode
2026-10-10T22:09:46.2569119Z   ---
2026-10-10T22:09:46.2569803Z   duration_ms: 3.3683
2026-10-10T22:09:46.2570253Z   ...
2026-10-10T22:09:46.2570929Z # Subtest: binds browser policy to manifest, archive, and transient digests
2026-10-10T22:09:46.2571920Z ok 370 - binds browser policy to manifest, archive, and transient digests
2026-10-10T22:09:46.2572578Z   ---
2026-10-10T22:09:46.2575899Z   duration_ms: 1.3867
2026-10-10T22:09:46.2576462Z   ...
2026-10-10T22:09:46.2835263Z # Subtest: SAF-02 validator accepts only complete bound proof
2026-10-10T22:09:46.2859205Z ok 371 - SAF-02 validator accepts only complete bound proof
2026-10-10T22:09:46.2890323Z   ---
2026-10-10T22:09:46.2922570Z   duration_ms: 9.4063
2026-10-10T22:09:46.2925008Z   ...
2026-10-10T22:09:46.2927599Z # Subtest: SAF-02 validator rejects independently unsafe or mismatched launch evidence and swapped route ids
2026-10-10T22:09:46.2934234Z ok 372 - SAF-02 validator rejects independently unsafe or mismatched launch evidence and swapped route ids
2026-10-10T22:09:46.2936359Z   ---
2026-10-10T22:09:46.2937074Z   duration_ms: 1.817
2026-10-10T22:09:46.2938608Z   ...
2026-10-10T22:09:46.2944753Z # Subtest: SAF-02 quantitative comparison retains both luma ranges and RGB threshold
2026-10-10T22:09:46.2947458Z ok 373 - SAF-02 quantitative comparison retains both luma ranges and RGB threshold
2026-10-10T22:09:46.2955582Z   ---
2026-10-10T22:09:46.2955999Z   duration_ms: 1.5203
2026-10-10T22:09:46.2957216Z   ...
2026-10-10T22:09:46.2958520Z # Subtest: SAF-02 whole-page deadline rejects unresolved work
2026-10-10T22:09:46.2970981Z ok 374 - SAF-02 whole-page deadline rejects unresolved work
2026-10-10T22:09:46.2979798Z   ---
2026-10-10T22:09:46.2981619Z   duration_ms: 11.063
2026-10-10T22:09:46.2983331Z   ...
2026-10-10T22:09:46.3448017Z # Subtest: Safari acceptance drives bounded W3C input and thirty true BFCache returns
2026-10-10T22:09:46.3452522Z ok 375 - Safari acceptance drives bounded W3C input and thirty true BFCache returns
2026-10-10T22:09:46.3456973Z   ---
2026-10-10T22:09:46.3459945Z   duration_ms: 13.0358
2026-10-10T22:09:46.3460353Z   ...
2026-10-10T22:09:46.3465188Z # Subtest: Safari BFCache acceptance rejects a restored viewer whose controls do not respond
2026-10-10T22:09:46.3466804Z ok 376 - Safari BFCache acceptance rejects a restored viewer whose controls do not respond
2026-10-10T22:09:46.3467805Z   ---
2026-10-10T22:09:46.3468315Z   duration_ms: 6.2479
2026-10-10T22:09:46.3468836Z   ...
2026-10-10T22:09:46.3469960Z # Subtest: Safari acceptance rejects a complete second input-controller listener set added after initialization
2026-10-10T22:09:46.3472159Z ok 377 - Safari acceptance rejects a complete second input-controller listener set added after initialization
2026-10-10T22:09:46.3473295Z   ---
2026-10-10T22:09:46.3473796Z   duration_ms: 4.9255
2026-10-10T22:09:46.3474328Z   ...
2026-10-10T22:09:46.4551806Z # Subtest: SAF-03 production caller projects run/job bindings to the closed STP identity
2026-10-10T22:09:46.4555845Z ok 378 - SAF-03 production caller projects run/job bindings to the closed STP identity
2026-10-10T22:09:46.4560995Z   ---
2026-10-10T22:09:46.4565951Z   duration_ms: 10.7003
2026-10-10T22:09:46.4567953Z   ...
2026-10-10T22:09:46.4572816Z # Subtest: manual Safari trackpad retains the neutral WebDriver path
2026-10-10T22:09:46.4574014Z ok 379 - manual Safari trackpad retains the neutral WebDriver path
2026-10-10T22:09:46.4574848Z   ---
2026-10-10T22:09:46.4575336Z   duration_ms: 0.4992
2026-10-10T22:09:46.4577652Z   ...
2026-10-10T22:09:46.4585210Z # Subtest: automated Selenium Safari admits near-bound composed work and rejects overrun
2026-10-10T22:09:46.4586816Z ok 380 - automated Selenium Safari admits near-bound composed work and rejects overrun
2026-10-10T22:09:46.4588931Z   ---
2026-10-10T22:09:46.4589408Z   duration_ms: 21.7861
2026-10-10T22:09:46.4589919Z   ...
2026-10-10T22:09:46.4595101Z # Subtest: post-open launch observation failure closes and records SafariDriver cleanup
2026-10-10T22:09:46.4599416Z ok 381 - post-open launch observation failure closes and records SafariDriver cleanup
2026-10-10T22:09:46.4600418Z   ---
2026-10-10T22:09:46.4600926Z   duration_ms: 3.2782
2026-10-10T22:09:46.4601412Z   ...
2026-10-10T22:09:46.4602271Z # Subtest: clean STP launch failure is warning-only while cleanup uncertainty is hard
2026-10-10T22:09:46.4603605Z ok 382 - clean STP launch failure is warning-only while cleanup uncertainty is hard
2026-10-10T22:09:46.4604506Z   ---
2026-10-10T22:09:46.4605027Z   duration_ms: 6.0177
2026-10-10T22:09:46.4605522Z   ...
2026-10-10T22:09:46.4606323Z # Subtest: STP rendered probe errors remain a cleaned product warning
2026-10-10T22:09:46.4607383Z ok 383 - STP rendered probe errors remain a cleaned product warning
2026-10-10T22:09:46.4609248Z   ---
2026-10-10T22:09:46.4609795Z   duration_ms: 4.3194
2026-10-10T22:09:46.4610328Z   ...
2026-10-10T22:09:46.4770965Z # Subtest: manual submission exposes only closed scalar record selectors
2026-10-10T22:09:46.4772271Z ok 384 - manual submission exposes only closed scalar record selectors
2026-10-10T22:09:46.4775168Z   ---
2026-10-10T22:09:46.4775643Z   duration_ms: 2.9394
2026-10-10T22:09:46.4776111Z   ...
2026-10-10T22:09:46.4780402Z # Subtest: observer secret is isolated from independently approved submission
2026-10-10T22:09:46.4792953Z ok 385 - observer secret is isolated from independently approved submission
2026-10-10T22:09:46.4835057Z   ---
2026-10-10T22:09:46.4836750Z   duration_ms: 2.1689
2026-10-10T22:09:46.4844014Z   ...
2026-10-10T22:09:46.4845182Z # Subtest: submission resolves numeric assets, controller session, actors, approvals, and attested bundle
2026-10-10T22:09:46.4846841Z ok 386 - submission resolves numeric assets, controller session, actors, approvals, and attested bundle
2026-10-10T22:09:46.4847907Z   ---
2026-10-10T22:09:46.4848236Z   duration_ms: 0.4834
2026-10-10T22:09:46.4848939Z   ...
2026-10-10T22:09:46.4850432Z # Subtest: submission writer revalidates the exact unexpired observation immediately before attestation
2026-10-10T22:09:46.4851737Z ok 387 - submission writer revalidates the exact unexpired observation immediately before attestation
2026-10-10T22:09:46.4852514Z   ---
2026-10-10T22:09:46.4852811Z   duration_ms: 0.475
2026-10-10T22:09:46.4854198Z   ...
2026-10-10T22:09:46.4854750Z # Subtest: emits only the allowlisted trackpad inventory fields
2026-10-10T22:09:46.4855598Z ok 388 - emits only the allowlisted trackpad inventory fields
2026-10-10T22:09:46.4856151Z   ---
2026-10-10T22:09:46.4856435Z   duration_ms: 6.8429
2026-10-10T22:09:46.4856748Z   ...
2026-10-10T22:09:46.4857581Z # Subtest: fails when the charging topology includes a hub
2026-10-10T22:09:46.4858387Z ok 389 - fails when the charging topology includes a hub
2026-10-10T22:09:46.4858893Z   ---
2026-10-10T22:09:46.4859162Z   duration_ms: 0.8788
2026-10-10T22:09:46.4859452Z   ...
2026-10-10T22:09:46.4860085Z # Subtest: fails unless both USB and Bluetooth captures contain the fixed asset
2026-10-10T22:09:46.4861089Z ok 390 - fails unless both USB and Bluetooth captures contain the fixed asset
2026-10-10T22:09:46.4861744Z   ---
2026-10-10T22:09:46.4862034Z   duration_ms: 0.2973
2026-10-10T22:09:46.4862360Z   ...
2026-10-10T22:09:46.4862901Z # Subtest: fails closed on duplicate USB or Bluetooth trackpad records
2026-10-10T22:09:46.4863745Z ok 391 - fails closed on duplicate USB or Bluetooth trackpad records
2026-10-10T22:09:46.4864308Z   ---
2026-10-10T22:09:46.4864573Z   duration_ms: 0.4783
2026-10-10T22:09:46.4865196Z   ...
2026-10-10T22:09:46.4865722Z # Subtest: does not double-count the same profile node reached twice
2026-10-10T22:09:46.4866589Z ok 392 - does not double-count the same profile node reached twice
2026-10-10T22:09:46.4867094Z   ---
2026-10-10T22:09:46.4867359Z   duration_ms: 0.7446
2026-10-10T22:09:46.4867658Z   ...
2026-10-10T22:09:46.4868535Z # Subtest: rejects out-of-range and non-integer battery evidence
2026-10-10T22:09:46.4869657Z ok 393 - rejects out-of-range and non-integer battery evidence
2026-10-10T22:09:46.4870213Z   ---
2026-10-10T22:09:46.4870488Z   duration_ms: 0.7299
2026-10-10T22:09:46.4870799Z   ...
2026-10-10T22:09:46.4871240Z # Subtest: rejects a different Magic Trackpad model
2026-10-10T22:09:46.4871881Z ok 394 - rejects a different Magic Trackpad model
2026-10-10T22:09:46.4872334Z   ---
2026-10-10T22:09:46.4872610Z   duration_ms: 0.4551
2026-10-10T22:09:46.4872913Z   ...
2026-10-10T22:09:46.6753012Z # Subtest: accepts only the exact read-only observer permissions and repository
2026-10-10T22:09:46.6754495Z ok 395 - accepts only the exact read-only observer permissions and repository
2026-10-10T22:09:46.6755489Z   ---
2026-10-10T22:09:46.6757472Z   duration_ms: 31.7664
2026-10-10T22:09:46.6758091Z   ...
2026-10-10T22:09:46.6761082Z # Subtest: rejects an observer App with write or excess permissions
2026-10-10T22:09:46.6763354Z ok 396 - rejects an observer App with write or excess permissions
2026-10-10T22:09:46.6765836Z   ---
2026-10-10T22:09:46.6766379Z   duration_ms: 4.2693
2026-10-10T22:09:46.6766999Z   ...
2026-10-10T22:09:46.6770024Z # Subtest: rejects an observer installation with another repository
2026-10-10T22:09:46.6773312Z ok 397 - rejects an observer installation with another repository
2026-10-10T22:09:46.6775600Z   ---
2026-10-10T22:09:46.6776171Z   duration_ms: 3.4932
2026-10-10T22:09:46.6778098Z   ...
2026-10-10T22:09:46.6789962Z # Subtest: every observer workflow separates App administration/actions reads from job-token check runs
2026-10-10T22:09:46.6793903Z ok 398 - every observer workflow separates App administration/actions reads from job-token check runs
2026-10-10T22:09:46.6795011Z   ---
2026-10-10T22:09:46.6795478Z   duration_ms: 4.6933
2026-10-10T22:09:46.6795955Z   ...
2026-10-10T22:09:46.6796728Z # Subtest: manual-submission draft lookup uses only the workflow job token
2026-10-10T22:09:46.6797835Z ok 399 - manual-submission draft lookup uses only the workflow job token
2026-10-10T22:09:46.6798593Z   ---
2026-10-10T22:09:46.6799014Z   duration_ms: 0.4161
2026-10-10T22:09:46.6800766Z   ...
2026-10-10T22:09:46.7039795Z # Subtest: browser BFCache helper accepts one controlled persisted restore and rejects unsafe transitions
2026-10-10T22:09:46.7041528Z ok 400 - browser BFCache helper accepts one controlled persisted restore and rejects unsafe transitions
2026-10-10T22:09:46.7042557Z   ---
2026-10-10T22:09:46.7043085Z   duration_ms: 9.8134
2026-10-10T22:09:46.7056399Z   ...
2026-10-10T22:09:46.7329486Z # Subtest: w16-reference-discrete uses the existing exact-host promotion and headed Chrome runtime
2026-10-10T22:09:46.7359409Z ok 401 - w16-reference-discrete uses the existing exact-host promotion and headed Chrome runtime
2026-10-10T22:09:46.7363248Z   ---
2026-10-10T22:09:46.7370701Z   duration_ms: 3.8692
2026-10-10T22:09:46.7376143Z   ...
2026-10-10T22:09:46.7377989Z # Subtest: w16-reference-integrated uses the existing exact-host promotion and headed Chrome runtime
2026-10-10T22:09:46.7379847Z ok 402 - w16-reference-integrated uses the existing exact-host promotion and headed Chrome runtime
2026-10-10T22:09:46.7381929Z   ---
2026-10-10T22:09:46.7383154Z   duration_ms: 0.5509
2026-10-10T22:09:46.7383549Z   ...
2026-10-10T22:09:46.7384300Z # Subtest: W16 matrix remains pending and rejects reassignment to a different host
2026-10-10T22:09:46.7386158Z ok 403 - W16 matrix remains pending and rejects reassignment to a different host
2026-10-10T22:09:46.7387075Z   ---
2026-10-10T22:09:46.7387996Z   duration_ms: 2.795
2026-10-10T22:09:46.7388567Z   ...
2026-10-10T22:09:46.7389509Z # Subtest: W16 failing, short, missing and wrong-package results cannot become passes
2026-10-10T22:09:46.7390716Z ok 404 - W16 failing, short, missing and wrong-package results cannot become passes
2026-10-10T22:09:46.7391677Z   ---
2026-10-10T22:09:46.7392189Z   duration_ms: 20.5254
2026-10-10T22:09:46.7392581Z   ...
2026-10-10T22:09:46.7393566Z # Subtest: the existing nonce-bound fixture server serves W16 modules and exact byte ranges
2026-10-10T22:09:46.7394963Z ok 405 - the existing nonce-bound fixture server serves W16 modules and exact byte ranges
2026-10-10T22:09:46.7395942Z   ---
2026-10-10T22:09:46.7396414Z   duration_ms: 7.3294
2026-10-10T22:09:46.7396917Z   ...
2026-10-10T22:09:46.7397820Z # Subtest: W16 Windows qualification requires the pinned Iris Xe driver and OS build
2026-10-10T22:09:46.7400289Z ok 406 - W16 Windows qualification requires the pinned Iris Xe driver and OS build
2026-10-10T22:09:46.7401073Z   ---
2026-10-10T22:09:46.7402172Z   duration_ms: 3.9724
2026-10-10T22:09:46.7402906Z   ...
2026-10-10T22:09:46.7403987Z # Subtest: W16 dry runtime and artifact finalization retain proof and reject a failing p95
2026-10-10T22:09:46.7405504Z ok 407 - W16 dry runtime and artifact finalization retain proof and reject a failing p95
2026-10-10T22:09:46.7406234Z   ---
2026-10-10T22:09:46.7406541Z   duration_ms: 24.2358
2026-10-10T22:09:46.7406918Z   ...
2026-10-10T22:09:46.7407654Z # Subtest: W16 host capture measures actual gaps and rejects forged, incomplete or stale captures
2026-10-10T22:09:46.7408932Z ok 408 - W16 host capture measures actual gaps and rejects forged, incomplete or stale captures
2026-10-10T22:09:46.7409629Z   ---
2026-10-10T22:09:46.7409938Z   duration_ms: 8.6566
2026-10-10T22:09:46.7410282Z   ...
2026-10-10T22:09:46.7411207Z # Subtest: W16 NVIDIA samples include graphics processes and fallback never fabricates unsupported metrics
2026-10-10T22:09:46.7412657Z ok 409 - W16 NVIDIA samples include graphics processes and fallback never fabricates unsupported metrics
2026-10-10T22:09:46.7413529Z   ---
2026-10-10T22:09:46.7413871Z   duration_ms: 3.0472
2026-10-10T22:09:46.7414208Z   ...
2026-10-10T22:09:46.7414969Z # Subtest: W16 sampling spans the workload and retains host evidence when the workload throws
2026-10-10T22:09:46.7416199Z ok 410 - W16 sampling spans the workload and retains host evidence when the workload throws
2026-10-10T22:09:46.7416958Z   ---
2026-10-10T22:09:46.7417267Z   duration_ms: 3.7297
2026-10-10T22:09:46.7417607Z   ...
2026-10-10T22:09:48.5168168Z # Subtest: supported publication is manual-only and requires target, readiness, and SemVer tag
2026-10-10T22:09:48.5169945Z ok 411 - supported publication is manual-only and requires target, readiness, and SemVer tag
2026-10-10T22:09:48.5171006Z   ---
2026-10-10T22:09:48.5171535Z   duration_ms: 2.2913
2026-10-10T22:09:48.5172093Z   ...
2026-10-10T22:09:48.5172993Z # Subtest: release readiness selector rejects surrounding or embedded whitespace
2026-10-10T22:09:48.5175025Z ok 412 - release readiness selector rejects surrounding or embedded whitespace
2026-10-10T22:09:48.5175753Z   ---
2026-10-10T22:09:48.5176253Z   duration_ms: 343.495
2026-10-10T22:09:48.5176756Z   ...
2026-10-10T22:09:48.5178010Z # Subtest: publisher revalidates the complete observation and exact release environment approvals
2026-10-10T22:09:48.5179478Z ok 413 - publisher revalidates the complete observation and exact release environment approvals
2026-10-10T22:09:48.5180722Z   ---
2026-10-10T22:09:48.5181261Z   duration_ms: 0.5284
2026-10-10T22:09:48.5181819Z   ...
2026-10-10T22:09:48.5273855Z # Subtest: observer secret is isolated from read-only preflight and protected publisher
2026-10-10T22:09:48.5276594Z ok 414 - observer secret is isolated from read-only preflight and protected publisher
2026-10-10T22:09:48.5278148Z   ---
2026-10-10T22:09:48.5279334Z   duration_ms: 0.4735
2026-10-10T22:09:48.5279976Z   ...
2026-10-10T22:09:48.5281203Z # Subtest: immutable-release administration stays in the attested observer boundary
2026-10-10T22:09:48.5282458Z ok 415 - immutable-release administration stays in the attested observer boundary
2026-10-10T22:09:48.5283260Z   ---
2026-10-10T22:09:48.5283682Z   duration_ms: 0.4529
2026-10-10T22:09:48.5284166Z   ...
2026-10-10T22:09:48.5285361Z # Subtest: publisher has no checkout and performs approval, draft-first, byte, CLI, and intake gates
2026-10-10T22:09:48.5286860Z ok 416 - publisher has no checkout and performs approval, draft-first, byte, CLI, and intake gates
2026-10-10T22:09:48.5287637Z   ---
2026-10-10T22:09:48.5288135Z   duration_ms: 0.4985
2026-10-10T22:09:48.5288620Z   ...
2026-10-10T22:09:48.5289570Z # Subtest: publisher rechecks both handoff expiries around the final absence race
2026-10-10T22:09:48.5290775Z ok 417 - publisher rechecks both handoff expiries around the final absence race
2026-10-10T22:09:48.5291596Z   ---
2026-10-10T22:09:48.5292067Z   duration_ms: 0.6373
2026-10-10T22:09:48.5292563Z   ...
2026-10-10T22:09:48.5293507Z # Subtest: separate least-privilege job verifies and attests the exact postpublication record
2026-10-10T22:09:48.5294896Z ok 418 - separate least-privilege job verifies and attests the exact postpublication record
2026-10-10T22:09:48.5295806Z   ---
2026-10-10T22:09:48.5296697Z   duration_ms: 1.5027
2026-10-10T22:09:48.5297280Z   ...
2026-10-10T22:09:48.5341943Z # Subtest: every no-checkout gh release command carries exact repository context
2026-10-10T22:09:48.5344021Z ok 419 - every no-checkout gh release command carries exact repository context
2026-10-10T22:09:48.5345067Z   ---
2026-10-10T22:09:48.5346119Z   duration_ms: 2.3363
2026-10-10T22:09:48.5346797Z   ...
2026-10-10T22:09:48.5347861Z # Subtest: preflight, publisher race, and deletion prove absence only through the exact-404 helper
2026-10-10T22:09:48.5349496Z ok 420 - preflight, publisher race, and deletion prove absence only through the exact-404 helper
2026-10-10T22:09:48.5350520Z   ---
2026-10-10T22:09:48.5351222Z   duration_ms: 0.7662
2026-10-10T22:09:48.5351821Z   ...
2026-10-10T22:09:48.5352734Z # Subtest: package manifest provenance is joined to the resolved API run before release assembly
2026-10-10T22:09:48.5354069Z ok 421 - package manifest provenance is joined to the resolved API run before release assembly
2026-10-10T22:09:48.5354874Z   ---
2026-10-10T22:09:48.5355277Z   duration_ms: 0.4571
2026-10-10T22:09:48.5355713Z   ...
2026-10-10T22:09:48.5356492Z # Subtest: manual media is fetched by numeric ID twice and rebound to exact intake metadata
2026-10-10T22:09:48.5357685Z ok 422 - manual media is fetched by numeric ID twice and rebound to exact intake metadata
2026-10-10T22:09:48.5359003Z   ---
2026-10-10T22:09:48.5360065Z   duration_ms: 0.5233
2026-10-10T22:09:48.5360822Z   ...
2026-10-10T22:09:48.5362094Z # Subtest: candidate is schema-backed and contains no impossible post-publication claims
2026-10-10T22:09:48.5363501Z ok 423 - candidate is schema-backed and contains no impossible post-publication claims
2026-10-10T22:09:48.5364521Z   ---
2026-10-10T22:09:48.5365346Z   duration_ms: 0.3415
2026-10-10T22:09:48.5365953Z   ...
2026-10-10T22:09:48.5367015Z # Subtest: Chromium support publication closes unique records before candidate and binds exact release bodies
2026-10-10T22:09:48.5368652Z ok 424 - Chromium support publication closes unique records before candidate and binds exact release bodies
2026-10-10T22:09:48.5369689Z   ---
2026-10-10T22:09:48.5370155Z   duration_ms: 1.1226
2026-10-10T22:09:48.5370611Z   ...
2026-10-10T22:09:48.5371677Z # Subtest: publication proof is post-publish, closed, schema-validated, and retained without asset mutation
2026-10-10T22:09:48.5373349Z ok 425 - publication proof is post-publish, closed, schema-validated, and retained without asset mutation
2026-10-10T22:09:48.5374385Z   ---
2026-10-10T22:09:48.5374859Z   duration_ms: 0.6043
2026-10-10T22:09:48.5375380Z   ...
2026-10-10T22:09:48.5376589Z # Subtest: every protected web publisher inline module is syntactically valid
2026-10-10T22:09:48.5377825Z ok 426 - every protected web publisher inline module is syntactically valid
2026-10-10T22:09:48.5378811Z   ---
2026-10-10T22:09:48.5379282Z   duration_ms: 1341.0864
2026-10-10T22:09:48.5379780Z   ...
2026-10-10T22:09:48.5380652Z # Subtest: intake deletion derives only from the checked manual-media source plan
2026-10-10T22:09:48.5382163Z ok 427 - intake deletion derives only from the checked manual-media source plan
2026-10-10T22:09:48.5383029Z   ---
2026-10-10T22:09:48.5383527Z   duration_ms: 0.2763
2026-10-10T22:09:48.5384045Z   ...
2026-10-10T22:09:48.5523596Z # Subtest: web workflow exposes exactly the two immutable required checks
2026-10-10T22:09:48.5596520Z ok 428 - web workflow exposes exactly the two immutable required checks
2026-10-10T22:09:48.5598391Z   ---
2026-10-10T22:09:48.5599228Z   duration_ms: 7.4865
2026-10-10T22:09:48.5599737Z   ...
2026-10-10T22:09:48.5600714Z # Subtest: web workflow pins the package job to Windows and source-browser preflight to macOS 15
2026-10-10T22:09:48.5602129Z ok 429 - web workflow pins the package job to Windows and source-browser preflight to macOS 15
2026-10-10T22:09:48.5603015Z   ---
2026-10-10T22:09:48.5603454Z   duration_ms: 1.1567
2026-10-10T22:09:48.5603912Z   ...
2026-10-10T22:09:48.5604670Z # Subtest: web workflow keeps privileged triggers and self-hosted routing out
2026-10-10T22:09:48.5605772Z ok 430 - web workflow keeps privileged triggers and self-hosted routing out
2026-10-10T22:09:48.5606524Z   ---
2026-10-10T22:09:48.5606946Z   duration_ms: 0.3357
2026-10-10T22:09:48.5607392Z   ...
2026-10-10T22:09:48.5608272Z # Subtest: hosted source-browser workflow keeps Chromium and Firefox engine preflights explicit
2026-10-10T22:09:48.5609689Z ok 431 - hosted source-browser workflow keeps Chromium and Firefox engine preflights explicit
2026-10-10T22:09:48.5610571Z   ---
2026-10-10T22:09:48.5610985Z   duration_ms: 1.424
2026-10-10T22:09:48.5611447Z   ...
2026-10-10T22:09:48.5612380Z # Subtest: hosted source-browser workflow rejects generic invocation and flagged Chrome wording
2026-10-10T22:09:48.5613751Z ok 432 - hosted source-browser workflow rejects generic invocation and flagged Chrome wording
2026-10-10T22:09:48.5614624Z   ---
2026-10-10T22:09:48.5615036Z   duration_ms: 3.7735
2026-10-10T22:09:48.5615475Z   ...
2026-10-10T22:09:48.5616606Z # Subtest: macOS source-browser diagnostics reject stale PowerShell environment syntax
2026-10-10T22:09:48.5617938Z ok 433 - macOS source-browser diagnostics reject stale PowerShell environment syntax
2026-10-10T22:09:48.5618856Z   ---
2026-10-10T22:09:48.5619337Z   duration_ms: 0.5666
2026-10-10T22:09:48.5619835Z   ...
2026-10-10T22:09:48.5621074Z # Subtest: hosted Firefox preflight rejects generic commands, preference overrides, and merged evidence
2026-10-10T22:09:48.5622717Z ok 434 - hosted Firefox preflight rejects generic commands, preference overrides, and merged evidence
2026-10-10T22:09:48.5623817Z   ---
2026-10-10T22:09:48.5624328Z   duration_ms: 6.6289
2026-10-10T22:09:48.5624825Z   ...
2026-10-10T22:09:48.5625997Z # Subtest: Playwright WebKit engine preflight is the only non-blocking web job
2026-10-10T22:09:48.5627319Z ok 435 - Playwright WebKit engine preflight is the only non-blocking web job
2026-10-10T22:09:48.5628192Z   ---
2026-10-10T22:09:48.5628693Z   duration_ms: 1.4095
2026-10-10T22:09:48.5629187Z   ...
2026-10-10T22:09:48.5630065Z # Subtest: Playwright WebKit engine preflight rejects blocking or wrong-host execution
2026-10-10T22:09:48.5631450Z ok 436 - Playwright WebKit engine preflight rejects blocking or wrong-host execution
2026-10-10T22:09:48.5632366Z   ---
2026-10-10T22:09:48.5632835Z   duration_ms: 1.807
2026-10-10T22:09:48.5633337Z   ...
2026-10-10T22:09:48.5634265Z # Subtest: Playwright WebKit engine preflight rejects the wrong project or engine wording
2026-10-10T22:09:48.5635676Z ok 437 - Playwright WebKit engine preflight rejects the wrong project or engine wording
2026-10-10T22:09:48.5637407Z   ---
2026-10-10T22:09:48.5637932Z   duration_ms: 1.745
2026-10-10T22:09:48.5638432Z   ...
2026-10-10T22:09:48.5639255Z # Subtest: Playwright WebKit engine preflight rejects Chromium flags and support claims
2026-10-10T22:09:48.5640564Z ok 438 - Playwright WebKit engine preflight rejects Chromium flags and support claims
2026-10-10T22:09:48.5641519Z   ---
2026-10-10T22:09:48.5642031Z   duration_ms: 1.9299
2026-10-10T22:09:48.5642572Z   ...
2026-10-10T22:09:48.5643403Z # Subtest: Playwright WebKit report and classifier steps are mandatory
2026-10-10T22:09:48.5644597Z ok 439 - Playwright WebKit report and classifier steps are mandatory
2026-10-10T22:09:48.5645459Z   ---
2026-10-10T22:09:48.5645966Z   duration_ms: 6.3071
2026-10-10T22:09:48.5646522Z   ...
2026-10-10T22:09:48.5647429Z # Subtest: Playwright WebKit raw failure is classified but cannot unlock ENGINE_PASS
2026-10-10T22:09:48.5648785Z ok 440 - Playwright WebKit raw failure is classified but cannot unlock ENGINE_PASS
2026-10-10T22:09:48.5649709Z   ---
2026-10-10T22:09:48.5650277Z   duration_ms: 3.7676
2026-10-10T22:09:48.5650823Z   ...
2026-10-10T22:09:48.5651656Z # Subtest: hosted exact-tarball probe explicitly selects bundled Chromium
2026-10-10T22:09:48.5652854Z ok 441 - hosted exact-tarball probe explicitly selects bundled Chromium
2026-10-10T22:09:48.5653698Z   ---
2026-10-10T22:09:48.5654198Z   duration_ms: 0.6987
2026-10-10T22:09:48.5654755Z   ...
2026-10-10T22:09:48.5693595Z # Subtest: hosted exact-tarball probe rejects an implicit or branded channel
2026-10-10T22:09:48.5695240Z ok 442 - hosted exact-tarball probe rejects an implicit or branded channel
2026-10-10T22:09:48.5696185Z   ---
2026-10-10T22:09:48.5696739Z   duration_ms: 0.5464
2026-10-10T22:09:48.5697728Z   ...
2026-10-10T22:09:48.5698717Z # Subtest: web workflow verifier rejects renamed, duplicate, missing, and runner mutations
2026-10-10T22:09:48.5700265Z ok 443 - web workflow verifier rejects renamed, duplicate, missing, and runner mutations
2026-10-10T22:09:48.5701277Z   ---
2026-10-10T22:09:48.5701765Z   duration_ms: 3.536
2026-10-10T22:09:48.5702331Z   ...
2026-10-10T22:09:48.5703147Z # Subtest: every external action is immutable and lockfile reviewed
2026-10-10T22:09:48.5704251Z ok 444 - every external action is immutable and lockfile reviewed
2026-10-10T22:09:48.5704932Z   ---
2026-10-10T22:09:48.5705505Z   duration_ms: 396.4747
2026-10-10T22:09:48.5706145Z   ...
2026-10-10T22:09:48.5707094Z # Subtest: action verifier rejects movable, local, unreviewed, and container references
2026-10-10T22:09:48.5708476Z ok 445 - action verifier rejects movable, local, unreviewed, and container references
2026-10-10T22:09:48.5709412Z   ---
2026-10-10T22:09:48.5709893Z   duration_ms: 4.2213
2026-10-10T22:09:48.5710411Z   ...
2026-10-10T22:09:48.5711385Z # Subtest: action verifier structurally accepts only digest-pinned job and service images
2026-10-10T22:09:48.5712797Z ok 446 - action verifier structurally accepts only digest-pinned job and service images
2026-10-10T22:09:48.5713798Z   ---
2026-10-10T22:09:48.5714770Z   duration_ms: 0.8661
2026-10-10T22:09:48.5716429Z   ...
2026-10-10T22:09:48.5717277Z # Subtest: WebDriver health reads live session URL on every probe
2026-10-10T22:09:48.5722314Z ok 447 - WebDriver health reads live session URL on every probe
2026-10-10T22:09:48.5723378Z   ---
2026-10-10T22:09:48.5723967Z   duration_ms: 8.1048
2026-10-10T22:09:48.5724578Z   ...
2026-10-10T22:09:48.5725551Z # Subtest: WebDriver health fails closed on disappearance, HTTP, malformed, and timeout
2026-10-10T22:09:48.5727009Z ok 448 - WebDriver health fails closed on disappearance, HTTP, malformed, and timeout
2026-10-10T22:09:48.5728297Z   ---
2026-10-10T22:09:48.5728809Z   duration_ms: 11.7428
2026-10-10T22:09:48.5729359Z   ...
2026-10-10T22:09:48.5730393Z # Subtest: WebDriver W3C actions are bounded and use standard endpoints
2026-10-10T22:09:48.5731324Z ok 449 - WebDriver W3C actions are bounded and use standard endpoints
2026-10-10T22:09:48.5733146Z   ---
2026-10-10T22:09:48.5733812Z   duration_ms: 3.1825
2026-10-10T22:09:48.5736616Z   ...
2026-10-10T22:09:48.5738117Z # Subtest: WebDriver BFCache actions use the exact async-script and history endpoints
2026-10-10T22:09:48.5739636Z ok 450 - WebDriver BFCache actions use the exact async-script and history endpoints
2026-10-10T22:09:48.5741626Z   ---
2026-10-10T22:09:48.5742660Z   duration_ms: 1.403
2026-10-10T22:09:48.5743345Z   ...
2026-10-10T22:09:48.5744475Z # Subtest: WebDriver BFCache actions fail closed on page failure and timeout
2026-10-10T22:09:48.5745628Z ok 451 - WebDriver BFCache actions fail closed on page failure and timeout
2026-10-10T22:09:48.5746427Z   ---
2026-10-10T22:09:48.5746932Z   duration_ms: 5.8961
2026-10-10T22:09:48.5747421Z   ...
2026-10-10T22:09:48.5748209Z # Subtest: raw success and a complete passing report are ENGINE_PASS eligible
2026-10-10T22:09:48.5749352Z ok 452 - raw success and a complete passing report are ENGINE_PASS eligible
2026-10-10T22:09:48.5750179Z   ---
2026-10-10T22:09:48.5750621Z   duration_ms: 24.6431
2026-10-10T22:09:48.5751140Z   ...
2026-10-10T22:09:48.5751788Z # Subtest: only exact missing-WebGPU failures classify as NOT_PROVEN
2026-10-10T22:09:48.5752777Z ok 453 - only exact missing-WebGPU failures classify as NOT_PROVEN
2026-10-10T22:09:48.5753469Z   ---
2026-10-10T22:09:48.5753991Z   duration_ms: 2.1273
2026-10-10T22:09:48.5754449Z   ...
2026-10-10T22:09:48.5755224Z # Subtest: a partial pass plus a capability failure cannot classify as NOT_PROVEN
2026-10-10T22:09:48.5756745Z ok 454 - a partial pass plus a capability failure cannot classify as NOT_PROVEN
2026-10-10T22:09:48.5757552Z   ---
2026-10-10T22:09:48.5757984Z   duration_ms: 4.0987
2026-10-10T22:09:48.5758974Z   ...
2026-10-10T22:09:48.5760097Z # Subtest: zero, fewer, extra, duplicate, or incomplete tests fail closed
2026-10-10T22:09:48.5761012Z ok 455 - zero, fewer, extra, duplicate, or incomplete tests fail closed
2026-10-10T22:09:48.5761730Z   ---
2026-10-10T22:09:48.5762467Z   duration_ms: 3.6532
2026-10-10T22:09:48.5763288Z   ...
2026-10-10T22:09:48.5764960Z # Subtest: unexpected or mixed failures fail closed
2026-10-10T22:09:48.5765914Z ok 456 - unexpected or mixed failures fail closed
2026-10-10T22:09:48.5766636Z   ---
2026-10-10T22:09:48.5767106Z   duration_ms: 1.347
2026-10-10T22:09:48.5767574Z   ...
2026-10-10T22:09:48.5768241Z # Subtest: retries and non-fixture error locations fail closed
2026-10-10T22:09:48.5769219Z ok 457 - retries and non-fixture error locations fail closed
2026-10-10T22:09:48.5769975Z   ---
2026-10-10T22:09:48.5770485Z   duration_ms: 1.0443
2026-10-10T22:09:48.5771000Z   ...
2026-10-10T22:09:48.5771889Z # Subtest: missing, duplicate, or malformed WebGPU probe attachments fail closed
2026-10-10T22:09:48.5773082Z ok 458 - missing, duplicate, or malformed WebGPU probe attachments fail closed
2026-10-10T22:09:48.5773948Z   ---
2026-10-10T22:09:48.5774458Z   duration_ms: 1.2507
2026-10-10T22:09:48.5775113Z   ...
2026-10-10T22:09:48.5776650Z # Subtest: a WebGPU probe with the wrong capability facts fails closed
2026-10-10T22:09:48.5777605Z ok 459 - a WebGPU probe with the wrong capability facts fails closed
2026-10-10T22:09:48.5778219Z   ---
2026-10-10T22:09:48.5778520Z   duration_ms: 0.6026
2026-10-10T22:09:48.5778856Z   ...
2026-10-10T22:09:48.5779285Z # Subtest: report stats disagreement fails closed
2026-10-10T22:09:48.5779938Z ok 460 - report stats disagreement fails closed
2026-10-10T22:09:48.5780417Z   ---
2026-10-10T22:09:48.5780730Z   duration_ms: 0.8774
2026-10-10T22:09:48.5781554Z   ...
2026-10-10T22:09:48.5782082Z # Subtest: raw outcome and report disagreement fails closed
2026-10-10T22:09:48.5783123Z ok 461 - raw outcome and report disagreement fails closed
2026-10-10T22:09:48.5783726Z   ---
2026-10-10T22:09:48.5784031Z   duration_ms: 1.107
2026-10-10T22:09:48.5784367Z   ...
2026-10-10T22:09:48.5785009Z # Subtest: malformed reports, top-level errors, and project drift fail closed
2026-10-10T22:09:48.5786198Z ok 462 - malformed reports, top-level errors, and project drift fail closed
2026-10-10T22:09:48.5786833Z   ---
2026-10-10T22:09:48.5787119Z   duration_ms: 0.6023
2026-10-10T22:09:48.5787451Z   ...
2026-10-10T22:09:48.5788067Z # Subtest: classification outputs and summaries contain only bounded results
2026-10-10T22:09:48.5789072Z ok 463 - classification outputs and summaries contain only bounded results
2026-10-10T22:09:48.5789726Z   ---
2026-10-10T22:09:48.5792194Z   duration_ms: 6.1353
2026-10-10T22:09:48.5792570Z   ...
2026-10-10T22:09:48.5793967Z # Subtest: every Playwright spec uses the automatic shared WebGPU guard
2026-10-10T22:09:48.5795056Z ok 464 - every Playwright spec uses the automatic shared WebGPU guard
2026-10-10T22:09:48.5795673Z   ---
2026-10-10T22:09:48.5795985Z   duration_ms: 8.0295
2026-10-10T22:09:48.5796344Z   ...
2026-10-10T22:09:48.5796994Z # Subtest: issuance accepts the current canonical runner-authorization schema
2026-10-10T22:09:48.5799037Z ok 465 - issuance accepts the current canonical runner-authorization schema
2026-10-10T22:09:48.5800215Z   ---
2026-10-10T22:09:48.5801845Z   duration_ms: 55.7137
2026-10-10T22:09:48.5802875Z   ...
2026-10-10T22:09:48.5803612Z # Subtest: cleanup mode verifies the exact completed ledger job without issuance-only gates
2026-10-10T22:09:48.5804709Z ok 466 - cleanup mode verifies the exact completed ledger job without issuance-only gates
2026-10-10T22:09:48.5805435Z   ---
2026-10-10T22:09:48.5805770Z   duration_ms: 5.3756
2026-10-10T22:09:48.5806129Z   ...
2026-10-10T22:09:48.5806875Z # Subtest: authorization rejects missing or malformed laboratory manifest digests
2026-10-10T22:09:48.5808048Z ok 467 - authorization rejects missing or malformed laboratory manifest digests
2026-10-10T22:09:48.5809129Z   ---
2026-10-10T22:09:48.5809444Z   duration_ms: 39.333
2026-10-10T22:09:48.5809788Z   ...
2026-10-10T22:09:48.5810655Z # Subtest: authorization rejects a manifest digest changed after its canonical digest was bound
2026-10-10T22:09:48.5812052Z ok 468 - authorization rejects a manifest digest changed after its canonical digest was bound
2026-10-10T22:09:48.5812746Z   ---
2026-10-10T22:09:48.5813011Z   duration_ms: 9.6407
2026-10-10T22:09:48.5813318Z   ...
2026-10-10T22:09:48.5813950Z # Subtest: issuance mode still rejects a live job that is no longer queued
2026-10-10T22:09:48.5814818Z ok 469 - issuance mode still rejects a live job that is no longer queued
2026-10-10T22:09:48.5815402Z   ---
2026-10-10T22:09:48.5815682Z   duration_ms: 14.8542
2026-10-10T22:09:48.5815987Z   ...
2026-10-10T22:09:48.5816616Z # Subtest: issuance rejects live review requirements that exceed checked policy
2026-10-10T22:09:48.5817458Z ok 470 - issuance rejects live review requirements that exceed checked policy
2026-10-10T22:09:48.5818436Z   ---
2026-10-10T22:09:48.5818685Z   duration_ms: 7.6091
2026-10-10T22:09:48.5818943Z   ...
2026-10-10T22:09:48.5819394Z # Subtest: issuance rejects a required check run from the wrong app
2026-10-10T22:09:48.5820703Z ok 471 - issuance rejects a required check run from the wrong app
2026-10-10T22:09:48.5821411Z   ---
2026-10-10T22:09:48.5821731Z   duration_ms: 3.1146
2026-10-10T22:09:48.5822083Z   ...
2026-10-10T22:09:48.5822563Z # Subtest: issuance rejects a stale required-check SHA
2026-10-10T22:09:48.5823284Z ok 472 - issuance rejects a stale required-check SHA
2026-10-10T22:09:48.5823797Z   ---
2026-10-10T22:09:48.5824110Z   duration_ms: 3.7528
2026-10-10T22:09:48.5824443Z   ...
2026-10-10T22:09:48.5824962Z # Subtest: issuance rejects a missing required workflow job
2026-10-10T22:09:48.5825739Z ok 473 - issuance rejects a missing required workflow job
2026-10-10T22:09:48.5826265Z   ---
2026-10-10T22:09:48.5826564Z   duration_ms: 3.4447
2026-10-10T22:09:48.5826895Z   ...
2026-10-10T22:09:48.5827383Z # Subtest: issuance rejects a missing required check run
2026-10-10T22:09:48.5828098Z ok 474 - issuance rejects a missing required check run
2026-10-10T22:09:48.5828890Z   ---
2026-10-10T22:09:48.5829193Z   duration_ms: 3.265
2026-10-10T22:09:48.5829529Z   ...
2026-10-10T22:09:48.5830046Z # Subtest: issuance rejects a duplicate required workflow job
2026-10-10T22:09:48.5830839Z ok 475 - issuance rejects a duplicate required workflow job
2026-10-10T22:09:48.5831385Z   ---
2026-10-10T22:09:48.5831675Z   duration_ms: 3.6869
2026-10-10T22:09:48.5832021Z   ...
2026-10-10T22:09:48.5832529Z # Subtest: issuance rejects a duplicate required check run
2026-10-10T22:09:48.5833303Z ok 476 - issuance rejects a duplicate required check run
2026-10-10T22:09:48.5833823Z   ---
2026-10-10T22:09:48.5834138Z   duration_ms: 4.1816
2026-10-10T22:09:48.5834469Z   ...
2026-10-10T22:09:48.5835034Z # Subtest: issuance rejects a mismatched workflow-job/check-run URL
2026-10-10T22:09:48.5835943Z ok 477 - issuance rejects a mismatched workflow-job/check-run URL
2026-10-10T22:09:48.5836542Z   ---
2026-10-10T22:09:48.5836840Z   duration_ms: 6.1913
2026-10-10T22:09:48.5837501Z   ...
2026-10-10T22:09:48.5838034Z # Subtest: issuance rejects a mismatched check-run ID and URL
2026-10-10T22:09:48.5838837Z ok 478 - issuance rejects a mismatched check-run ID and URL
2026-10-10T22:09:48.5839382Z   ---
2026-10-10T22:09:48.5839687Z   duration_ms: 3.4611
2026-10-10T22:09:48.5840011Z   ...
2026-10-10T22:09:48.5840638Z # Subtest: issuance rejects matching check-run URLs from a look-alike origin
2026-10-10T22:09:48.5842357Z ok 479 - issuance rejects matching check-run URLs from a look-alike origin
2026-10-10T22:09:48.5843428Z   ---
2026-10-10T22:09:48.5844758Z   duration_ms: 3.3797
2026-10-10T22:09:48.5845769Z   ...
2026-10-10T22:09:48.5846971Z # Subtest: issuance rejects a truncated workflow-runs response
2026-10-10T22:09:48.5848652Z ok 480 - issuance rejects a truncated workflow-runs response
2026-10-10T22:09:48.5849596Z   ---
2026-10-10T22:09:48.5849906Z   duration_ms: 3.7972
2026-10-10T22:09:48.5850869Z   ...
2026-10-10T22:09:48.5852068Z # Subtest: issuance rejects a truncated workflow-jobs response
2026-10-10T22:09:48.5854043Z ok 481 - issuance rejects a truncated workflow-jobs response
2026-10-10T22:09:48.5855039Z   ---
2026-10-10T22:09:48.5855720Z   duration_ms: 3.3943
2026-10-10T22:09:48.5856696Z   ...
2026-10-10T22:09:48.5857615Z # Subtest: issuance rejects a truncated check-runs response
2026-10-10T22:09:48.5858386Z ok 482 - issuance rejects a truncated check-runs response
2026-10-10T22:09:48.5858909Z   ---
2026-10-10T22:09:48.5859194Z   duration_ms: 3.3911
2026-10-10T22:09:48.5859532Z   ...
2026-10-10T22:09:48.5860048Z # Subtest: issuance rejects a failed Web Runtime workflow run
2026-10-10T22:09:48.5861592Z ok 483 - issuance rejects a failed Web Runtime workflow run
2026-10-10T22:09:48.5862399Z   ---
2026-10-10T22:09:48.5862950Z   duration_ms: 3.0716
2026-10-10T22:09:48.5863729Z   ...
2026-10-10T22:09:48.5865081Z # Subtest: derives one exact JIT runner and never persists encoded configuration
2026-10-10T22:09:48.5866795Z ok 484 - derives one exact JIT runner and never persists encoded configuration
2026-10-10T22:09:48.5868137Z   ---
2026-10-10T22:09:48.5870060Z   duration_ms: 10.3149
2026-10-10T22:09:48.5870517Z   ...
2026-10-10T22:09:48.5871314Z # Subtest: lost JIT response reconciles one exact runner and never posts a second configuration
2026-10-10T22:09:48.5872769Z ok 485 - lost JIT response reconciles one exact runner and never posts a second configuration
2026-10-10T22:09:48.5873763Z   ---
2026-10-10T22:09:48.5874283Z   duration_ms: 4.671
2026-10-10T22:09:48.5881726Z   ...
2026-10-10T22:09:48.5883126Z # Subtest: ambiguous JIT failure keeps an early zero quarantined and closes absent after the deadline
2026-10-10T22:09:48.5885175Z ok 486 - ambiguous JIT failure keeps an early zero quarantined and closes absent after the deadline
2026-10-10T22:09:48.5885954Z   ---
2026-10-10T22:09:48.5886244Z   duration_ms: 3.9087
2026-10-10T22:09:48.5886563Z   ...
2026-10-10T22:09:48.5887383Z # Subtest: ambiguous JIT reconciliation quarantines multiple deterministic matches without deletion
2026-10-10T22:09:48.5888978Z ok 487 - ambiguous JIT reconciliation quarantines multiple deterministic matches without deletion
2026-10-10T22:09:48.5889760Z   ---
2026-10-10T22:09:48.5890038Z   duration_ms: 1.8613
2026-10-10T22:09:48.5890342Z   ...
2026-10-10T22:09:48.5891090Z # Subtest: ambiguous JIT reconciliation keeps incomplete listings and busy runners quarantined
2026-10-10T22:09:48.5892319Z ok 488 - ambiguous JIT reconciliation keeps incomplete listings and busy runners quarantined
2026-10-10T22:09:48.5893071Z   ---
2026-10-10T22:09:48.5893350Z   duration_ms: 4.1519
2026-10-10T22:09:48.5893666Z   ...
2026-10-10T22:09:48.5894333Z # Subtest: ambiguous JIT reconciliation rejects changed identity and non-queued jobs
2026-10-10T22:09:48.5895396Z ok 489 - ambiguous JIT reconciliation rejects changed identity and non-queued jobs
2026-10-10T22:09:48.5896082Z   ---
2026-10-10T22:09:48.5896355Z   duration_ms: 3.5147
2026-10-10T22:09:48.5896670Z   ...
2026-10-10T22:09:48.5897588Z # Subtest: ambiguous JIT reconciliation quarantines when a listed runner disappears and the job is no longer queued
2026-10-10T22:09:48.5899138Z ok 490 - ambiguous JIT reconciliation quarantines when a listed runner disappears and the job is no longer queued
2026-10-10T22:09:48.5900354Z   ---
2026-10-10T22:09:48.5900652Z   duration_ms: 2.3832
2026-10-10T22:09:48.5900976Z   ...
2026-10-10T22:09:48.5901690Z # Subtest: durable issuing intent survives restart and reconciles without another JIT POST
2026-10-10T22:09:48.5902854Z ok 491 - durable issuing intent survives restart and reconciles without another JIT POST
2026-10-10T22:09:48.5903545Z   ---
2026-10-10T22:09:48.5903832Z   duration_ms: 14.3334
2026-10-10T22:09:48.5904152Z   ...
2026-10-10T22:09:48.5904709Z # Subtest: initial host-canary mode accepts only a host-bound canary
2026-10-10T22:09:48.5936432Z ok 492 - initial host-canary mode accepts only a host-bound canary
2026-10-10T22:09:48.5936981Z   ---
2026-10-10T22:09:48.5937253Z   duration_ms: 3.3873
2026-10-10T22:09:48.5937549Z   ...
2026-10-10T22:09:48.5938176Z # Subtest: rejects request nonce and authorization replay before another JIT call
2026-10-10T22:09:48.5939201Z ok 493 - rejects request nonce and authorization replay before another JIT call
2026-10-10T22:09:48.5939872Z   ---
2026-10-10T22:09:48.5940153Z   duration_ms: 2.2537
2026-10-10T22:09:48.5941978Z   ...
2026-10-10T22:09:48.5942807Z # Subtest: rejects controller signature, mTLS identity, and returned-label mismatch
2026-10-10T22:09:48.5943916Z ok 494 - rejects controller signature, mTLS identity, and returned-label mismatch
2026-10-10T22:09:48.5944587Z   ---
2026-10-10T22:09:48.5945873Z   duration_ms: 2.9008
2026-10-10T22:09:48.5946186Z   ...
2026-10-10T22:09:48.5946823Z # Subtest: terminal cleanup deletes only the ledger runner without cancelling a run
2026-10-10T22:09:48.5947856Z ok 495 - terminal cleanup deletes only the ledger runner without cancelling a run
2026-10-10T22:09:48.5948514Z   ---
2026-10-10T22:09:48.5949413Z   duration_ms: 2.8608
2026-10-10T22:09:48.5958467Z   ...
2026-10-10T22:09:48.5959564Z # Subtest: watchdog exact-ID deletes a runner as soon as its job completes
2026-10-10T22:09:48.5960552Z ok 496 - watchdog exact-ID deletes a runner as soon as its job completes
2026-10-10T22:09:48.5961512Z   ---
2026-10-10T22:09:48.5961814Z   duration_ms: 1.7903
2026-10-10T22:09:48.5962119Z   ...
2026-10-10T22:09:48.5962725Z # Subtest: watchdog retries exact-ID deletion from a persisted terminal state
2026-10-10T22:09:48.5963703Z ok 497 - watchdog retries exact-ID deletion from a persisted terminal state
2026-10-10T22:09:48.5964344Z   ---
2026-10-10T22:09:48.5964637Z   duration_ms: 2.4789
2026-10-10T22:09:48.5964967Z   ...
2026-10-10T22:09:48.5965618Z # Subtest: launch failure and start timeout use exact-ID cleanup before online
2026-10-10T22:09:48.5966610Z ok 498 - launch failure and start timeout use exact-ID cleanup before online
2026-10-10T22:09:48.5967557Z   ---
2026-10-10T22:09:48.5967824Z   duration_ms: 4.4455
2026-10-10T22:09:48.5968133Z   ...
2026-10-10T22:09:48.5968817Z # Subtest: online-unassigned cleanup requires stopped listener and queued non-busy job
2026-10-10T22:09:48.5969963Z ok 499 - online-unassigned cleanup requires stopped listener and queued non-busy job
2026-10-10T22:09:48.5970679Z   ---
2026-10-10T22:09:48.5970967Z   duration_ms: 5.1517
2026-10-10T22:09:48.5971299Z   ...
2026-10-10T22:09:48.5971943Z # Subtest: absent runner cannot bypass the online-unassigned cleanup predicate
2026-10-10T22:09:48.5972951Z ok 500 - absent runner cannot bypass the online-unassigned cleanup predicate
2026-10-10T22:09:48.5973599Z   ---
2026-10-10T22:09:48.5973876Z   duration_ms: 2.3984
2026-10-10T22:09:48.5974198Z   ...
2026-10-10T22:09:48.5974883Z # Subtest: busy or no-longer-queued controls permit neither deletion nor cancellation
2026-10-10T22:09:48.5975965Z ok 501 - busy or no-longer-queued controls permit neither deletion nor cancellation
2026-10-10T22:09:48.5976654Z   ---
2026-10-10T22:09:48.5976944Z   duration_ms: 4.8924
2026-10-10T22:09:48.5977267Z   ...
2026-10-10T22:09:48.5977898Z # Subtest: already-absent cleanup is idempotent and does not cancel another run
2026-10-10T22:09:48.5978935Z ok 502 - already-absent cleanup is idempotent and does not cancel another run
2026-10-10T22:09:48.5979580Z   ---
2026-10-10T22:09:48.5979852Z   duration_ms: 1.9937
2026-10-10T22:09:48.5980148Z   ...
2026-10-10T22:09:48.5980705Z # Subtest: retries bound-run cancellation after exact runner deletion
2026-10-10T22:09:48.5981973Z ok 503 - retries bound-run cancellation after exact runner deletion
2026-10-10T22:09:48.5982580Z   ---
2026-10-10T22:09:48.5982886Z   duration_ms: 3.1635
2026-10-10T22:09:48.5983213Z   ...
2026-10-10T22:09:48.5983910Z # Subtest: watchdog severs exact runner/run and quarantines an unreachable controller
2026-10-10T22:09:48.5985039Z ok 504 - watchdog severs exact runner/run and quarantines an unreachable controller
2026-10-10T22:09:48.5985738Z   ---
2026-10-10T22:09:48.5986009Z   duration_ms: 2.4233
2026-10-10T22:09:48.5986319Z   ...
2026-10-10T22:09:48.5986985Z # Subtest: accepted cancellation advances once per watchdog cycle until terminal
2026-10-10T22:09:48.5988074Z ok 505 - accepted cancellation advances once per watchdog cycle until terminal
2026-10-10T22:09:48.5988756Z   ---
2026-10-10T22:09:48.5989054Z   duration_ms: 2.0103
2026-10-10T22:09:48.5989369Z   ...
2026-10-10T22:09:48.5990075Z # Subtest: pending cancellation survives runner deletion and completes on a later tick
2026-10-10T22:09:48.5991209Z ok 506 - pending cancellation survives runner deletion and completes on a later tick
2026-10-10T22:09:48.5991914Z   ---
2026-10-10T22:09:48.5992209Z   duration_ms: 1.7912
2026-10-10T22:09:48.5992538Z   ...
2026-10-10T22:09:48.5993279Z # Subtest: early runner absence remains nonterminal until watchdog quarantine is decidable
2026-10-10T22:09:48.5994471Z ok 507 - early runner absence remains nonterminal until watchdog quarantine is decidable
2026-10-10T22:09:48.5995208Z   ---
2026-10-10T22:09:48.5995515Z   duration_ms: 1.1337
2026-10-10T22:09:48.5996159Z   ...
2026-10-10T22:09:48.5996879Z # Subtest: controller loss while busy remains quarantined after terminal cleanup
2026-10-10T22:09:48.5997963Z ok 508 - controller loss while busy remains quarantined after terminal cleanup
2026-10-10T22:09:48.5998630Z   ---
2026-10-10T22:09:48.5998922Z   duration_ms: 1.4224
2026-10-10T22:09:48.5999245Z   ...
2026-10-10T22:09:48.5999933Z # Subtest: quarantined host blocks new issuance until signed stop and wipe recovery
2026-10-10T22:09:48.6001019Z ok 509 - quarantined host blocks new issuance until signed stop and wipe recovery
2026-10-10T22:09:48.6002153Z   ---
2026-10-10T22:09:48.6002481Z   duration_ms: 6.3111
2026-10-10T22:09:48.6002805Z   ...
2026-10-10T22:09:48.6003445Z # Subtest: queued runner assignment is persisted separately from active work
2026-10-10T22:09:48.6004457Z ok 510 - queued runner assignment is persisted separately from active work
2026-10-10T22:09:48.6005464Z   ---
2026-10-10T22:09:48.6005772Z   duration_ms: 3.4367
2026-10-10T22:09:48.6006124Z   ...
2026-10-10T22:09:48.6006808Z # Subtest: first-observed assignment gets an escape deadline before disappearance
2026-10-10T22:09:48.6007864Z ok 511 - first-observed assignment gets an escape deadline before disappearance
2026-10-10T22:09:48.6008546Z   ---
2026-10-10T22:09:48.6008837Z   duration_ms: 3.1706
2026-10-10T22:09:48.6009160Z   ...
2026-10-10T22:09:48.6009789Z # Subtest: first-observed active job gets an escape deadline before requeue
2026-10-10T22:09:48.6010773Z ok 512 - first-observed active job gets an escape deadline before requeue
2026-10-10T22:09:48.6011412Z   ---
2026-10-10T22:09:48.6011700Z   duration_ms: 1.9673
2026-10-10T22:09:48.6012021Z   ...
2026-10-10T22:09:48.6012667Z # Subtest: offline non-busy runner is quarantined after the assignment deadline
2026-10-10T22:09:48.6013665Z ok 513 - offline non-busy runner is quarantined after the assignment deadline
2026-10-10T22:09:48.6014324Z   ---
2026-10-10T22:09:48.6014624Z   duration_ms: 2.1118
2026-10-10T22:09:48.6014964Z   ...
2026-10-10T22:09:48.6015627Z # Subtest: re-queued assigned runner disappearance uses the persisted deadline
2026-10-10T22:09:48.6016675Z ok 514 - re-queued assigned runner disappearance uses the persisted deadline
2026-10-10T22:09:48.6017324Z   ---
2026-10-10T22:09:48.6017582Z   duration_ms: 1.7459
2026-10-10T22:09:48.6017877Z   ...
2026-10-10T22:09:48.6018417Z # Subtest: re-queued busy runner offline uses the persisted deadline
2026-10-10T22:09:48.6019309Z ok 515 - re-queued busy runner offline uses the persisted deadline
2026-10-10T22:09:48.6019885Z   ---
2026-10-10T22:09:48.6020175Z   duration_ms: 1.7271
2026-10-10T22:09:48.6020490Z   ...
2026-10-10T22:09:48.6021049Z # Subtest: unexpected live runner label fails closed before cleanup
2026-10-10T22:09:48.6022309Z ok 516 - unexpected live runner label fails closed before cleanup
2026-10-10T22:09:48.6022872Z   ---
2026-10-10T22:09:48.6023161Z   duration_ms: 1.4626
2026-10-10T22:09:48.6023462Z   ...
2026-10-10T22:09:48.6024151Z # Subtest: watchdog never deletes an unassigned runner while its controller is reachable
2026-10-10T22:09:48.6025257Z ok 517 - watchdog never deletes an unassigned runner while its controller is reachable
2026-10-10T22:09:48.6025994Z   ---
2026-10-10T22:09:48.6026299Z   duration_ms: 1.0377
2026-10-10T22:09:48.6026644Z   ...
2026-10-10T22:09:48.6027439Z # Subtest: watchdog deletes, cancels, and quarantines when controller disappears before runner online
2026-10-10T22:09:48.6028743Z ok 518 - watchdog deletes, cancels, and quarantines when controller disappears before runner online
2026-10-10T22:09:48.6029518Z   ---
2026-10-10T22:09:48.6029823Z   duration_ms: 1.319
2026-10-10T22:09:48.6030147Z   ...
2026-10-10T22:09:48.6030712Z # Subtest: accepts only exact checked mTLS controller health targets
2026-10-10T22:09:48.6031585Z ok 519 - accepts only exact checked mTLS controller health targets
2026-10-10T22:09:48.6032554Z   ---
2026-10-10T22:09:48.6032846Z   duration_ms: 4.2874
2026-10-10T22:09:48.6033452Z   ...
2026-10-10T22:09:48.6034180Z # Subtest: valid exact-identity health responses keep the controller reachable
2026-10-10T22:09:48.6035203Z ok 520 - valid exact-identity health responses keep the controller reachable
2026-10-10T22:09:48.6035831Z   ---
2026-10-10T22:09:48.6036322Z   duration_ms: 3.4195
2026-10-10T22:09:48.6050010Z   ...
2026-10-10T22:09:48.6050777Z # Subtest: watchdog sees unreachable only after consecutive failed health proofs
2026-10-10T22:09:48.6051822Z ok 521 - watchdog sees unreachable only after consecutive failed health proofs
2026-10-10T22:09:48.6052901Z   ---
2026-10-10T22:09:48.6053223Z   duration_ms: 1.2928
2026-10-10T22:09:48.6053580Z   ...
2026-10-10T22:09:48.6054299Z # Subtest: a healthy response resets accumulated reachability failures
2026-10-10T22:09:48.6055241Z ok 522 - a healthy response resets accumulated reachability failures
2026-10-10T22:09:48.6056210Z   ---
2026-10-10T22:09:48.6056534Z   duration_ms: 0.9973
2026-10-10T22:09:48.6056888Z   ...
2026-10-10T22:09:48.6057531Z # Subtest: broker token is exact-permission and single-repository scoped
2026-10-10T22:09:48.6058484Z ok 523 - broker token is exact-permission and single-repository scoped
2026-10-10T22:09:48.6059092Z   ---
2026-10-10T22:09:48.6059396Z   duration_ms: 416.0501
2026-10-10T22:09:48.6059734Z   ...
2026-10-10T22:09:48.6060329Z # Subtest: broker token rejects excess permission and repository scope
2026-10-10T22:09:48.6061255Z ok 524 - broker token rejects excess permission and repository scope
2026-10-10T22:09:48.6061870Z   ---
2026-10-10T22:09:48.6062177Z   duration_ms: 203.7515
2026-10-10T22:09:48.6062509Z   ...
2026-10-10T22:09:48.6063306Z # Subtest: runner reconciliation lists the fixed repository and deletes only one exact numeric ID
2026-10-10T22:09:48.6064591Z ok 525 - runner reconciliation lists the fixed repository and deletes only one exact numeric ID
2026-10-10T22:09:48.6065397Z   ---
2026-10-10T22:09:48.6065700Z   duration_ms: 1.1592
2026-10-10T22:09:48.6066060Z   ...
2026-10-10T22:09:48.6066656Z # Subtest: repository trust fetches all check runs for one exact commit SHA
2026-10-10T22:09:48.6067621Z ok 526 - repository trust fetches all check runs for one exact commit SHA
2026-10-10T22:09:48.6068227Z   ---
2026-10-10T22:09:48.6068500Z   duration_ms: 0.9102
2026-10-10T22:09:48.6068800Z   ...
2026-10-10T22:09:48.6069392Z # Subtest: binds broker archive, exact source, configuration, and protocols
2026-10-10T22:09:48.6070282Z ok 527 - binds broker archive, exact source, configuration, and protocols
2026-10-10T22:09:48.6070842Z   ---
2026-10-10T22:09:48.6071101Z   duration_ms: 43.4326
2026-10-10T22:09:48.6071400Z   ...
2026-10-10T22:09:48.6071981Z # Subtest: production server verifies separately provisioned authorizations
2026-10-10T22:09:48.6073596Z ok 528 - production server verifies separately provisioned authorizations
2026-10-10T22:09:48.6074213Z   ---
2026-10-10T22:09:48.6074493Z   duration_ms: 2.6692
2026-10-10T22:09:48.6074804Z   ...
2026-10-10T22:09:48.6075383Z # Subtest: broker startup exposes only active or initial host-canary modes
2026-10-10T22:09:48.6076324Z ok 529 - broker startup exposes only active or initial host-canary modes
2026-10-10T22:09:48.6076952Z   ---
2026-10-10T22:09:48.6077252Z   duration_ms: 0.6674
2026-10-10T22:09:48.6077605Z   ...
2026-10-10T22:09:48.6078572Z # Subtest: production watchdog uses the live controller reachability result
2026-10-10T22:09:48.6080055Z ok 530 - production watchdog uses the live controller reachability result
2026-10-10T22:09:48.6080683Z   ---
2026-10-10T22:09:48.6080962Z   duration_ms: 1.1898
2026-10-10T22:09:48.6081277Z   ...
2026-10-10T22:09:48.6081944Z # Subtest: production watchdog probes issued records before the runner is online
2026-10-10T22:09:48.6082991Z ok 531 - production watchdog probes issued records before the runner is online
2026-10-10T22:09:48.6083701Z   ---
2026-10-10T22:09:48.6084004Z   duration_ms: 0.3582
2026-10-10T22:09:48.6084326Z   ...
2026-10-10T22:09:48.6085474Z # Subtest: production watchdog keeps issuing, terminal, and cancellation-pending records out of health probes
2026-10-10T22:09:48.6086992Z ok 532 - production watchdog keeps issuing, terminal, and cancellation-pending records out of health probes
2026-10-10T22:09:48.6087871Z   ---
2026-10-10T22:09:48.6088172Z   duration_ms: 17.7842
2026-10-10T22:09:48.6088513Z   ...
2026-10-10T22:09:48.6089118Z # Subtest: a slow record cannot suppress five-second work for other records
2026-10-10T22:09:48.6090074Z ok 533 - a slow record cannot suppress five-second work for other records
2026-10-10T22:09:48.6090696Z   ---
2026-10-10T22:09:48.6090984Z   duration_ms: 10.3529
2026-10-10T22:09:48.6091319Z   ...
2026-10-10T22:09:48.6091973Z # Subtest: pinned Android Appium opens exact HTTPS route without exposing serial
2026-10-10T22:09:48.6093556Z ok 534 - pinned Android Appium opens exact HTTPS route without exposing serial
2026-10-10T22:09:48.6094544Z   ---
2026-10-10T22:09:48.6094847Z   duration_ms: 2.7706
2026-10-10T22:09:48.6095194Z   ...
2026-10-10T22:09:48.6095878Z # Subtest: iOS requires dedicated signing and disconnected/trust-prompt states fail
2026-10-10T22:09:48.6096968Z ok 535 - iOS requires dedicated signing and disconnected/trust-prompt states fail
2026-10-10T22:09:48.6097663Z   ---
2026-10-10T22:09:48.6097956Z   duration_ms: 1.1114
2026-10-10T22:09:48.6098277Z   ...
2026-10-10T22:09:48.6098824Z # Subtest: Appium cannot weaken public certificate verification
2026-10-10T22:09:48.6099665Z ok 536 - Appium cannot weaken public certificate verification
2026-10-10T22:09:48.6100220Z   ---
2026-10-10T22:09:48.6100523Z   duration_ms: 1.4062
2026-10-10T22:09:48.6100857Z   ...
2026-10-10T22:09:48.6101463Z # Subtest: Appium must expose current physical platform and browser versions
2026-10-10T22:09:48.6102404Z ok 537 - Appium must expose current physical platform and browser versions
2026-10-10T22:09:48.6103011Z   ---
2026-10-10T22:09:48.6103312Z   duration_ms: 0.5484
2026-10-10T22:09:48.6103650Z   ...
2026-10-10T22:09:48.6104376Z # Subtest: controller resolves one exact-ID authorization and cross-checks every API job
2026-10-10T22:09:48.6105538Z ok 538 - controller resolves one exact-ID authorization and cross-checks every API job
2026-10-10T22:09:48.6106248Z   ---
2026-10-10T22:09:48.6106544Z   duration_ms: 3.6633
2026-10-10T22:09:48.6106885Z   ...
2026-10-10T22:09:48.6107674Z # Subtest: controller rejects duplicate queued jobs, name lookup substitution, and API mismatch
2026-10-10T22:09:48.6108950Z ok 539 - controller rejects duplicate queued jobs, name lookup substitution, and API mismatch
2026-10-10T22:09:48.6109679Z   ---
2026-10-10T22:09:48.6109961Z   duration_ms: 1.4296
2026-10-10T22:09:48.6110286Z   ...
2026-10-10T22:09:48.6111050Z # Subtest: controller rejects a selected API run or attempt that disagrees with the attested record
2026-10-10T22:09:48.6112318Z ok 540 - controller rejects a selected API run or attempt that disagrees with the attested record
2026-10-10T22:09:48.6113496Z   ---
2026-10-10T22:09:48.6113797Z   duration_ms: 0.8714
2026-10-10T22:09:48.6114124Z   ...
2026-10-10T22:09:48.6114881Z # Subtest: controller rejects a signed workflow SHA that disagrees with the selected API run
2026-10-10T22:09:48.6116100Z ok 541 - controller rejects a signed workflow SHA that disagrees with the selected API run
2026-10-10T22:09:48.6116837Z   ---
2026-10-10T22:09:48.6117134Z   duration_ms: 0.5381
2026-10-10T22:09:48.6117460Z   ...
2026-10-10T22:09:48.6118051Z # Subtest: controller rejects missing, extra, or duplicate API labels
2026-10-10T22:09:48.6118922Z ok 542 - controller rejects missing, extra, or duplicate API labels
2026-10-10T22:09:48.6119502Z   ---
2026-10-10T22:09:48.6119787Z   duration_ms: 1.2716
2026-10-10T22:09:48.6120115Z   ...
2026-10-10T22:09:48.6120808Z # Subtest: controller rejects the wrong attempt-derived authorization artifact name
2026-10-10T22:09:48.6121950Z ok 543 - controller rejects the wrong attempt-derived authorization artifact name
2026-10-10T22:09:48.6122917Z   ---
2026-10-10T22:09:48.6123220Z   duration_ms: 0.3433
2026-10-10T22:09:48.6123546Z   ...
2026-10-10T22:09:48.6124243Z # Subtest: controller rejects an authorization whose attestation signature is invalid
2026-10-10T22:09:48.6125424Z ok 544 - controller rejects an authorization whose attestation signature is invalid
2026-10-10T22:09:48.6126128Z   ---
2026-10-10T22:09:48.6126418Z   duration_ms: 0.5768
2026-10-10T22:09:48.6126728Z   ...
2026-10-10T22:09:48.6127786Z # Subtest: controller-resolved authorization satisfies the current broker field contract
2026-10-10T22:09:48.6129098Z ok 545 - controller-resolved authorization satisfies the current broker field contract
2026-10-10T22:09:48.6136482Z   ---
2026-10-10T22:09:48.6136808Z   duration_ms: 2.0474
2026-10-10T22:09:48.6137176Z   ...
2026-10-10T22:09:48.6137798Z # Subtest: controller broker client signs mTLS issue and cleanup requests
2026-10-10T22:09:48.6139960Z ok 546 - controller broker client signs mTLS issue and cleanup requests
2026-10-10T22:09:48.6140659Z   ---
2026-10-10T22:09:48.6140955Z   duration_ms: 8.9637
2026-10-10T22:09:48.6141278Z   ...
2026-10-10T22:09:48.6141948Z # Subtest: controller polling resolves an attested authorization and executes it
2026-10-10T22:09:48.6143080Z ok 547 - controller polling resolves an attested authorization and executes it
2026-10-10T22:09:48.6143774Z   ---
2026-10-10T22:09:48.6144079Z   duration_ms: 7.2679
2026-10-10T22:09:48.6144426Z   ...
2026-10-10T22:09:48.6145089Z # Subtest: controller health record exposes only public identity and version
2026-10-10T22:09:48.6146061Z ok 548 - controller health record exposes only public identity and version
2026-10-10T22:09:48.6146713Z   ---
2026-10-10T22:09:48.6147014Z   duration_ms: 6.0593
2026-10-10T22:09:48.6147339Z   ...
2026-10-10T22:09:48.6147968Z # Subtest: broker mTLS health probe delivers the exact assignment lifecycle
2026-10-10T22:09:48.6148957Z ok 549 - broker mTLS health probe delivers the exact assignment lifecycle
2026-10-10T22:09:48.6149582Z   ---
2026-10-10T22:09:48.6149876Z   duration_ms: 2.0126
2026-10-10T22:09:48.6150228Z   ...
2026-10-10T22:09:48.6150857Z # Subtest: lifecycle headers from any non-broker mTLS identity fail closed
2026-10-10T22:09:48.6152462Z ok 550 - lifecycle headers from any non-broker mTLS identity fail closed
2026-10-10T22:09:48.6154092Z   ---
2026-10-10T22:09:48.6154393Z   duration_ms: 0.3557
2026-10-10T22:09:48.6154706Z   ...
2026-10-10T22:09:48.6367244Z # Subtest: controller receipt store binds immutable run and record identity
2026-10-10T22:09:48.6368769Z ok 551 - controller receipt store binds immutable run and record identity
2026-10-10T22:09:48.6369728Z   ---
2026-10-10T22:09:48.6370288Z   duration_ms: 7.7808
2026-10-10T22:09:48.6370889Z   ...
2026-10-10T22:09:48.6371802Z # Subtest: manual-session receipt is immutable and bound to the exact run attempt
2026-10-10T22:09:48.6374549Z ok 552 - manual-session receipt is immutable and bound to the exact run attempt
2026-10-10T22:09:48.6377050Z   ---
2026-10-10T22:09:48.6379937Z   duration_ms: 2.1777
2026-10-10T22:09:48.6380635Z   ...
2026-10-10T22:09:48.6625991Z # Subtest: controller signs RFC8785-compatible canonical bytes with P-256 SHA-256
2026-10-10T22:09:48.6627507Z ok 553 - controller signs RFC8785-compatible canonical bytes with P-256 SHA-256
2026-10-10T22:09:48.6629400Z   ---
2026-10-10T22:09:48.6629937Z   duration_ms: 5.3156
2026-10-10T22:09:48.6630471Z   ...
2026-10-10T22:09:48.7404770Z # Subtest: controller validates exact host, workflow, nonce labels, and ten-minute expiry
2026-10-10T22:09:48.7443847Z ok 554 - controller validates exact host, workflow, nonce labels, and ten-minute expiry
2026-10-10T22:09:48.7453523Z   ---
2026-10-10T22:09:48.7456270Z   duration_ms: 2.3761
2026-10-10T22:09:48.7459391Z   ...
2026-10-10T22:09:48.7465813Z # Subtest: runner receives only checked runtime controls including dedicated WDA signing
2026-10-10T22:09:48.7469834Z ok 555 - runner receives only checked runtime controls including dedicated WDA signing
2026-10-10T22:09:48.7471074Z   ---
2026-10-10T22:09:48.7471633Z   duration_ms: 0.3209
2026-10-10T22:09:48.7472180Z   ...
2026-10-10T22:09:48.7473085Z # Subtest: controller starts only run.sh --jitconfig, scrubs argv, and proves cleanup
2026-10-10T22:09:48.7474441Z ok 556 - controller starts only run.sh --jitconfig, scrubs argv, and proves cleanup
2026-10-10T22:09:48.7475334Z   ---
2026-10-10T22:09:48.7475807Z   duration_ms: 4.5971
2026-10-10T22:09:48.7479702Z   ...
2026-10-10T22:09:48.7525180Z # Subtest: controller stores a signed host canary only after broker-proven runner absence
2026-10-10T22:09:48.7559119Z ok 557 - controller stores a signed host canary only after broker-proven runner absence
2026-10-10T22:09:48.7560123Z   ---
2026-10-10T22:09:48.7560565Z   duration_ms: 8.6156
2026-10-10T22:09:48.7561456Z   ...
2026-10-10T22:09:48.7562852Z # Subtest: controller creates the signed manual session after hardware and runner cleanup
2026-10-10T22:09:48.7564070Z ok 558 - controller creates the signed manual session after hardware and runner cleanup
2026-10-10T22:09:48.7564944Z   ---
2026-10-10T22:09:48.7565386Z   duration_ms: 7.4497
2026-10-10T22:09:48.7565847Z   ...
2026-10-10T22:09:48.7566655Z # Subtest: manual terminal success cannot precede the controller capture deadline
2026-10-10T22:09:48.7567837Z ok 559 - manual terminal success cannot precede the controller capture deadline
2026-10-10T22:09:48.7568629Z   ---
2026-10-10T22:09:48.7569053Z   duration_ms: 0.3932
2026-10-10T22:09:48.7569532Z   ...
2026-10-10T22:09:48.7570492Z # Subtest: online-unassigned requires stopped listener, queued job, non-busy runner, and cancellation
2026-10-10T22:09:48.7571996Z ok 560 - online-unassigned requires stopped listener, queued job, non-busy runner, and cancellation
2026-10-10T22:09:48.7572932Z   ---
2026-10-10T22:09:48.7573385Z   duration_ms: 2.5746
2026-10-10T22:09:48.7573841Z   ...
2026-10-10T22:09:48.7574638Z # Subtest: busy or unproven broker cleanup quarantines and retains the host lock
2026-10-10T22:09:48.7575785Z ok 561 - busy or unproven broker cleanup quarantines and retains the host lock
2026-10-10T22:09:48.7576569Z   ---
2026-10-10T22:09:48.7577007Z   duration_ms: 1.0571
2026-10-10T22:09:48.7577464Z   ...
2026-10-10T22:09:48.7578258Z # Subtest: unproven local runner absence quarantines without wiping its job root
2026-10-10T22:09:48.7579411Z ok 562 - unproven local runner absence quarantines without wiping its job root
2026-10-10T22:09:48.7580179Z   ---
2026-10-10T22:09:48.7580586Z   duration_ms: 1.158
2026-10-10T22:09:48.7581031Z   ...
2026-10-10T22:09:48.7581811Z # Subtest: diagnostic retention failures quarantine without wipe, unlock, or receipt
2026-10-10T22:09:48.7583305Z ok 563 - diagnostic retention failures quarantine without wipe, unlock, or receipt
2026-10-10T22:09:48.7584146Z   ---
2026-10-10T22:09:48.7584568Z   duration_ms: 2.5163
2026-10-10T22:09:48.7585031Z   ...
2026-10-10T22:09:48.7585881Z # Subtest: lost JIT issuance response reconciles the broker before wipe and lock release
2026-10-10T22:09:48.7587420Z ok 564 - lost JIT issuance response reconciles the broker before wipe and lock release
2026-10-10T22:09:48.7588252Z   ---
2026-10-10T22:09:48.7588667Z   duration_ms: 0.8945
2026-10-10T22:09:48.7589158Z   ...
2026-10-10T22:09:48.7589953Z # Subtest: unreconciled JIT issuance quarantines without wipe or lock release
2026-10-10T22:09:48.7591184Z ok 565 - unreconciled JIT issuance quarantines without wipe or lock release
2026-10-10T22:09:48.7592046Z   ---
2026-10-10T22:09:48.7592522Z   duration_ms: 0.9673
2026-10-10T22:09:48.7593022Z   ...
2026-10-10T22:09:48.7593983Z # Subtest: failed launch handshake cannot clean the broker or wipe without bridge absence proof
2026-10-10T22:09:48.7595500Z ok 566 - failed launch handshake cannot clean the broker or wipe without bridge absence proof
2026-10-10T22:09:48.7596495Z   ---
2026-10-10T22:09:48.7596967Z   duration_ms: 1.49
2026-10-10T22:09:48.7597481Z   ...
2026-10-10T22:09:48.7598745Z # Subtest: failed launch handshake cleans only after checked bridge termination evidence
2026-10-10T22:09:48.7600168Z ok 567 - failed launch handshake cleans only after checked bridge termination evidence
2026-10-10T22:09:48.7604105Z   ---
2026-10-10T22:09:48.7606522Z   duration_ms: 2.3433
2026-10-10T22:09:48.7609876Z   ...
2026-10-10T22:09:48.7610783Z # Subtest: failed unconditional host cleanup cannot release the lock
2026-10-10T22:09:48.7611925Z ok 568 - failed unconditional host cleanup cannot release the lock
2026-10-10T22:09:48.7612728Z   ---
2026-10-10T22:09:48.7613209Z   duration_ms: 1.5294
2026-10-10T22:09:48.7613735Z   ...
2026-10-10T22:09:49.0153115Z # Subtest: runner diagnostics are copied externally and produce a bound hash receipt
2026-10-10T22:09:49.0166475Z ok 569 - runner diagnostics are copied externally and produce a bound hash receipt
2026-10-10T22:09:49.0182365Z   ---
2026-10-10T22:09:49.0202249Z   duration_ms: 65.9851
2026-10-10T22:09:49.0216710Z   ...
2026-10-10T22:09:49.0251515Z # Subtest: required diagnostic classes are redacted before receipt hashes are computed
2026-10-10T22:09:49.0261047Z ok 570 - required diagnostic classes are redacted before receipt hashes are computed
2026-10-10T22:09:49.0275304Z   ---
2026-10-10T22:09:49.0278212Z   duration_ms: 15.4191
2026-10-10T22:09:49.0317599Z   ...
2026-10-10T22:09:49.0337471Z # Subtest: namespaced mobile IDs and environment token keys are redacted exactly
2026-10-10T22:09:49.0392148Z ok 571 - namespaced mobile IDs and environment token keys are redacted exactly
2026-10-10T22:09:49.0417676Z   ---
2026-10-10T22:09:49.0421039Z   duration_ms: 15.4157
2026-10-10T22:09:49.0422224Z   ...
2026-10-10T22:09:49.0481316Z # Subtest: diagnostic redaction is idempotent
2026-10-10T22:09:49.0483610Z ok 572 - diagnostic redaction is idempotent
2026-10-10T22:09:49.0485210Z   ---
2026-10-10T22:09:49.0486372Z   duration_ms: 26.9182
2026-10-10T22:09:49.0487478Z   ...
2026-10-10T22:09:49.0488640Z # Subtest: absent, empty, and unknown runner diagnostics fail closed
2026-10-10T22:09:49.0489643Z ok 573 - absent, empty, and unknown runner diagnostics fail closed
2026-10-10T22:09:49.0490327Z   ---
2026-10-10T22:09:49.0490730Z   duration_ms: 13.5166
2026-10-10T22:09:49.0491164Z   ...
2026-10-10T22:09:49.0491986Z # Subtest: write failure removes the partial external destination without leaking details
2026-10-10T22:09:49.0493372Z ok 574 - write failure removes the partial external destination without leaking details
2026-10-10T22:09:49.0494168Z   ---
2026-10-10T22:09:49.0494564Z   duration_ms: 7.4371
2026-10-10T22:09:49.0494989Z   ...
2026-10-10T22:09:49.0495741Z # Subtest: non-text diagnostics and ambiguous residual secret syntax fail closed
2026-10-10T22:09:49.0496860Z ok 575 - non-text diagnostics and ambiguous residual secret syntax fail closed
2026-10-10T22:09:49.0497610Z   ---
2026-10-10T22:09:49.0497994Z   duration_ms: 71.3007
2026-10-10T22:09:49.0498421Z   ...
2026-10-10T22:09:49.0499145Z # Subtest: post-write changes fail validation and remove retained diagnostics
2026-10-10T22:09:49.0500516Z ok 576 - post-write changes fail validation and remove retained diagnostics
2026-10-10T22:09:49.0501450Z   ---
2026-10-10T22:09:49.0501879Z   duration_ms: 7.8013
2026-10-10T22:09:49.0502325Z   ...
2026-10-10T22:09:49.0503119Z # Subtest: receipt validation recomputes digests and rejects extra or private fields
2026-10-10T22:09:49.0504315Z ok 577 - receipt validation recomputes digests and rejects extra or private fields
2026-10-10T22:09:49.0505071Z   ---
2026-10-10T22:09:49.0505493Z   duration_ms: 19.2288
2026-10-10T22:09:49.0505952Z   ...
2026-10-10T22:09:49.3020330Z # Subtest: controller requests one-repository read-only Actions and Attestations token
2026-10-10T22:09:49.3056550Z ok 578 - controller requests one-repository read-only Actions and Attestations token
2026-10-10T22:09:49.3057914Z   ---
2026-10-10T22:09:49.3061247Z   duration_ms: 531.1334
2026-10-10T22:09:49.3062782Z   ...
2026-10-10T22:09:49.3064665Z # Subtest: production client maps the exact API run attempt and ignores malformed candidates
2026-10-10T22:09:49.3066132Z ok 579 - production client maps the exact API run attempt and ignores malformed candidates
2026-10-10T22:09:49.3067000Z   ---
2026-10-10T22:09:49.3067471Z   duration_ms: 2.2637
2026-10-10T22:09:49.3067940Z   ...
2026-10-10T22:09:49.3068870Z # Subtest: production artifact mapper does not use optional workflow run-attempt metadata
2026-10-10T22:09:49.3070208Z ok 580 - production artifact mapper does not use optional workflow run-attempt metadata
2026-10-10T22:09:49.3071073Z   ---
2026-10-10T22:09:49.3071541Z   duration_ms: 0.8342
2026-10-10T22:09:49.3073473Z   ...
2026-10-10T22:09:49.3224875Z # Subtest: active helper allowlist closes every external identity on every platform
2026-10-10T22:09:49.3226297Z ok 581 - active helper allowlist closes every external identity on every platform
2026-10-10T22:09:49.3227521Z   ---
2026-10-10T22:09:49.3227964Z   duration_ms: 5.6168
2026-10-10T22:09:49.3228438Z   ...
2026-10-10T22:09:49.3229007Z # Subtest: checked helper policy has a closed schema
2026-10-10T22:09:49.3229829Z ok 582 - checked helper policy has a closed schema
2026-10-10T22:09:49.3230489Z   ---
2026-10-10T22:09:49.3230940Z   duration_ms: 2.5491
2026-10-10T22:09:49.3231421Z   ...
2026-10-10T22:09:49.3232194Z # Subtest: pending or incomplete helper allowlists fail closed
2026-10-10T22:09:49.3233117Z ok 583 - pending or incomplete helper allowlists fail closed
2026-10-10T22:09:49.3233791Z   ---
2026-10-10T22:09:49.3234236Z   duration_ms: 1.4747
2026-10-10T22:09:49.3235095Z   ...
2026-10-10T22:09:49.3236077Z # Subtest: cleanup receipt requires explicit closure of every requested capability
2026-10-10T22:09:49.3237102Z ok 584 - cleanup receipt requires explicit closure of every requested capability
2026-10-10T22:09:49.3238007Z   ---
2026-10-10T22:09:49.3238857Z   duration_ms: 3.7151
2026-10-10T22:09:49.3239411Z   ...
2026-10-10T22:09:49.3240221Z # Subtest: cleanup receipt rejects incomplete requests and unrelated hosts
2026-10-10T22:09:49.3241357Z ok 585 - cleanup receipt rejects incomplete requests and unrelated hosts
2026-10-10T22:09:49.3242106Z   ---
2026-10-10T22:09:49.3242562Z   duration_ms: 0.5192
2026-10-10T22:09:49.3243038Z   ...
2026-10-10T22:09:49.3243784Z # Subtest: exclusive host lock serializes every asset owned by one host
2026-10-10T22:09:49.3245302Z ok 586 - exclusive host lock serializes every asset owned by one host
2026-10-10T22:09:49.3246044Z   ---
2026-10-10T22:09:49.3246490Z   duration_ms: 7.3943
2026-10-10T22:09:49.3246970Z   ...
2026-10-10T22:09:49.3247832Z # Subtest: reviewed helper digest rejects a substituted file and self-rewritten receipt
2026-10-10T22:09:49.3285466Z ok 587 - reviewed helper digest rejects a substituted file and self-rewritten receipt
2026-10-10T22:09:49.3287778Z   ---
2026-10-10T22:09:49.3288774Z   duration_ms: 39.492
2026-10-10T22:09:49.3289710Z   ...
2026-10-10T22:09:49.3290884Z # Subtest: host canary is controller-signed, non-support, and signature-verifiable
2026-10-10T22:09:49.3292440Z ok 588 - host canary is controller-signed, non-support, and signature-verifiable
2026-10-10T22:09:49.3316343Z   ---
2026-10-10T22:09:49.3318425Z   duration_ms: 36.6912
2026-10-10T22:09:49.3359974Z   ...
2026-10-10T22:09:49.3363714Z # Subtest: fallback adapter cannot produce a host canary
2026-10-10T22:09:49.3365323Z ok 589 - fallback adapter cannot produce a host canary
2026-10-10T22:09:49.3366738Z   ---
2026-10-10T22:09:49.3367360Z   duration_ms: 0.4272
2026-10-10T22:09:49.3367945Z   ...
2026-10-10T22:09:49.3368797Z # Subtest: Mac controller cannot sign without the complete mobile route evidence
2026-10-10T22:09:49.3370464Z ok 590 - Mac controller cannot sign without the complete mobile route evidence
2026-10-10T22:09:49.3371313Z   ---
2026-10-10T22:09:49.3371798Z   duration_ms: 2.1259
2026-10-10T22:09:49.3372567Z   ...
2026-10-10T22:09:49.3373921Z # Subtest: controller-record verifier rejects non-host record contracts
2026-10-10T22:09:49.3375289Z ok 591 - controller-record verifier rejects non-host record contracts
2026-10-10T22:09:49.3376021Z   ---
2026-10-10T22:09:49.3376476Z   duration_ms: 0.2302
2026-10-10T22:09:49.3376929Z   ...
2026-10-10T22:09:49.3377891Z # Subtest: native signer requires the pinned Windows CNG non-exportable key
2026-10-10T22:09:49.3379149Z ok 592 - native signer requires the pinned Windows CNG non-exportable key
2026-10-10T22:09:49.3380145Z   ---
2026-10-10T22:09:49.3380454Z   duration_ms: 11.2205
2026-10-10T22:09:49.3380796Z   ...
2026-10-10T22:09:49.3381269Z # Subtest: native signer never surfaces provider stderr
2026-10-10T22:09:49.3381971Z ok 593 - native signer never surfaces provider stderr
2026-10-10T22:09:49.3382462Z   ---
2026-10-10T22:09:49.3382768Z   duration_ms: 3.5366
2026-10-10T22:09:49.3383101Z   ...
2026-10-10T22:09:49.3384507Z # Subtest: native signer rejects exportable, wrong-backend, and substituted providers
2026-10-10T22:09:49.3385651Z ok 594 - native signer rejects exportable, wrong-backend, and substituted providers
2026-10-10T22:09:49.3386355Z   ---
2026-10-10T22:09:49.3386680Z   duration_ms: 4.4346
2026-10-10T22:09:49.3387006Z   ...
2026-10-10T22:09:49.4164949Z # Subtest: Unix run.sh launches only through the digest-pinned graphical-session bridge
2026-10-10T22:09:49.4168781Z ok 595 - Unix run.sh launches only through the digest-pinned graphical-session bridge
2026-10-10T22:09:49.4172453Z   ---
2026-10-10T22:09:49.4174609Z   duration_ms: 5.738
2026-10-10T22:09:49.4178095Z   ...
2026-10-10T22:09:49.4181954Z # Subtest: Unix runner rejects a missing, modified, or wrong-user session bridge
2026-10-10T22:09:49.4187162Z ok 596 - Unix runner rejects a missing, modified, or wrong-user session bridge
2026-10-10T22:09:49.4192335Z   ---
2026-10-10T22:09:49.4192880Z   duration_ms: 2.6225
2026-10-10T22:09:49.4193428Z   ...
2026-10-10T22:09:49.4195597Z # Subtest: Unix failed launch returns only checked process-group absence evidence
2026-10-10T22:09:49.4200318Z ok 597 - Unix failed launch returns only checked process-group absence evidence
2026-10-10T22:09:49.4201255Z   ---
2026-10-10T22:09:49.4201595Z   duration_ms: 2.3307
2026-10-10T22:09:49.4202213Z   ...
2026-10-10T22:09:49.4205593Z # Subtest: Windows run.cmd launches only through the digest-pinned console bridge
2026-10-10T22:09:49.4206985Z ok 598 - Windows run.cmd launches only through the digest-pinned console bridge
2026-10-10T22:09:49.4207893Z   ---
2026-10-10T22:09:49.4208383Z   duration_ms: 3.0367
2026-10-10T22:09:49.4208948Z   ...
2026-10-10T22:09:49.4209799Z # Subtest: Windows runner rejects a missing or modified session bridge
2026-10-10T22:09:49.4210831Z ok 599 - Windows runner rejects a missing or modified session bridge
2026-10-10T22:09:49.4213912Z   ---
2026-10-10T22:09:49.4214448Z   duration_ms: 0.8738
2026-10-10T22:09:49.4214989Z   ...
2026-10-10T22:09:49.4215832Z # Subtest: Windows failed launch returns job-object tree termination evidence
2026-10-10T22:09:49.4222826Z ok 600 - Windows failed launch returns job-object tree termination evidence
2026-10-10T22:09:49.4223736Z   ---
2026-10-10T22:09:49.4224280Z   duration_ms: 1.3254
2026-10-10T22:09:49.4228398Z   ...
2026-10-10T22:09:49.4236218Z # Subtest: Windows stop terminates the interactive runner tree before its bridge
2026-10-10T22:09:49.4237516Z ok 601 - Windows stop terminates the interactive runner tree before its bridge
2026-10-10T22:09:49.4238362Z   ---
2026-10-10T22:09:49.4238854Z   duration_ms: 0.7146
2026-10-10T22:09:49.4239389Z   ...
2026-10-10T22:09:49.4272722Z # Subtest: assignment timeout waits for broker-observed online-idle deadline evidence
2026-10-10T22:09:49.4278057Z ok 602 - assignment timeout waits for broker-observed online-idle deadline evidence
2026-10-10T22:09:49.4279010Z   ---
2026-10-10T22:09:49.4279505Z   duration_ms: 20.2982
2026-10-10T22:09:49.4280019Z   ...
2026-10-10T22:09:49.4412378Z # Subtest: assignment timeout rejects stale or ever-busy broker observations
2026-10-10T22:09:49.4423106Z ok 603 - assignment timeout rejects stale or ever-busy broker observations
2026-10-10T22:09:49.4424121Z   ---
2026-10-10T22:09:49.4424672Z   duration_ms: 6.7489
2026-10-10T22:09:49.4425195Z   ...
2026-10-10T22:09:49.4425976Z # Subtest: Unix stop terminates the interactive runner group through its bridge
2026-10-10T22:09:49.4427078Z ok 604 - Unix stop terminates the interactive runner group through its bridge
2026-10-10T22:09:49.4427922Z   ---
2026-10-10T22:09:49.4428399Z   duration_ms: 0.9615
2026-10-10T22:09:49.4428913Z   ...
2026-10-10T22:09:49.4429700Z # Subtest: Unix stop checks the runner group after the launch bridge exits
2026-10-10T22:09:49.4430862Z ok 605 - Unix stop checks the runner group after the launch bridge exits
2026-10-10T22:09:49.4431700Z   ---
2026-10-10T22:09:49.4432176Z   duration_ms: 1.4612
2026-10-10T22:09:49.4433108Z   ...
2026-10-10T22:09:49.4433951Z # Subtest: Unix stop escalates to checked process-group SIGKILL after timeout
2026-10-10T22:09:49.4439875Z ok 606 - Unix stop escalates to checked process-group SIGKILL after timeout
2026-10-10T22:09:49.4440758Z   ---
2026-10-10T22:09:49.4441706Z   duration_ms: 0.8799
2026-10-10T22:09:49.4442233Z   ...
2026-10-10T22:09:49.4443030Z # Subtest: Unix stop bounds force-kill absence and leaves cleanup unproven
2026-10-10T22:09:49.4444251Z ok 607 - Unix stop bounds force-kill absence and leaves cleanup unproven
2026-10-10T22:09:49.4445442Z   ---
2026-10-10T22:09:49.4445921Z   duration_ms: 0.9264
2026-10-10T22:09:49.4446413Z   ...
2026-10-10T22:09:49.4447165Z # Subtest: Unix stop rejects an unproven force kill even if the bridge exits
2026-10-10T22:09:49.4449212Z ok 608 - Unix stop rejects an unproven force kill even if the bridge exits
2026-10-10T22:09:49.4454764Z   ---
2026-10-10T22:09:49.4455768Z   duration_ms: 0.6772
2026-10-10T22:09:49.4456341Z   ...
2026-10-10T22:09:49.4590451Z # Subtest: every installed service launches polling orchestration, not health-only mode
2026-10-10T22:09:49.4596031Z ok 609 - every installed service launches polling orchestration, not health-only mode
2026-10-10T22:09:49.4596785Z   ---
2026-10-10T22:09:49.4600947Z   duration_ms: 4.2639
2026-10-10T22:09:49.4601329Z   ...
2026-10-10T22:09:49.4602111Z # Subtest: Windows service delegates runner launch to the pinned physical-console bridge
2026-10-10T22:09:49.4603304Z ok 610 - Windows service delegates runner launch to the pinned physical-console bridge
2026-10-10T22:09:49.4604024Z   ---
2026-10-10T22:09:49.4604305Z   duration_ms: 2.5782
2026-10-10T22:09:49.4604616Z   ...
2026-10-10T22:09:49.4605252Z # Subtest: macOS and Linux services delegate to the pinned graphical-login bridge
2026-10-10T22:09:49.4606272Z ok 611 - macOS and Linux services delegate to the pinned graphical-login bridge
2026-10-10T22:09:49.4606899Z   ---
2026-10-10T22:09:49.4607212Z   duration_ms: 2.615
2026-10-10T22:09:49.4607574Z   ...
2026-10-10T22:09:49.4882917Z # Subtest: loaded service runtime controls cross the sanitized JIT boundary
2026-10-10T22:09:49.4885706Z ok 612 - loaded service runtime controls cross the sanitized JIT boundary
2026-10-10T22:09:49.4886436Z   ---
2026-10-10T22:09:49.4886779Z   duration_ms: 29.4423
2026-10-10T22:09:49.4887164Z   ...
2026-10-10T22:09:49.5628496Z # Subtest: Linux discovery requires the checked unlocked local GNOME Wayland login
2026-10-10T22:09:49.5630184Z ok 613 - Linux discovery requires the checked unlocked local GNOME Wayland login
2026-10-10T22:09:49.5631018Z   ---
2026-10-10T22:09:49.5631315Z   duration_ms: 2.8005
2026-10-10T22:09:49.5631636Z   ...
2026-10-10T22:09:49.5637604Z # Subtest: macOS discovery requires the checked unlocked on-console Aqua login
2026-10-10T22:09:49.5641044Z ok 614 - macOS discovery requires the checked unlocked on-console Aqua login
2026-10-10T22:09:49.5641824Z   ---
2026-10-10T22:09:49.5642115Z   duration_ms: 0.5023
2026-10-10T22:09:49.5642455Z   ...
2026-10-10T22:09:49.5649128Z # Subtest: interactive environment keeps runtime controls but replaces controller identity
2026-10-10T22:09:49.5651014Z ok 615 - interactive environment keeps runtime controls but replaces controller identity
2026-10-10T22:09:49.5651884Z   ---
2026-10-10T22:09:49.5652166Z   duration_ms: 0.3953
2026-10-10T22:09:49.5652506Z   ...
2026-10-10T22:09:49.5656528Z # Subtest: runner handoff preserves the verified distribution ownership boundary
2026-10-10T22:09:49.5658266Z ok 616 - runner handoff preserves the verified distribution ownership boundary
2026-10-10T22:09:49.5659205Z   ---
2026-10-10T22:09:49.5659514Z   duration_ms: 15.77
2026-10-10T22:09:49.5659833Z   ...
2026-10-10T22:09:49.5663195Z # Subtest: job-root traversal is granted only to the checked graphical identity
2026-10-10T22:09:49.5664355Z ok 617 - job-root traversal is granted only to the checked graphical identity
2026-10-10T22:09:49.5665299Z   ---
2026-10-10T22:09:49.5666257Z   duration_ms: 4.8504
2026-10-10T22:09:49.5666581Z   ...
2026-10-10T22:09:49.5671317Z # Subtest: job-root ACL supports launch and cleanup across real Unix UIDs
2026-10-10T22:09:49.5675333Z ok 618 - job-root ACL supports launch and cleanup across real Unix UIDs # SKIP
2026-10-10T22:09:49.5676273Z   ---
2026-10-10T22:09:49.5676594Z   duration_ms: 0.1362
2026-10-10T22:09:49.5679521Z   ...
2026-10-10T22:09:49.5687245Z # Subtest: transient handoff has no privileged recursive reclamation surface
2026-10-10T22:09:49.5689232Z ok 619 - transient handoff has no privileged recursive reclamation surface
2026-10-10T22:09:49.5690236Z   ---
2026-10-10T22:09:49.5690607Z   duration_ms: 0.3485
2026-10-10T22:09:49.5690941Z   ...
2026-10-10T22:09:49.5693754Z # Subtest: forced runner cleanup requires bounded process-group absence
2026-10-10T22:09:49.5695495Z ok 620 - forced runner cleanup requires bounded process-group absence
2026-10-10T22:09:49.5696098Z   ---
2026-10-10T22:09:49.5696393Z   duration_ms: 1.0563
2026-10-10T22:09:49.5696733Z   ...
2026-10-10T22:09:49.5830888Z 1..620
2026-10-10T22:09:49.5831192Z # tests 620
2026-10-10T22:09:49.5831406Z # suites 0
2026-10-10T22:09:49.5831582Z # pass 619
2026-10-10T22:09:49.5831744Z # fail 0
2026-10-10T22:09:49.5831922Z # cancelled 0
2026-10-10T22:09:49.5832105Z # skipped 1
2026-10-10T22:09:49.5832267Z # todo 0
2026-10-10T22:09:49.5837127Z # duration_ms 14300.0946
2026-10-10T22:09:53.1233936Z ##[group]Run npm pack --dry-run
2026-10-10T22:09:53.1234287Z [36;1mnpm pack --dry-run[0m
2026-10-10T22:09:53.1303878Z shell: C:\Program Files\PowerShell\7\pwsh.EXE -command ". '{0}'"
2026-10-10T22:09:53.1304237Z env:
2026-10-10T22:09:53.1304416Z   CARGO_TERM_COLOR: always
2026-10-10T22:09:53.1304638Z   RUST_BACKTRACE: 1
2026-10-10T22:09:53.1304854Z   CARGO_HOME: C:\Users\runneradmin\.cargo
2026-10-10T22:09:53.1305119Z   CARGO_INCREMENTAL: 0
2026-10-10T22:09:53.1305319Z ##[endgroup]
2026-10-10T22:09:56.5709812Z npm notice
2026-10-10T22:09:56.5712251Z npm notice package: @forge3d/web@1.26.3
2026-10-10T22:09:56.5713315Z npm notice Tarball Contents
2026-10-10T22:09:56.5722674Z npm notice 1.1kB LICENSE
2026-10-10T22:09:56.5723193Z npm notice 10.5kB LICENSE-APACHE
2026-10-10T22:09:56.5723696Z npm notice 18.5kB README.md
2026-10-10T22:09:56.5724191Z npm notice 90B assets/basis/.gitattributes
2026-10-10T22:09:56.5724851Z npm notice 50.5kB assets/basis/basis_transcoder.js
2026-10-10T22:09:56.5725352Z npm notice 960.3kB assets/basis/basis_transcoder.wasm
2026-10-10T22:09:56.5726346Z npm notice 11.3kB assets/basis/LICENSE
2026-10-10T22:09:56.5726959Z npm notice 262.3kB assets/datasets/mini_dem.npy
2026-10-10T22:09:56.5727648Z npm notice 4.6kB assets/datasets/provenance.json
2026-10-10T22:09:56.5728137Z npm notice 2.0kB assets/datasets/remote-storage.json
2026-10-10T22:09:56.5728900Z npm notice 1.4kB assets/datasets/sample_boundaries.geojson
2026-10-10T22:09:56.5729555Z npm notice 569.2kB assets/fonts/NotoSans-Regular.ttf
2026-10-10T22:09:56.5730173Z npm notice 240.5kB assets/fonts/NotoSansArabic-Regular.ttf
2026-10-10T22:09:56.5730944Z npm notice 219.2kB assets/fonts/NotoSansDevanagari-Regular.ttf
2026-10-10T22:09:56.5731609Z npm notice 4.4kB assets/fonts/OFL.txt
2026-10-10T22:09:56.5732071Z npm notice 663B assets/fonts/provenance.json
2026-10-10T22:09:56.5732412Z npm notice 31.8kB assets/harfbuzz/harfbuzz.js
2026-10-10T22:09:56.5732759Z npm notice 422.0kB assets/harfbuzz/harfbuzz.wasm
2026-10-10T22:09:56.5733093Z npm notice 1.3kB assets/harfbuzz/index.d.mts
2026-10-10T22:09:56.5733626Z npm notice 83.0kB assets/harfbuzz/index.mjs
2026-10-10T22:09:56.5734171Z npm notice 1.1kB assets/harfbuzz/LICENSE
2026-10-10T22:09:56.5734773Z npm notice 904B assets/harfbuzz/provenance.json
2026-10-10T22:09:56.5735309Z npm notice 87.3kB assets/laz/laz-perf.js
2026-10-10T22:09:56.5735782Z npm notice 11.3kB assets/laz/laz-perf.LICENSE
2026-10-10T22:09:56.5736106Z npm notice 214.4kB assets/laz/laz-perf.wasm
2026-10-10T22:09:56.5736414Z npm notice 608B assets/laz/provenance.json
2026-10-10T22:09:56.5737209Z npm notice 19.7kB assets/proj/GRID-LICENSE.txt
2026-10-10T22:09:56.5737744Z npm notice 1.1kB assets/proj/LICENSE
2026-10-10T22:09:56.5738067Z npm notice 1.8kB assets/proj/PROJ-COPYING
2026-10-10T22:09:56.5738405Z npm notice 180.7kB assets/proj/proj-emscripten.js
2026-10-10T22:09:56.5738756Z npm notice 3.6MB assets/proj/proj-emscripten.wasm
2026-10-10T22:09:56.5739079Z npm notice 10.2MB assets/proj/proj.db
2026-10-10T22:09:56.5739366Z npm notice 2.4kB assets/proj/proj.ini
2026-10-10T22:09:56.5739722Z npm notice 2.0kB assets/proj/provenance.json
2026-10-10T22:09:56.5740047Z npm notice 173.0kB assets/proj/us_noaa_conus.tif
2026-10-10T22:09:56.5740389Z npm notice 760.0kB assets/w12/luxembourg-rail.json
2026-10-10T22:09:56.5740724Z npm notice 4.3kB dist/asset-manifest.json
2026-10-10T22:09:56.5741031Z npm notice 328B dist/browser-io.d.ts
2026-10-10T22:09:56.5741306Z npm notice 11.5kB dist/browser-io.js
2026-10-10T22:09:56.5741611Z npm notice 2.6kB dist/browser-resources.d.ts
2026-10-10T22:09:56.5741936Z npm notice 28.7kB dist/browser-resources.js
2026-10-10T22:09:56.5742268Z npm notice 1.1kB dist/building-diagnostics.d.ts
2026-10-10T22:09:56.5742611Z npm notice 2.2kB dist/building-diagnostics.js
2026-10-10T22:09:56.5742937Z npm notice 874B dist/building-materials.d.ts
2026-10-10T22:09:56.5744118Z npm notice 6.7kB dist/building-materials.js
2026-10-10T22:09:56.5746982Z npm notice 3.2kB dist/buildings.d.ts
2026-10-10T22:09:56.5747386Z npm notice 21.3kB dist/buildings.js
2026-10-10T22:09:56.5747700Z npm notice 3.2kB dist/byte-cache.d.ts
2026-10-10T22:09:56.5748003Z npm notice 14.2kB dist/byte-cache.js
2026-10-10T22:09:56.5748325Z npm notice 4.0kB dist/camera-animation.d.ts
2026-10-10T22:09:56.5748663Z npm notice 13.8kB dist/camera-animation.js
2026-10-10T22:09:56.5749009Z npm notice 4.4kB dist/camera-controllers.d.ts
2026-10-10T22:09:56.5749357Z npm notice 24.1kB dist/camera-controllers.js
2026-10-10T22:09:56.5749672Z npm notice 6.3kB dist/camera-rigs.d.ts
2026-10-10T22:09:56.5749975Z npm notice 34.7kB dist/camera-rigs.js
2026-10-10T22:09:56.5750261Z npm notice 5.8kB dist/camera.d.ts
2026-10-10T22:09:56.5750529Z npm notice 32.8kB dist/camera.js
2026-10-10T22:09:56.5750786Z npm notice 3.4kB dist/cog.d.ts
2026-10-10T22:09:56.5751033Z npm notice 24.7kB dist/cog.js
2026-10-10T22:09:56.5751292Z npm notice 1.8kB dist/copc.d.ts
2026-10-10T22:09:56.5751543Z npm notice 8.5kB dist/copc.js
2026-10-10T22:09:56.5751809Z npm notice 380B dist/crs-geometry.d.ts
2026-10-10T22:09:56.5752101Z npm notice 4.2kB dist/crs-geometry.js
2026-10-10T22:09:56.5752376Z npm notice 1.3kB dist/crs-layers.d.ts
2026-10-10T22:09:56.5752652Z npm notice 5.2kB dist/crs-layers.js
2026-10-10T22:09:56.5752934Z npm notice 2.1kB dist/crs-types.d.ts
2026-10-10T22:09:56.5753208Z npm notice 11B dist/crs-types.js
2026-10-10T22:09:56.5753473Z npm notice 11B dist/crs-worker.d.ts
2026-10-10T22:09:56.5753752Z npm notice 182.7kB dist/crs-worker.js
2026-10-10T22:09:56.5754012Z npm notice 1.9kB dist/crs.d.ts
2026-10-10T22:09:56.5754254Z npm notice 12.6kB dist/crs.js
2026-10-10T22:09:56.5754523Z npm notice 125B dist/dataset-catalog.d.ts
2026-10-10T22:09:56.5754836Z npm notice 5.5kB dist/dataset-catalog.js
2026-10-10T22:09:56.5755133Z npm notice 1.5kB dist/dataset-types.d.ts
2026-10-10T22:09:56.5755422Z npm notice 11B dist/dataset-types.js
2026-10-10T22:09:56.5755706Z npm notice 1.6kB dist/datasets.d.ts
2026-10-10T22:09:56.5755979Z npm notice 9.2kB dist/datasets.js
2026-10-10T22:09:56.5756254Z npm notice 1.1kB dist/density-volume.d.ts
2026-10-10T22:09:56.5756554Z npm notice 7.7kB dist/density-volume.js
2026-10-10T22:09:56.5756859Z npm notice 299B dist/display-adapters.d.ts
2026-10-10T22:09:56.5757165Z npm notice 4.9kB dist/display-adapters.js
2026-10-10T22:09:56.5757477Z npm notice 411B dist/environment-input.d.ts
2026-10-10T22:09:56.5757791Z npm notice 535B dist/environment-input.js
2026-10-10T22:09:56.5758110Z npm notice 4.7kB dist/environment-types.d.ts
2026-10-10T22:09:56.5758536Z npm notice 11B dist/environment-types.js
2026-10-10T22:09:56.5759307Z npm notice 199B dist/environment-validation.d.ts
2026-10-10T22:09:56.5760264Z npm notice 11.1kB dist/environment-validation.js
2026-10-10T22:09:56.5764315Z npm notice 799B dist/environment.d.ts
2026-10-10T22:09:56.5765770Z npm notice 2.4kB dist/environment.js
2026-10-10T22:09:56.5766817Z npm notice 1.9kB dist/ept.d.ts
2026-10-10T22:09:56.5767133Z npm notice 9.4kB dist/ept.js
2026-10-10T22:09:56.5767450Z npm notice 2.7MB dist/forge3d_web_bg.wasm
2026-10-10T22:09:56.5767772Z npm notice 119.8kB dist/forge3d_web.js
2026-10-10T22:09:56.5768097Z npm notice 3.6kB dist/frame-stream.d.ts
2026-10-10T22:09:56.5768406Z npm notice 12.1kB dist/frame-stream.js
2026-10-10T22:09:56.5768703Z npm notice 5.1kB dist/frames.d.ts
2026-10-10T22:09:56.5768975Z npm notice 19.2kB dist/frames.js
2026-10-10T22:09:56.5769251Z npm notice 1.8kB dist/geometry.d.ts
2026-10-10T22:09:56.5769535Z npm notice 14.9kB dist/geometry.js
2026-10-10T22:09:56.5769806Z npm notice 1.5kB dist/ibl.d.ts
2026-10-10T22:09:56.5770053Z npm notice 39.2kB dist/ibl.js
2026-10-10T22:09:56.5770317Z npm notice 712B dist/image-io.d.ts
2026-10-10T22:09:56.5770583Z npm notice 5.2kB dist/image-io.js
2026-10-10T22:09:56.5770844Z npm notice 87.9kB dist/index.d.ts
2026-10-10T22:09:56.5771105Z npm notice 66.2kB dist/index.js
2026-10-10T22:09:56.5771392Z npm notice 1.6kB dist/label-candidates.d.ts
2026-10-10T22:09:56.5772416Z npm notice 10.1kB dist/label-candidates.js
2026-10-10T22:09:56.5772785Z npm notice 3.0kB dist/label-cases.d.ts
2026-10-10T22:09:56.5773088Z npm notice 2.8kB dist/label-cases.js
2026-10-10T22:09:56.5773391Z npm notice 1.5kB dist/label-declutter.d.ts
2026-10-10T22:09:56.5773701Z npm notice 7.4kB dist/label-declutter.js
2026-10-10T22:09:56.5774021Z npm notice 348B dist/label-diagnostics.d.ts
2026-10-10T22:09:56.5774344Z npm notice 3.4kB dist/label-diagnostics.js
2026-10-10T22:09:56.5774650Z npm notice 2.6kB dist/label-features.d.ts
2026-10-10T22:09:56.5774956Z npm notice 12.2kB dist/label-features.js
2026-10-10T22:09:56.5775250Z npm notice 520B dist/label-mesh.d.ts
2026-10-10T22:09:56.5775530Z npm notice 6.2kB dist/label-mesh.js
2026-10-10T22:09:56.5775812Z npm notice 1.5kB dist/label-plan.d.ts
2026-10-10T22:09:56.5776102Z npm notice 16.9kB dist/label-plan.js
2026-10-10T22:09:56.5776383Z npm notice 5.8kB dist/label-types.d.ts
2026-10-10T22:09:56.5776743Z npm notice 11B dist/label-types.js
2026-10-10T22:09:56.5777489Z npm notice 4.4kB dist/labels.d.ts
2026-10-10T22:09:56.5778005Z npm notice 29.2kB dist/labels.js
2026-10-10T22:09:56.5778539Z npm notice 712B dist/laz-decoder-local.d.ts
2026-10-10T22:09:56.5778882Z npm notice 6.0kB dist/laz-decoder-local.js
2026-10-10T22:09:56.5779185Z npm notice 554B dist/laz-decoder.d.ts
2026-10-10T22:09:56.5779474Z npm notice 3.2kB dist/laz-decoder.js
2026-10-10T22:09:56.5779753Z npm notice 11B dist/laz-worker.d.ts
2026-10-10T22:09:56.5780036Z npm notice 1.1kB dist/laz-worker.js
2026-10-10T22:09:56.5780304Z npm notice 1.6kB dist/lighting.d.ts
2026-10-10T22:09:56.5780592Z npm notice 20.4kB dist/lighting.js
2026-10-10T22:09:56.5780877Z npm notice 998B dist/materials.d.ts
2026-10-10T22:09:56.5781160Z npm notice 18.8kB dist/materials.js
2026-10-10T22:09:56.5781446Z npm notice 446B dist/memory-policy.d.ts
2026-10-10T22:09:56.5781751Z npm notice 5.5kB dist/memory-policy.js
2026-10-10T22:09:56.5782038Z npm notice 1.4kB dist/mesh-gltf.d.ts
2026-10-10T22:09:56.5782312Z npm notice 17.0kB dist/mesh-gltf.js
2026-10-10T22:09:56.5782583Z npm notice 1.4kB dist/mesh-io.d.ts
2026-10-10T22:09:56.5782850Z npm notice 4.3kB dist/mesh-io.js
2026-10-10T22:09:56.5783253Z npm notice 957B dist/mesh-obj.d.ts
2026-10-10T22:09:56.5783582Z npm notice 7.5kB dist/mesh-obj.js
2026-10-10T22:09:56.5783884Z npm notice 2.7kB dist/mesh-processing.d.ts
2026-10-10T22:09:56.5784206Z npm notice 18.5kB dist/mesh-processing.js
2026-10-10T22:09:56.5784502Z npm notice 201B dist/mesh-stl.d.ts
2026-10-10T22:09:56.5784763Z npm notice 3.7kB dist/mesh-stl.js
2026-10-10T22:09:56.5785270Z npm notice 602B dist/mesh-worker.d.ts
2026-10-10T22:09:56.5785736Z npm notice 1.3kB dist/mesh-worker.js
2026-10-10T22:09:56.5786044Z npm notice 2.7kB dist/mesh.d.ts
2026-10-10T22:09:56.5786296Z npm notice 7.9kB dist/mesh.js
2026-10-10T22:09:56.5786575Z npm notice 601B dist/message-protocol.d.ts
2026-10-10T22:09:56.5786896Z npm notice 11.6kB dist/message-protocol.js
2026-10-10T22:09:56.5787206Z npm notice 237B dist/native-reports.d.ts
2026-10-10T22:09:56.5787510Z npm notice 3.8kB dist/native-reports.js
2026-10-10T22:09:56.5787803Z npm notice 4.6kB dist/offline.d.ts
2026-10-10T22:09:56.5788077Z npm notice 17.6kB dist/offline.js
2026-10-10T22:09:56.5788377Z npm notice 788B dist/offscreen-renderer.d.ts
2026-10-10T22:09:56.5788706Z npm notice 4.8kB dist/offscreen-renderer.js
2026-10-10T22:09:56.5789033Z npm notice 1.1kB dist/orbit-controller.d.ts
2026-10-10T22:09:56.5789346Z npm notice 9.0kB dist/orbit-controller.js
2026-10-10T22:09:56.5789643Z npm notice 435B dist/ownership.d.ts
2026-10-10T22:09:56.5789932Z npm notice 3.7kB dist/ownership.js
2026-10-10T22:09:56.5790904Z npm notice 1.3kB dist/pointcloud-buffer.d.ts
2026-10-10T22:09:56.5791536Z npm notice 5.8kB dist/pointcloud-buffer.js
2026-10-10T22:09:56.5792148Z npm notice 2.2kB dist/pointcloud-common.d.ts
2026-10-10T22:09:56.5792911Z npm notice 6.3kB dist/pointcloud-common.js
2026-10-10T22:09:56.5793441Z npm notice 612B dist/pointcloud-las.d.ts
2026-10-10T22:09:56.5793781Z npm notice 3.6kB dist/pointcloud-las.js
2026-10-10T22:09:56.5794099Z npm notice 2.5kB dist/pointcloud-layer.d.ts
2026-10-10T22:09:56.5794414Z npm notice 7.1kB dist/pointcloud-layer.js
2026-10-10T22:09:56.5794722Z npm notice 985B dist/pointcloud-octree.d.ts
2026-10-10T22:09:56.5795036Z npm notice 6.0kB dist/pointcloud-octree.js
2026-10-10T22:09:56.5795358Z npm notice 1.8kB dist/pointcloud-renderer.d.ts
2026-10-10T22:09:56.5795695Z npm notice 23.7kB dist/pointcloud-renderer.js
2026-10-10T22:09:56.5796256Z npm notice 1.6kB dist/pointcloud-source.d.ts
2026-10-10T22:09:56.5796778Z npm notice 4.7kB dist/pointcloud-source.js
2026-10-10T22:09:56.5797280Z npm notice 2.2kB dist/pointcloud-types.d.ts
2026-10-10T22:09:56.5797780Z npm notice 11B dist/pointcloud-types.js
2026-10-10T22:09:56.5798261Z npm notice 11B dist/pointcloud-worker.d.ts
2026-10-10T22:09:56.5798759Z npm notice 345B dist/pointcloud-worker.js
2026-10-10T22:09:56.5799249Z npm notice 2.2kB dist/pointcloud.d.ts
2026-10-10T22:09:56.5799721Z npm notice 4.4kB dist/pointcloud.js
2026-10-10T22:09:56.5800198Z npm notice 3.8kB dist/postfx-types.d.ts
2026-10-10T22:09:56.5800675Z npm notice 11B dist/postfx-types.js
2026-10-10T22:09:56.5801138Z npm notice 991B dist/postfx.d.ts
2026-10-10T22:09:56.5801576Z npm notice 14.2kB dist/postfx.js
2026-10-10T22:09:56.5802071Z npm notice 2.0kB dist/probe-bake-options.d.ts
2026-10-10T22:09:56.5802640Z npm notice 2.0kB dist/probe-bake-options.js
2026-10-10T22:09:56.5803242Z npm notice 1.4kB dist/probe-bake-worker-client.d.ts
2026-10-10T22:09:56.5803907Z npm notice 3.4kB dist/probe-bake-worker-client.js
2026-10-10T22:09:56.5804505Z npm notice 11B dist/probe-bake-worker.d.ts
2026-10-10T22:09:56.5805036Z npm notice 2.5kB dist/probe-bake-worker.js
2026-10-10T22:09:56.5805547Z npm notice 2.4kB dist/proj-assets.d.ts
2026-10-10T22:09:56.5806287Z npm notice 2.3kB dist/proj-assets.js
2026-10-10T22:09:56.5806775Z npm notice 1.2kB dist/proj-kernel.d.ts
2026-10-10T22:09:56.5807267Z npm notice 12.0kB dist/proj-kernel.js
2026-10-10T22:09:56.5807770Z npm notice 944B dist/range-scheduler.d.ts
2026-10-10T22:09:56.5808303Z npm notice 26.0kB dist/range-scheduler.js
2026-10-10T22:09:56.5808812Z npm notice 163B dist/render-graph.d.ts
2026-10-10T22:09:56.5809289Z npm notice 6.0kB dist/render-graph.js
2026-10-10T22:09:56.5809807Z npm notice 1.2kB dist/render-scheduler.d.ts
2026-10-10T22:09:56.5810331Z npm notice 6.1kB dist/render-scheduler.js
2026-10-10T22:09:56.5810852Z npm notice 662B dist/renderer-config.d.ts
2026-10-10T22:09:56.5811370Z npm notice 14.0kB dist/renderer-config.js
2026-10-10T22:09:56.5812110Z npm notice 1.7kB dist/resize-controller.d.ts
2026-10-10T22:09:56.5812665Z npm notice 12.7kB dist/resize-controller.js
2026-10-10T22:09:56.5813199Z npm notice 917B dist/resource-policy.d.ts
2026-10-10T22:09:56.5813718Z npm notice 5.8kB dist/resource-policy.js
2026-10-10T22:09:56.5814257Z npm notice 2.1kB dist/runtime-internals.d.ts
2026-10-10T22:09:56.5814806Z npm notice 2.4kB dist/runtime-internals.js
2026-10-10T22:09:56.5815329Z npm notice 1.2kB dist/scatter-mesh.d.ts
2026-10-10T22:09:56.5815818Z npm notice 5.0kB dist/scatter-mesh.js
2026-10-10T22:09:56.5816307Z npm notice 221B dist/scatter-qem.d.ts
2026-10-10T22:09:56.5816804Z npm notice 10.9kB dist/scatter-qem.js
2026-10-10T22:09:56.5817297Z npm notice 67B dist/scatter-random.d.ts
2026-10-10T22:09:56.5817801Z npm notice 2.3kB dist/scatter-random.js
2026-10-10T22:09:56.5818319Z npm notice 1.6kB dist/scatter-source.d.ts
2026-10-10T22:09:56.5818837Z npm notice 11.2kB dist/scatter-source.js
2026-10-10T22:09:56.5819352Z npm notice 3.6kB dist/scatter-types.d.ts
2026-10-10T22:09:56.5819853Z npm notice 11B dist/scatter-types.js
2026-10-10T22:09:56.5820325Z npm notice 5.1kB dist/scene.d.ts
2026-10-10T22:09:56.5820762Z npm notice 42.4kB dist/scene.js
2026-10-10T22:09:56.5821206Z npm notice 9.1kB dist/session.d.ts
2026-10-10T22:09:56.5821664Z npm notice 35.7kB dist/session.js
2026-10-10T22:09:56.5822284Z npm notice 2.1kB dist/shadows.d.ts
2026-10-10T22:09:56.5822740Z npm notice 18.3kB dist/shadows.js
2026-10-10T22:09:56.5823209Z npm notice 243B dist/sun-position.d.ts
2026-10-10T22:09:56.5823734Z npm notice 3.0kB dist/sun-position.js
2026-10-10T22:09:56.5824241Z npm notice 2.2kB dist/terrain-dataset.d.ts
2026-10-10T22:09:56.5824777Z npm notice 45.8kB dist/terrain-dataset.js
2026-10-10T22:09:56.5825307Z npm notice 1.1kB dist/terrain-material.d.ts
2026-10-10T22:09:56.5826075Z npm notice 22.0kB dist/terrain-material.js
2026-10-10T22:09:56.5826607Z npm notice 2.4kB dist/terrain-overlay.d.ts
2026-10-10T22:09:56.5827146Z npm notice 14.9kB dist/terrain-overlay.js
2026-10-10T22:09:56.5827662Z npm notice 3.9kB dist/terrain-probes.d.ts
2026-10-10T22:09:56.5828171Z npm notice 15.8kB dist/terrain-probes.js
2026-10-10T22:09:56.5828703Z npm notice 1.4kB dist/terrain-scatter.d.ts
2026-10-10T22:09:56.5829216Z npm notice 16.2kB dist/terrain-scatter.js
2026-10-10T22:09:56.5829759Z npm notice 4.8kB dist/terrain-streaming.d.ts
2026-10-10T22:09:56.5830314Z npm notice 24.0kB dist/terrain-streaming.js
2026-10-10T22:09:56.5830814Z npm notice 1.4kB dist/textures.d.ts
2026-10-10T22:09:56.5831268Z npm notice 46.6kB dist/textures.js
2026-10-10T22:09:56.5831757Z npm notice 991B dist/tiles3d-bounds.d.ts
2026-10-10T22:09:56.5832270Z npm notice 6.0kB dist/tiles3d-bounds.js
2026-10-10T22:09:56.5832775Z npm notice 1.2kB dist/tiles3d-content.d.ts
2026-10-10T22:09:56.5833303Z npm notice 9.4kB dist/tiles3d-content.js
2026-10-10T22:09:56.5833800Z npm notice 2.1kB dist/tiles3d-layer.d.ts
2026-10-10T22:09:56.5834296Z npm notice 13.8kB dist/tiles3d-layer.js
2026-10-10T22:09:56.5834790Z npm notice 3.1kB dist/tiles3d.d.ts
2026-10-10T22:09:56.5835234Z npm notice 10.1kB dist/tiles3d.js
2026-10-10T22:09:56.5835689Z npm notice 2.7kB dist/typography.d.ts
2026-10-10T22:09:56.5836172Z npm notice 17.5kB dist/typography.js
2026-10-10T22:09:56.5836675Z npm notice 1.1kB dist/vector-geometry.d.ts
2026-10-10T22:09:56.5837197Z npm notice 13.6kB dist/vector-geometry.js
2026-10-10T22:09:56.5837714Z npm notice 2.6kB dist/vector-layers.d.ts
2026-10-10T22:09:56.5838215Z npm notice 14.3kB dist/vector-layers.js
2026-10-10T22:09:56.5838717Z npm notice 1.8kB dist/vector-picking.d.ts
2026-10-10T22:09:56.5839234Z npm notice 10.1kB dist/vector-picking.js
2026-10-10T22:09:56.5839731Z npm notice 4.5kB dist/vector-types.d.ts
2026-10-10T22:09:56.5840213Z npm notice 11B dist/vector-types.js
2026-10-10T22:09:56.5840690Z npm notice 642B dist/vendor/geotiff.js
2026-10-10T22:09:56.5841208Z npm notice 1.1kB dist/vendor/geotiff.LICENSE
2026-10-10T22:09:56.5841962Z npm notice 550.9kB dist/vendor/geotiff.umd.js
2026-10-10T22:09:56.5842507Z npm notice 40.5kB dist/vendor/ktx-parse.js
2026-10-10T22:09:56.5843050Z npm notice 1.1kB dist/vendor/ktx-parse.LICENSE
2026-10-10T22:09:56.5843624Z npm notice 682.3kB dist/vendor/mediabunny.js
2026-10-10T22:09:56.5844212Z npm notice 16.7kB dist/vendor/mediabunny.LICENSE
2026-10-10T22:09:56.5844783Z npm notice 1.1kB dist/verified-assets.d.ts
2026-10-10T22:09:56.5845336Z npm notice 5.8kB dist/verified-assets.js
2026-10-10T22:09:56.5845824Z npm notice 1.1kB dist/video.d.ts
2026-10-10T22:09:56.5846496Z npm notice 11.7kB dist/video.js
2026-10-10T22:09:56.5846971Z npm notice 1.7kB dist/viewer-controls.d.ts
2026-10-10T22:09:56.5847492Z npm notice 24.3kB dist/viewer-controls.js
2026-10-10T22:09:56.5847982Z npm notice 9.3kB dist/viewer.d.ts
2026-10-10T22:09:56.5848421Z npm notice 56.9kB dist/viewer.js
2026-10-10T22:09:56.5848896Z npm notice 1.1kB dist/worker-renderer.d.ts
2026-10-10T22:09:56.5849415Z npm notice 15.6kB dist/worker-renderer.js
2026-10-10T22:09:56.5849926Z npm notice 55.7kB docs/browser-api.md
2026-10-10T22:09:56.5850457Z npm notice 20.1kB docs/browser-lab-runbook.md
2026-10-10T22:09:56.5850991Z npm notice 11.7kB docs/crs-datasets.md
2026-10-10T22:09:56.5851504Z npm notice 11.1kB docs/environment-water.md
2026-10-10T22:09:56.5852049Z npm notice 10.5kB docs/geometry-mesh-io.md
2026-10-10T22:09:56.5853406Z npm notice 2.9kB docs/label-case-contract.json
2026-10-10T22:09:56.5853978Z npm notice 14.0kB docs/labels.md
2026-10-10T22:09:56.5854475Z npm notice 9.0kB docs/pointcloud-tiles.md
2026-10-10T22:09:56.5855058Z npm notice 9.0kB docs/postfx-hdr.md
2026-10-10T22:09:56.5855572Z npm notice 16.3kB docs/release-checklist.md
2026-10-10T22:09:56.5856099Z npm notice 14.1kB docs/support-matrix.md
2026-10-10T22:09:56.5856672Z npm notice 10.5kB docs/terrain-scatter-probes.md
2026-10-10T22:09:56.5857229Z npm notice 9.2kB docs/vector-layers.md
2026-10-10T22:09:56.5857784Z npm notice 2.0kB docs/w09-chromium-preflight.json
2026-10-10T22:09:56.5858464Z npm notice 6.2kB docs/w09-clean-package-acceptance.json
2026-10-10T22:09:56.5859097Z npm notice 10.4kB docs/w09-review-evidence.md
2026-10-10T22:09:56.5859741Z npm notice 15.1kB docs/w10-clean-package-acceptance.json
2026-10-10T22:09:56.5860444Z npm notice 15.5kB docs/w10-reassessment-acceptance.json
2026-10-10T22:09:56.5861121Z npm notice 16.8kB docs/w10-reflection-acceptance.json
2026-10-10T22:09:56.5861708Z npm notice 13.6kB docs/w10-verification.md
2026-10-10T22:09:56.5862233Z npm notice 16.1kB docs/w12-verification.md
2026-10-10T22:09:56.5862731Z npm notice 36.3kB docs/w16-evidence.md
2026-10-10T22:09:56.5863265Z npm notice 8.1kB docs/w16-initial-evidence.json
2026-10-10T22:09:56.5863859Z npm notice 13.0kB docs/w16-laz-perf-review.md
2026-10-10T22:09:56.5864437Z npm notice 9.3kB docs/w16-local-evidence.json
2026-10-10T22:09:56.5864998Z npm notice 10.6kB docs/w16-oct07-evidence.json
2026-10-10T22:09:56.5865553Z npm notice 5.7kB docs/w16-oct09-evidence.json
2026-10-10T22:09:56.5866510Z npm notice 281.5kB docs/w16-runs/ci-aa91f6c-native-camera-timeout.log
2026-10-10T22:09:56.5867378Z npm notice 463.7kB docs/w16-runs/conformance-20261010T135319734Z.json
2026-10-10T22:09:56.5868209Z npm notice 463.7kB docs/w16-runs/conformance-20261010T182246586Z.json
2026-10-10T22:09:56.5869049Z npm notice 463.7kB docs/w16-runs/conformance-20261010T203221986Z.json
2026-10-10T22:09:56.5869753Z npm notice 463.7kB docs/w16-runs/conformance.json
2026-10-10T22:09:56.5870438Z npm notice 8.2kB docs/w16-runs/evidence-20261010T135319734Z.json
2026-10-10T22:09:56.5871206Z npm notice 8.2kB docs/w16-runs/evidence-20261010T182246586Z.json
2026-10-10T22:09:56.5871965Z npm notice 10.6kB docs/w16-runs/evidence-20261010T203221986Z.json
2026-10-10T22:09:56.5872763Z npm notice 6.5kB docs/w16-runs/hard-stop-initial-test-failure.log
2026-10-10T22:09:56.5873651Z npm notice 1.9kB docs/w16-runs/host-processes-after-20261010T182246586Z.json
2026-10-10T22:09:56.5874405Z npm notice 3.1kB docs/w16-runs/installed-1.json
2026-10-10T22:09:56.5875312Z npm notice 3.2kB docs/w16-runs/installed-20261010T121312939Z-1.json
2026-10-10T22:09:56.5876113Z npm notice 3.1kB docs/w16-runs/installed-20261010T121312939Z-2.json
2026-10-10T22:09:56.5876904Z npm notice 3.2kB docs/w16-runs/installed-20261010T121312939Z-3.json
2026-10-10T22:09:56.5877706Z npm notice 752.2kB docs/w16-runs/installed-20261010T135319734Z-1.json
2026-10-10T22:09:56.5878533Z npm notice 761.4kB docs/w16-runs/installed-20261010T182246586Z-1.json
2026-10-10T22:09:56.5879374Z npm notice 2.8kB docs/w16-runs/installed-20261010T182246586Z-failure.log
2026-10-10T22:09:56.5880212Z npm notice 769.1kB docs/w16-runs/installed-20261010T203221986Z-1.json
2026-10-10T22:09:56.5881043Z npm notice 2.3kB docs/w16-runs/installed-20261010T203221986Z-retry.log
2026-10-10T22:09:56.5881791Z npm notice 463.7kB docs/w16-runs/oct09-conformance.json
2026-10-10T22:09:56.5882471Z npm notice 39.7kB docs/w16-runs/oct09-runtime-files.json
2026-10-10T22:09:56.5883340Z npm notice 279.6kB docs/w16-runs/raw-stdout/ci-aa91f6c-native-camera-timeout.log
2026-10-10T22:09:56.5884367Z npm notice 6.5kB docs/w16-runs/raw-stdout/hard-stop-initial-test-failure.log
2026-10-10T22:09:56.5885374Z npm notice 2.8kB docs/w16-runs/raw-stdout/installed-20261010T182246586Z-failure.log
2026-10-10T22:09:56.5886664Z npm notice 2.3kB docs/w16-runs/raw-stdout/installed-20261010T203221986Z-retry.log
2026-10-10T22:09:56.5887856Z npm notice 7.6kB docs/w16-runs/raw-stdout/unit-native-audit-timeout-followup.log
2026-10-10T22:09:56.5888817Z npm notice 3.0kB docs/w16-runs/render-path-conformance-oct10.json
2026-10-10T22:09:56.5889631Z npm notice 16.3kB docs/w16-runs/render-path-probes-oct10.json
2026-10-10T22:09:56.5890393Z npm notice 26.5kB docs/w16-runs/render-path-prototype.patch
2026-10-10T22:09:56.5891192Z npm notice 40.2kB docs/w16-runs/runtime-files-20261010T135319734Z.json
2026-10-10T22:09:56.5892039Z npm notice 40.2kB docs/w16-runs/runtime-files-20261010T182246586Z.json
2026-10-10T22:09:56.5892882Z npm notice 40.2kB docs/w16-runs/runtime-files-20261010T203221986Z.json
2026-10-10T22:09:56.5893599Z npm notice 39.7kB docs/w16-runs/runtime-files.json
2026-10-10T22:09:56.5894221Z npm notice 3.8kB docs/w16-runs/stdout-archives.json
2026-10-10T22:09:56.5894982Z npm notice 7.6kB docs/w16-runs/unit-native-audit-timeout-followup.log
2026-10-10T22:09:56.5895735Z npm notice 5.1kB docs/w16-security/advisories.json
2026-10-10T22:09:56.5896427Z npm notice 136.9kB docs/w16-security/fuzz-initial-debug.json
2026-10-10T22:09:56.5897126Z npm notice 136.9kB docs/w16-security/fuzz-report.json
2026-10-10T22:09:56.5897789Z npm notice 999B docs/w16-security/hardware-pending.json
2026-10-10T22:09:56.5898554Z npm notice 15.7kB docs/w16-security/published-source-comparison.json
2026-10-10T22:09:56.5899350Z npm notice 15.7kB docs/w16-security/rebuild-comparison.json
2026-10-10T22:09:56.5899997Z npm notice 19.2kB docs/w16-security/rebuild.log
2026-10-10T22:09:56.5900589Z npm notice 1.9kB docs/w16-security/toolchain.json
2026-10-10T22:09:56.5901117Z npm notice 6.3kB package.json
2026-10-10T22:09:56.5902427Z npm notice 1.1kB types/building-diagnostics.d.ts
2026-10-10T22:09:56.5903105Z npm notice 874B types/building-materials.d.ts
2026-10-10T22:09:56.5903666Z npm notice 3.2kB types/buildings.d.ts
2026-10-10T22:09:56.5904461Z npm notice 1.8kB types/copc.d.ts
2026-10-10T22:09:56.5904956Z npm notice 1.3kB types/crs-layers.d.ts
2026-10-10T22:09:56.5905457Z npm notice 2.1kB types/crs-types.d.ts
2026-10-10T22:09:56.5905935Z npm notice 1.9kB types/crs.d.ts
2026-10-10T22:09:56.5906415Z npm notice 1.5kB types/dataset-types.d.ts
2026-10-10T22:09:56.5906922Z npm notice 1.6kB types/datasets.d.ts
2026-10-10T22:09:56.5907404Z npm notice 1.9kB types/ept.d.ts
2026-10-10T22:09:56.5908275Z npm notice 1.8kB types/geometry.d.ts
2026-10-10T22:09:56.5908818Z npm notice 712B types/image-io.d.ts
2026-10-10T22:09:56.5909313Z npm notice 148.5kB types/index.d.ts
2026-10-10T22:09:56.5909817Z npm notice 1.6kB types/label-candidates.d.ts
2026-10-10T22:09:56.5910593Z npm notice 3.0kB types/label-cases.d.ts
2026-10-10T22:09:56.5911142Z npm notice 1.5kB types/label-declutter.d.ts
2026-10-10T22:09:56.5911719Z npm notice 348B types/label-diagnostics.d.ts
2026-10-10T22:09:56.5912278Z npm notice 2.6kB types/label-features.d.ts
2026-10-10T22:09:56.5912804Z npm notice 520B types/label-mesh.d.ts
2026-10-10T22:09:56.5913322Z npm notice 1.5kB types/label-plan.d.ts
2026-10-10T22:09:56.5913818Z npm notice 5.8kB types/label-types.d.ts
2026-10-10T22:09:56.5914295Z npm notice 4.4kB types/labels.d.ts
2026-10-10T22:09:56.5914774Z npm notice 554B types/laz-decoder.d.ts
2026-10-10T22:09:56.5915258Z npm notice 1.4kB types/mesh-gltf.d.ts
2026-10-10T22:09:56.5915721Z npm notice 1.4kB types/mesh-io.d.ts
2026-10-10T22:09:56.5916191Z npm notice 957B types/mesh-obj.d.ts
2026-10-10T22:09:56.5916697Z npm notice 2.7kB types/mesh-processing.d.ts
2026-10-10T22:09:56.5917200Z npm notice 201B types/mesh-stl.d.ts
2026-10-10T22:09:56.5917661Z npm notice 602B types/mesh-worker.d.ts
2026-10-10T22:09:56.5918137Z npm notice 2.7kB types/mesh.d.ts
2026-10-10T22:09:56.5918636Z npm notice 1.3kB types/pointcloud-buffer.d.ts
2026-10-10T22:09:56.5919210Z npm notice 2.2kB types/pointcloud-common.d.ts
2026-10-10T22:09:56.5919783Z npm notice 612B types/pointcloud-las.d.ts
2026-10-10T22:09:56.5920323Z npm notice 2.5kB types/pointcloud-layer.d.ts
2026-10-10T22:09:56.5920938Z npm notice 985B types/pointcloud-octree.d.ts
2026-10-10T22:09:56.5921380Z npm notice 1.8kB types/pointcloud-renderer.d.ts
2026-10-10T22:09:56.5921751Z npm notice 1.6kB types/pointcloud-source.d.ts
2026-10-10T22:09:56.5922096Z npm notice 2.2kB types/pointcloud-types.d.ts
2026-10-10T22:09:56.5922423Z npm notice 2.2kB types/pointcloud.d.ts
2026-10-10T22:09:56.5923085Z npm notice 4.0kB types/postfx-types.d.ts
2026-10-10T22:09:56.5923393Z npm notice 1.0kB types/postfx.d.ts
2026-10-10T22:09:56.5923704Z npm notice 2.1kB types/probe-bake-options.d.ts
2026-10-10T22:09:56.5924041Z npm notice 1.2kB types/scatter-mesh.d.ts
2026-10-10T22:09:56.5924352Z npm notice 68B types/scatter-random.d.ts
2026-10-10T22:09:56.5924657Z npm notice 1.7kB types/scatter-source.d.ts
2026-10-10T22:09:56.5924971Z npm notice 3.6kB types/scatter-types.d.ts
2026-10-10T22:09:56.5925279Z npm notice 3.9kB types/terrain-probes.d.ts
2026-10-10T22:09:56.5925588Z npm notice 1.4kB types/terrain-scatter.d.ts
2026-10-10T22:09:56.5925910Z npm notice 991B types/tiles3d-bounds.d.ts
2026-10-10T22:09:56.5926246Z npm notice 1.2kB types/tiles3d-content.d.ts
2026-10-10T22:09:56.5926558Z npm notice 2.1kB types/tiles3d-layer.d.ts
2026-10-10T22:09:56.5926860Z npm notice 3.1kB types/tiles3d.d.ts
2026-10-10T22:09:56.5927150Z npm notice 2.7kB types/typography.d.ts
2026-10-10T22:09:56.5927443Z npm notice 2.6kB types/vector-layers.d.ts
2026-10-10T22:09:56.5927747Z npm notice 1.7kB types/vector-picking.d.ts
2026-10-10T22:09:56.5928059Z npm notice 4.5kB types/vector-types.d.ts
2026-10-10T22:09:56.5928388Z npm notice Tarball Details
2026-10-10T22:09:56.5928819Z npm notice name: @forge3d/web
2026-10-10T22:09:56.5929170Z npm notice version: 1.26.3
2026-10-10T22:09:56.5929678Z npm notice filename: forge3d-web-1.26.3.tgz
2026-10-10T22:09:56.5929992Z npm notice package size: 7.7 MB
2026-10-10T22:09:56.5930294Z npm notice unpacked size: 30.7 MB
2026-10-10T22:09:56.5930636Z npm notice shasum: 78a20c1c8b9ca064226ce17eb17447d775e69ae7
2026-10-10T22:09:56.5931085Z npm notice integrity: sha512-Zclx7hE12qmZG[...]7YTdyVP6MIjUA==
2026-10-10T22:09:56.5931446Z npm notice total files: 403
2026-10-10T22:09:56.5931660Z npm notice
2026-10-10T22:09:56.5931895Z forge3d-web-1.26.3.tgz
2026-10-10T22:09:56.7395889Z ##[group]Run npx playwright install chromium
2026-10-10T22:09:56.7396287Z [36;1mnpx playwright install chromium[0m
2026-10-10T22:09:56.7466764Z shell: C:\Program Files\PowerShell\7\pwsh.EXE -command ". '{0}'"
2026-10-10T22:09:56.7467110Z env:
2026-10-10T22:09:56.7467284Z   CARGO_TERM_COLOR: always
2026-10-10T22:09:56.7467490Z   RUST_BACKTRACE: 1
2026-10-10T22:09:56.7468613Z   CARGO_HOME: C:\Users\runneradmin\.cargo
2026-10-10T22:09:56.7468878Z   CARGO_INCREMENTAL: 0
2026-10-10T22:09:56.7469073Z ##[endgroup]
2026-10-10T22:09:58.4384674Z Downloading Chrome for Testing 148.0.7778.96 (playwright chromium v1223)[2m from https://cdn.playwright.dev/builds/cft/148.0.7778.96/win64/chrome-win64.zip[22m
2026-10-10T22:09:59.0883350Z |                                                                                |   0% of 181.9 MiB
2026-10-10T22:09:59.5428383Z |■■■■■■■■                                                                        |  10% of 181.9 MiB
2026-10-10T22:09:59.7234938Z |■■■■■■■■■■■■■■■■                                                                |  20% of 181.9 MiB
2026-10-10T22:09:59.8956750Z |■■■■■■■■■■■■■■■■■■■■■■■■                                                        |  30% of 181.9 MiB
2026-10-10T22:10:00.0894922Z |■■■■■■■■■■■■■■■■■■■■■■■■■■■■■■■■                                                |  40% of 181.9 MiB
2026-10-10T22:10:00.2457898Z |■■■■■■■■■■■■■■■■■■■■■■■■■■■■■■■■■■■■■■■■                                        |  50% of 181.9 MiB
2026-10-10T22:10:00.4000635Z |■■■■■■■■■■■■■■■■■■■■■■■■■■■■■■■■■■■■■■■■■■■■■■■■                                |  60% of 181.9 MiB
2026-10-10T22:10:00.5504710Z |■■■■■■■■■■■■■■■■■■■■■■■■■■■■■■■■■■■■■■■■■■■■■■■■■■■■■■■■                        |  70% of 181.9 MiB
2026-10-10T22:10:00.7072230Z |■■■■■■■■■■■■■■■■■■■■■■■■■■■■■■■■■■■■■■■■■■■■■■■■■■■■■■■■■■■■■■■■                |  80% of 181.9 MiB
2026-10-10T22:10:00.8655569Z |■■■■■■■■■■■■■■■■■■■■■■■■■■■■■■■■■■■■■■■■■■■■■■■■■■■■■■■■■■■■■■■■■■■■■■■■        |  90% of 181.9 MiB
2026-10-10T22:10:01.0176734Z |■■■■■■■■■■■■■■■■■■■■■■■■■■■■■■■■■■■■■■■■■■■■■■■■■■■■■■■■■■■■■■■■■■■■■■■■■■■■■■■■| 100% of 181.9 MiB
2026-10-10T22:10:06.6351990Z Chrome for Testing 148.0.7778.96 (playwright chromium v1223) downloaded to C:\Users\runneradmin\AppData\Local\ms-playwright\chromium-1223
2026-10-10T22:10:06.6362548Z Downloading FFmpeg (playwright ffmpeg v1011)[2m from https://cdn.playwright.dev/dbazure/download/playwright/builds/ffmpeg/1011/ffmpeg-win64.zip[22m
2026-10-10T22:10:07.1577012Z |                                                                                |   0% of 1.3 MiB
2026-10-10T22:10:07.1650097Z |■■■■■■■■                                                                        |  10% of 1.3 MiB
2026-10-10T22:10:07.2025513Z |■■■■■■■■■■■■■■■■                                                                |  20% of 1.3 MiB
2026-10-10T22:10:07.2027412Z |■■■■■■■■■■■■■■■■■■■■■■■■                                                        |  30% of 1.3 MiB
2026-10-10T22:10:07.2028517Z |■■■■■■■■■■■■■■■■■■■■■■■■■■■■■■■■                                                |  40% of 1.3 MiB
2026-10-10T22:10:07.2043840Z |■■■■■■■■■■■■■■■■■■■■■■■■■■■■■■■■■■■■■■■■                                        |  51% of 1.3 MiB
2026-10-10T22:10:07.2062458Z |■■■■■■■■■■■■■■■■■■■■■■■■■■■■■■■■■■■■■■■■■■■■■■■■                                |  60% of 1.3 MiB
2026-10-10T22:10:07.2081960Z |■■■■■■■■■■■■■■■■■■■■■■■■■■■■■■■■■■■■■■■■■■■■■■■■■■■■■■■■                        |  70% of 1.3 MiB
2026-10-10T22:10:07.2101003Z |■■■■■■■■■■■■■■■■■■■■■■■■■■■■■■■■■■■■■■■■■■■■■■■■■■■■■■■■■■■■■■■■                |  81% of 1.3 MiB
2026-10-10T22:10:07.2118223Z |■■■■■■■■■■■■■■■■■■■■■■■■■■■■■■■■■■■■■■■■■■■■■■■■■■■■■■■■■■■■■■■■■■■■■■■■        |  90% of 1.3 MiB
2026-10-10T22:10:07.2137034Z |■■■■■■■■■■■■■■■■■■■■■■■■■■■■■■■■■■■■■■■■■■■■■■■■■■■■■■■■■■■■■■■■■■■■■■■■■■■■■■■■| 100% of 1.3 MiB
2026-10-10T22:10:07.2945779Z FFmpeg (playwright ffmpeg v1011) downloaded to C:\Users\runneradmin\AppData\Local\ms-playwright\ffmpeg-1011
2026-10-10T22:10:07.2965394Z Downloading Chrome Headless Shell 148.0.7778.96 (playwright chromium-headless-shell v1223)[2m from https://cdn.playwright.dev/builds/cft/148.0.7778.96/win64/chrome-headless-shell-win64.zip[22m
2026-10-10T22:10:07.9015403Z |                                                                                |   0% of 112.4 MiB
2026-10-10T22:10:08.0873711Z |■■■■■■■■                                                                        |  10% of 112.4 MiB
2026-10-10T22:10:08.2103642Z |■■■■■■■■■■■■■■■■                                                                |  20% of 112.4 MiB
2026-10-10T22:10:08.3480198Z |■■■■■■■■■■■■■■■■■■■■■■■■                                                        |  30% of 112.4 MiB
2026-10-10T22:10:08.4596742Z |■■■■■■■■■■■■■■■■■■■■■■■■■■■■■■■■                                                |  40% of 112.4 MiB
2026-10-10T22:10:08.5633990Z |■■■■■■■■■■■■■■■■■■■■■■■■■■■■■■■■■■■■■■■■                                        |  50% of 112.4 MiB
2026-10-10T22:10:08.6649687Z |■■■■■■■■■■■■■■■■■■■■■■■■■■■■■■■■■■■■■■■■■■■■■■■■                                |  60% of 112.4 MiB
2026-10-10T22:10:08.7594350Z |■■■■■■■■■■■■■■■■■■■■■■■■■■■■■■■■■■■■■■■■■■■■■■■■■■■■■■■■                        |  70% of 112.4 MiB
2026-10-10T22:10:08.8741129Z |■■■■■■■■■■■■■■■■■■■■■■■■■■■■■■■■■■■■■■■■■■■■■■■■■■■■■■■■■■■■■■■■                |  80% of 112.4 MiB
2026-10-10T22:10:08.9982853Z |■■■■■■■■■■■■■■■■■■■■■■■■■■■■■■■■■■■■■■■■■■■■■■■■■■■■■■■■■■■■■■■■■■■■■■■■        |  90% of 112.4 MiB
2026-10-10T22:10:09.0967214Z |■■■■■■■■■■■■■■■■■■■■■■■■■■■■■■■■■■■■■■■■■■■■■■■■■■■■■■■■■■■■■■■■■■■■■■■■■■■■■■■■| 100% of 112.4 MiB
2026-10-10T22:10:12.5138822Z Chrome Headless Shell 148.0.7778.96 (playwright chromium-headless-shell v1223) downloaded to C:\Users\runneradmin\AppData\Local\ms-playwright\chromium_headless_shell-1223
2026-10-10T22:10:12.5160494Z Downloading Winldd (playwright winldd v1007)[2m from https://cdn.playwright.dev/dbazure/download/playwright/builds/winldd/1007/winldd-win64.zip[22m
2026-10-10T22:10:13.0353469Z |■■■■■■■■                                                                        |  12% of 0.1 MiB
2026-10-10T22:10:13.0366938Z |■■■■■■■■■■■■■■■■                                                                |  25% of 0.1 MiB
2026-10-10T22:10:13.0375243Z |■■■■■■■■■■■■■■■■■■■■■■■■                                                        |  38% of 0.1 MiB
2026-10-10T22:10:13.0377550Z |■■■■■■■■■■■■■■■■■■■■■■■■■■■■■■■■■■■■■■■■                                        |  50% of 0.1 MiB
2026-10-10T22:10:13.0385419Z |■■■■■■■■■■■■■■■■■■■■■■■■■■■■■■■■■■■■■■■■■■■■■■■■                                |  63% of 0.1 MiB
2026-10-10T22:10:13.0386969Z |■■■■■■■■■■■■■■■■■■■■■■■■■■■■■■■■■■■■■■■■■■■■■■■■■■■■■■■■                        |  76% of 0.1 MiB
2026-10-10T22:10:13.0388051Z |■■■■■■■■■■■■■■■■■■■■■■■■■■■■■■■■■■■■■■■■■■■■■■■■■■■■■■■■■■■■■■■■                |  89% of 0.1 MiB
2026-10-10T22:10:13.0390833Z |■■■■■■■■■■■■■■■■■■■■■■■■■■■■■■■■■■■■■■■■■■■■■■■■■■■■■■■■■■■■■■■■■■■■■■■■■■■■■■■■| 100% of 0.1 MiB
2026-10-10T22:10:13.0719797Z Winldd (playwright winldd v1007) downloaded to C:\Users\runneradmin\AppData\Local\ms-playwright\winldd-1007
2026-10-10T22:10:13.2237008Z ##[group]Run npm run test:package-consumer
2026-10-10T22:10:13.2237396Z [36;1mnpm run test:package-consumer[0m
2026-10-10T22:10:13.2309575Z shell: C:\Program Files\PowerShell\7\pwsh.EXE -command ". '{0}'"
2026-10-10T22:10:13.2309961Z env:
2026-10-10T22:10:13.2310572Z   CARGO_TERM_COLOR: always
2026-10-10T22:10:13.2310794Z   RUST_BACKTRACE: 1
2026-10-10T22:10:13.2311004Z   CARGO_HOME: C:\Users\runneradmin\.cargo
2026-10-10T22:10:13.2311266Z   CARGO_INCREMENTAL: 0
2026-10-10T22:10:13.2311472Z   FORGE3D_BROWSER_CHANNEL: bundled
2026-10-10T22:10:13.2311741Z   FORGE3D_EVIDENCE_DIR: test-results/browser-gate
2026-10-10T22:10:13.2312036Z   FORGE3D_PACKAGE_GATE_MODE: probe
2026-10-10T22:10:13.2312277Z ##[endgroup]
2026-10-10T22:10:13.8420232Z 
2026-10-10T22:10:13.8420758Z > @forge3d/web@1.26.3 test:package-consumer
2026-10-10T22:10:13.8421290Z > node scripts/build-browser-test-package.mjs
2026-10-10T22:10:13.8421562Z 
2026-10-10T22:10:15.3653915Z 
2026-10-10T22:10:15.3655605Z > @forge3d/web@1.26.3 build
2026-10-10T22:10:15.3656633Z > npm run build:wasm && npm run build:ts && npm run prepare-dist && npm run build:example
2026-10-10T22:10:15.3657212Z 
2026-10-10T22:10:15.7111606Z 
2026-10-10T22:10:15.7112360Z > @forge3d/web@1.26.3 build:wasm
2026-10-10T22:10:15.7113111Z > wasm-pack build . --target web --out-dir pkg --out-name forge3d_web
2026-10-10T22:10:15.7113483Z 
2026-10-10T22:10:16.0682413Z [INFO]: Checking for the Wasm target...
2026-10-10T22:10:16.1667880Z [INFO]: Compiling to Wasm...
2026-10-10T22:10:16.3639230Z [1m[92m    Finished[0m `release` profile [optimized] target(s) in 0.16s
2026-10-10T22:10:16.3953504Z [INFO]: Installing wasm-bindgen...
2026-10-10T22:10:16.7896106Z [INFO]: Optimizing wasm binaries with `wasm-opt`...
2026-10-10T22:10:37.4394023Z [INFO]: :-) Done in 21.41s
2026-10-10T22:10:37.4394456Z [INFO]: :-) Your wasm pkg is ready to publish at pkg.
2026-10-10T22:10:37.7772851Z 
2026-10-10T22:10:37.7773559Z > @forge3d/web@1.26.3 build:ts
2026-10-10T22:10:37.7774278Z > tsc -p tsconfig.json && node scripts/embed-proj-worker.mjs
2026-10-10T22:10:37.7774630Z 
2026-10-10T22:10:45.6506285Z 
2026-10-10T22:10:45.6507049Z > @forge3d/web@1.26.3 prepare-dist
2026-10-10T22:10:45.6510136Z > node scripts/prepare-dist.mjs
2026-10-10T22:10:45.6510546Z 
2026-10-10T22:10:45.7460374Z W13 exact dependency, shaping assets, deterministic fonts and licenses verified
2026-10-10T22:10:45.7877429Z W14 exact PROJ, grid, native dataset assets and notices verified
2026-10-10T22:10:46.1922357Z 
2026-10-10T22:10:46.1923723Z > @forge3d/web@1.26.3 build:example
2026-10-10T22:10:46.1925051Z > npm --prefix examples/vite install --package-lock=false && npm --prefix examples/vite run build
2026-10-10T22:10:46.1925618Z 
2026-10-10T22:10:47.1560476Z npm warn EBADENGINE Unsupported engine {
2026-10-10T22:10:47.1561359Z npm warn EBADENGINE   package: '@wcohen/worker-router@0.0.1',
2026-10-10T22:10:47.1562125Z npm warn EBADENGINE   required: { node: '>=21' },
2026-10-10T22:10:47.1562985Z npm warn EBADENGINE   current: { node: 'v20.19.0', npm: '10.8.2' }
2026-10-10T22:10:47.1563644Z npm warn EBADENGINE }
2026-10-10T22:10:47.1573549Z npm warn EBADENGINE Unsupported engine {
2026-10-10T22:10:47.1574713Z npm warn EBADENGINE   package: '@wcohen/worker-router@0.0.2',
2026-10-10T22:10:47.1575906Z npm warn EBADENGINE   required: { node: '>=21' },
2026-10-10T22:10:47.1576718Z npm warn EBADENGINE   current: { node: 'v20.19.0', npm: '10.8.2' }
2026-10-10T22:10:47.1577363Z npm warn EBADENGINE }
2026-10-10T22:10:47.6436944Z 
2026-10-10T22:10:47.6437600Z up to date, audited 122 packages in 1s
2026-10-10T22:10:47.6437962Z 
2026-10-10T22:10:47.6438115Z 32 packages are looking for funding
2026-10-10T22:10:47.6438396Z   run `npm fund` for details
2026-10-10T22:10:47.6592078Z 
2026-10-10T22:10:47.6592912Z 7 vulnerabilities (2 moderate, 3 high, 2 critical)
2026-10-10T22:10:47.6593374Z 
2026-10-10T22:10:47.6593745Z To address issues that do not require attention, run:
2026-10-10T22:10:47.6598189Z   npm audit fix
2026-10-10T22:10:47.6598491Z 
2026-10-10T22:10:47.6598690Z To address all issues, run:
2026-10-10T22:10:47.6599115Z   npm audit fix --force
2026-10-10T22:10:47.6599368Z 
2026-10-10T22:10:47.6599561Z Run `npm audit` for details.
2026-10-10T22:10:47.9830574Z 
2026-10-10T22:10:47.9831088Z > build
2026-10-10T22:10:47.9831327Z > vite build
2026-10-10T22:10:47.9831451Z 
2026-10-10T22:10:48.2840022Z [36mvite v8.3.4 [32mbuilding client environment for production...[36m[39m
2026-10-10T22:10:48.3127471Z transforming...
2026-10-10T22:10:48.4307025Z 
2026-10-10T22:10:48.4309272Z new URL("../assets/datasets/", import.meta.url) doesn't exist at build time, it will remain unchanged to be resolved at runtime. If this is intended, you can use the /* @vite-ignore */ comment to suppress this warning.
2026-10-10T22:10:48.4660519Z [33m[plugin rolldown:vite-resolve] Module "module" has been externalized for browser compatibility, imported by "D:/a/forge3d-web/forge3d-web/crates/forge3d-web/assets/harfbuzz/harfbuzz.js". See https://vite.dev/guide/troubleshooting.html#module-externalized-for-browser-compatibility for more details.[39m
2026-10-10T22:10:48.5263910Z ✓ 114 modules transformed.
2026-10-10T22:10:48.5403615Z rendering chunks...
2026-10-10T22:10:48.5766126Z computing gzip size...
2026-10-10T22:10:48.5938284Z dist/index.html                                        0.38 kB │ gzip:   0.26 kB
2026-10-10T22:10:48.5939151Z dist/assets/basis_transcoder-Br0lTu_Z.js              50.53 kB
2026-10-10T22:10:48.5940288Z dist/assets/laz-perf-BW7SlUFF.js                      87.25 kB
2026-10-10T22:10:48.5941404Z dist/assets/laz-perf-CFJp03W6.wasm                   214.35 kB │ gzip:  74.36 kB
2026-10-10T22:10:48.5942390Z dist/assets/NotoSansDevanagari-Regular-CIJEaBX8.ttf  219.21 kB
2026-10-10T22:10:48.5943304Z dist/assets/NotoSansArabic-Regular-CEibNoL-.ttf      240.45 kB
2026-10-10T22:10:48.5944457Z dist/assets/harfbuzz-CVplwa31.wasm                   421.96 kB │ gzip: 173.73 kB
2026-10-10T22:10:48.5945465Z dist/assets/NotoSans-Regular-Dpf_lrdO.ttf            569.20 kB
2026-10-10T22:10:48.5946523Z dist/assets/basis_transcoder-CdrOy9YX.wasm           960.31 kB │ gzip: 423.05 kB
2026-10-10T22:10:48.5947709Z dist/assets/index-HckmGOM5.js                        162.88 kB │ gzip:  52.15 kB
2026-10-10T22:10:48.5948864Z 
2026-10-10T22:10:48.5949199Z [32m✓ built in 308ms[39m
2026-10-10T22:10:48.8547089Z 
2026-10-10T22:10:48.8547763Z > @forge3d/web@1.26.3 test:package
2026-10-10T22:10:48.8548564Z > npm run test:release-hardening && npm run test:browser-harness && npm run test:infrastructure && node tests/api/package-contract.mjs
2026-10-10T22:10:48.8549065Z 
2026-10-10T22:10:49.1863598Z 
2026-10-10T22:10:49.1864474Z > @forge3d/web@1.26.3 test:release-hardening
2026-10-10T22:10:49.1865294Z > node tests/api/release-hardening.mjs && npm run test:docs
2026-10-10T22:10:49.1865773Z 
2026-10-10T22:10:49.5912728Z 
2026-10-10T22:10:49.5913394Z > @forge3d/web@1.26.3 test:docs
2026-10-10T22:10:49.5914404Z > node --test tests/api/docs-links.test.mjs
2026-10-10T22:10:49.5914689Z 
2026-10-10T22:10:49.6881828Z TAP version 13
2026-10-10T22:10:49.7893720Z # Subtest: README.md has no broken repository documentation links
2026-10-10T22:10:49.7904915Z ok 1 - README.md has no broken repository documentation links
2026-10-10T22:10:49.7905785Z   ---
2026-10-10T22:10:49.7906117Z   duration_ms: 7.6654
2026-10-10T22:10:49.7906470Z   ...
2026-10-10T22:10:49.7915243Z # Subtest: docs/superpowers/specs/2026-06-05-forge3d-browser-webgpu-wasm-migration-goals.md has no broken repository documentation links
2026-10-10T22:10:49.7917283Z ok 2 - docs/superpowers/specs/2026-06-05-forge3d-browser-webgpu-wasm-migration-goals.md has no broken repository documentation links
2026-10-10T22:10:49.7918657Z   ---
2026-10-10T22:10:49.7919036Z   duration_ms: 2.5066
2026-10-10T22:10:49.7919398Z   ...
2026-10-10T22:10:49.7925813Z # Subtest: crates/forge3d-web/README.md has no broken repository documentation links
2026-10-10T22:10:49.7927061Z ok 3 - crates/forge3d-web/README.md has no broken repository documentation links
2026-10-10T22:10:49.7927765Z   ---
2026-10-10T22:10:49.7928085Z   duration_ms: 11.5724
2026-10-10T22:10:49.7928433Z   ...
2026-10-10T22:10:49.7929445Z # Subtest: crates/forge3d-web/docs/labels.md has no broken repository documentation links
2026-10-10T22:10:49.7931789Z ok 4 - crates/forge3d-web/docs/labels.md has no broken repository documentation links
2026-10-10T22:10:49.7932495Z   ---
2026-10-10T22:10:49.7932774Z   duration_ms: 0.572
2026-10-10T22:10:49.7933102Z   ...
2026-10-10T22:10:49.7936640Z # Subtest: crates/forge3d-web/docs/crs-datasets.md has no broken repository documentation links
2026-10-10T22:10:49.7937998Z ok 5 - crates/forge3d-web/docs/crs-datasets.md has no broken repository documentation links
2026-10-10T22:10:49.7940254Z   ---
2026-10-10T22:10:49.7940903Z   duration_ms: 0.2601
2026-10-10T22:10:49.7941257Z   ...
2026-10-10T22:10:49.7942941Z # Subtest: crates/forge3d-web/docs/pointcloud-tiles.md has no broken repository documentation links
2026-10-10T22:10:49.7944812Z ok 6 - crates/forge3d-web/docs/pointcloud-tiles.md has no broken repository documentation links
2026-10-10T22:10:49.7945717Z   ---
2026-10-10T22:10:49.7946057Z   duration_ms: 0.3548
2026-10-10T22:10:49.7946399Z   ...
2026-10-10T22:10:49.7952884Z # Subtest: crates/forge3d-web/docs/w16-evidence.md has no broken repository documentation links
2026-10-10T22:10:49.7954511Z ok 7 - crates/forge3d-web/docs/w16-evidence.md has no broken repository documentation links
2026-10-10T22:10:49.7955582Z   ---
2026-10-10T22:10:49.7956108Z   duration_ms: 2.4025
2026-10-10T22:10:49.7956664Z   ...
2026-10-10T22:10:49.7957719Z # Subtest: docs/parity/w14-implementation.md has no broken repository documentation links
2026-10-10T22:10:49.7959676Z ok 8 - docs/parity/w14-implementation.md has no broken repository documentation links
2026-10-10T22:10:49.7962276Z   ---
2026-10-10T22:10:49.7962867Z   duration_ms: 0.4245
2026-10-10T22:10:49.7963250Z   ...
2026-10-10T22:10:49.7966761Z # Subtest: crates/forge3d-web/docs/support-matrix.md has no broken repository documentation links
2026-10-10T22:10:49.7968107Z ok 9 - crates/forge3d-web/docs/support-matrix.md has no broken repository documentation links
2026-10-10T22:10:49.7969379Z   ---
2026-10-10T22:10:49.7969697Z   duration_ms: 9.4669
2026-10-10T22:10:49.7970050Z   ...
2026-10-10T22:10:49.7971923Z # Subtest: crates/forge3d-web/docs/release-checklist.md has no broken repository documentation links
2026-10-10T22:10:49.7973409Z ok 10 - crates/forge3d-web/docs/release-checklist.md has no broken repository documentation links
2026-10-10T22:10:49.7974269Z   ---
2026-10-10T22:10:49.7974579Z   duration_ms: 1.9559
2026-10-10T22:10:49.7974900Z   ...
2026-10-10T22:10:49.7987023Z # Subtest: documented feature gaps link to a capability row and owning task
2026-10-10T22:10:49.7988096Z ok 11 - documented feature gaps link to a capability row and owning task
2026-10-10T22:10:49.7988829Z   ---
2026-10-10T22:10:49.7989108Z   duration_ms: 1.1703
2026-10-10T22:10:49.7989414Z   ...
2026-10-10T22:10:49.8090766Z 1..11
2026-10-10T22:10:49.8091187Z # tests 11
2026-10-10T22:10:49.8091628Z # suites 0
2026-10-10T22:10:49.8094439Z # pass 11
2026-10-10T22:10:49.8095432Z # fail 0
2026-10-10T22:10:49.8096216Z # cancelled 0
2026-10-10T22:10:49.8096889Z # skipped 0
2026-10-10T22:10:49.8098314Z # todo 0
2026-10-10T22:10:49.8104436Z # duration_ms 137.8444
2026-10-10T22:10:50.1681194Z 
2026-10-10T22:10:50.1681934Z > @forge3d/web@1.26.3 test:browser-harness
2026-10-10T22:10:50.1685028Z > node --test tests/browser/benchmark/benchmark-golden.test.mjs tests/browser/evidence-validator.test.mjs tests/browser/resource-assertions.test.mjs tests/browser/chr03-hardware-proof-validator.test.mjs tests/browser/chr04-hardware-proof-validator.test.mjs tests/browser/ffx03-proof-validator.test.mjs tests/browser/saf03-proof-validator.test.mjs tests/browser/saf04-hardware-proof-validator.test.mjs tests/browser/viewer-benchmark-module.test.mjs tests/webdriver/safari-viewer.test.mjs
2026-10-10T22:10:50.1686948Z 
2026-10-10T22:10:50.2764678Z TAP version 13
2026-10-10T22:10:50.3635493Z # Subtest: benchmark v1 regenerates byte-for-byte with frozen hashes
2026-10-10T22:10:50.3650031Z ok 1 - benchmark v1 regenerates byte-for-byte with frozen hashes
2026-10-10T22:10:50.3651142Z   ---
2026-10-10T22:10:50.3651675Z   duration_ms: 25.3919
2026-10-10T22:10:50.3652523Z   ...
2026-10-10T22:10:50.4607387Z # Subtest: validates exact CHR-03 behavior, lifecycle, and benchmark proof
2026-10-10T22:10:50.4635528Z ok 2 - validates exact CHR-03 behavior, lifecycle, and benchmark proof
2026-10-10T22:10:50.4639382Z   ---
2026-10-10T22:10:50.4639890Z   duration_ms: 9.754
2026-10-10T22:10:50.4640392Z   ...
2026-10-10T22:10:50.4641236Z # Subtest: production entrypoint applies the same strict schema and semantic checks
2026-10-10T22:10:50.4642518Z ok 3 - production entrypoint applies the same strict schema and semantic checks
2026-10-10T22:10:50.4643452Z   ---
2026-10-10T22:10:50.4643926Z   duration_ms: 4.9512
2026-10-10T22:10:50.4644411Z   ...
2026-10-10T22:10:50.4644933Z # Subtest: rejects no-op control
2026-10-10T22:10:50.4645566Z ok 4 - rejects no-op control
2026-10-10T22:10:50.4646097Z   ---
2026-10-10T22:10:50.4646909Z   duration_ms: 2.9054
2026-10-10T22:10:50.4647383Z   ...
2026-10-10T22:10:50.4647879Z # Subtest: rejects wrong asset
2026-10-10T22:10:50.4648439Z ok 5 - rejects wrong asset
2026-10-10T22:10:50.4648918Z   ---
2026-10-10T22:10:50.4649335Z   duration_ms: 2.7911
2026-10-10T22:10:50.4649816Z   ...
2026-10-10T22:10:50.4650325Z # Subtest: rejects duplicate runtime
2026-10-10T22:10:50.4650998Z ok 6 - rejects duplicate runtime
2026-10-10T22:10:50.4651539Z   ---
2026-10-10T22:10:50.4651969Z   duration_ms: 2.4792
2026-10-10T22:10:50.4652445Z   ...
2026-10-10T22:10:50.4652947Z # Subtest: rejects leaked resource
2026-10-10T22:10:50.4653560Z ok 7 - rejects leaked resource
2026-10-10T22:10:50.4654151Z   ---
2026-10-10T22:10:50.4654632Z   duration_ms: 2.5404
2026-10-10T22:10:50.4655143Z   ...
2026-10-10T22:10:50.4655751Z # Subtest: rejects missing measured frame
2026-10-10T22:10:50.4656569Z ok 8 - rejects missing measured frame
2026-10-10T22:10:50.4657754Z   ---
2026-10-10T22:10:50.4658260Z   duration_ms: 2.4801
2026-10-10T22:10:50.4658756Z   ...
2026-10-10T22:10:50.4659312Z # Subtest: rejects skipped frame
2026-10-10T22:10:50.4660019Z ok 9 - rejects skipped frame
2026-10-10T22:10:50.4660607Z   ---
2026-10-10T22:10:50.4661086Z   duration_ms: 2.4639
2026-10-10T22:10:50.4661711Z   ...
2026-10-10T22:10:50.4662282Z # Subtest: rejects malformed raw timing
2026-10-10T22:10:50.4663022Z ok 10 - rejects malformed raw timing
2026-10-10T22:10:50.4663661Z   ---
2026-10-10T22:10:50.4664172Z   duration_ms: 6.4221
2026-10-10T22:10:50.4664712Z   ...
2026-10-10T22:10:50.4665288Z # Subtest: rejects p95 above threshold
2026-10-10T22:10:50.4665990Z ok 11 - rejects p95 above threshold
2026-10-10T22:10:50.4671275Z   ---
2026-10-10T22:10:50.4672522Z   duration_ms: 8.0896
2026-10-10T22:10:50.4674247Z   ...
2026-10-10T22:10:50.4699145Z # Subtest: rejects injected two-owned-RAF observation
2026-10-10T22:10:50.4700163Z ok 12 - rejects injected two-owned-RAF observation
2026-10-10T22:10:50.4700956Z   ---
2026-10-10T22:10:50.4701466Z   duration_ms: 1.6599
2026-10-10T22:10:50.4701987Z   ...
2026-10-10T22:10:50.4702567Z # Subtest: rejects duplicate RAF
2026-10-10T22:10:50.4703275Z ok 13 - rejects duplicate RAF
2026-10-10T22:10:50.4703877Z   ---
2026-10-10T22:10:50.4704446Z   duration_ms: 2.1162
2026-10-10T22:10:50.4704994Z   ...
2026-10-10T22:10:50.4705609Z # Subtest: rejects fractional queue sample
2026-10-10T22:10:50.4706408Z ok 14 - rejects fractional queue sample
2026-10-10T22:10:50.4707095Z   ---
2026-10-10T22:10:50.4707609Z   duration_ms: 2.7414
2026-10-10T22:10:50.4708193Z   ...
2026-10-10T22:10:50.4708814Z # Subtest: rejects missing scheduler field
2026-10-10T22:10:50.4710625Z ok 15 - rejects missing scheduler field
2026-10-10T22:10:50.4711294Z   ---
2026-10-10T22:10:50.4711746Z   duration_ms: 2.1489
2026-10-10T22:10:50.4712216Z   ...
2026-10-10T22:10:50.4712722Z # Subtest: rejects queue not empty
2026-10-10T22:10:50.4713339Z ok 16 - rejects queue not empty
2026-10-10T22:10:50.4713855Z   ---
2026-10-10T22:10:50.4714298Z   duration_ms: 2.4324
2026-10-10T22:10:50.4714754Z   ...
2026-10-10T22:10:50.4715266Z # Subtest: rejects wrong canonical hash
2026-10-10T22:10:50.4715928Z ok 17 - rejects wrong canonical hash
2026-10-10T22:10:50.4716465Z   ---
2026-10-10T22:10:50.4716879Z   duration_ms: 2.3646
2026-10-10T22:10:50.4717346Z   ...
2026-10-10T22:10:50.4722257Z # Subtest: rejects missing signal provenance
2026-10-10T22:10:50.4723120Z ok 18 - rejects missing signal provenance
2026-10-10T22:10:50.4723849Z   ---
2026-10-10T22:10:50.4724391Z   duration_ms: 2.4171
2026-10-10T22:10:50.4725907Z   ...
2026-10-10T22:10:50.4729750Z # Subtest: rejects wrong pointer identity
2026-10-10T22:10:50.4730547Z ok 19 - rejects wrong pointer identity
2026-10-10T22:10:50.4731148Z   ---
2026-10-10T22:10:50.4731669Z   duration_ms: 2.8557
2026-10-10T22:10:50.4732183Z   ...
2026-10-10T22:10:50.4732765Z # Subtest: rejects undocumented keyboard key
2026-10-10T22:10:50.4733584Z ok 20 - rejects undocumented keyboard key
2026-10-10T22:10:50.4734220Z   ---
2026-10-10T22:10:50.4734693Z   duration_ms: 2.1155
2026-10-10T22:10:50.4735209Z   ...
2026-10-10T22:10:50.4736214Z # Subtest: rejects hidden benchmark
2026-10-10T22:10:50.4737032Z ok 21 - rejects hidden benchmark
2026-10-10T22:10:50.4737634Z   ---
2026-10-10T22:10:50.4738140Z   duration_ms: 2.6682
2026-10-10T22:10:50.4738690Z   ...
2026-10-10T22:10:50.4739316Z # Subtest: rejects missing SystemInfo reason
2026-10-10T22:10:50.4743183Z ok 22 - rejects missing SystemInfo reason
2026-10-10T22:10:50.4744422Z   ---
2026-10-10T22:10:50.4744997Z   duration_ms: 2.2775
2026-10-10T22:10:50.4745548Z   ...
2026-10-10T22:10:50.5226907Z # Subtest: validates exact CHR-04 Edge proof and outer provenance
2026-10-10T22:10:50.5252707Z ok 23 - validates exact CHR-04 Edge proof and outer provenance
2026-10-10T22:10:50.5256888Z   ---
2026-10-10T22:10:50.5261283Z   duration_ms: 13.8262
2026-10-10T22:10:50.5267217Z   ...
2026-10-10T22:10:50.5270556Z # Subtest: rejects borrowed Chrome proof and mutated Edge bindings/provenance
2026-10-10T22:10:50.5273298Z ok 24 - rejects borrowed Chrome proof and mutated Edge bindings/provenance
2026-10-10T22:10:50.5275027Z   ---
2026-10-10T22:10:50.5276279Z   duration_ms: 38.9557
2026-10-10T22:10:50.5278386Z   ...
2026-10-10T22:10:50.5300228Z # Subtest: rejects every policy argument with and without a value
2026-10-10T22:10:50.5300989Z ok 25 - rejects every policy argument with and without a value
2026-10-10T22:10:50.5301746Z   ---
2026-10-10T22:10:50.5302235Z   duration_ms: 54.9431
2026-10-10T22:10:50.5302706Z   ...
2026-10-10T22:10:50.5303311Z # Subtest: schema closes nested payloads and Edge observations
2026-10-10T22:10:50.5304253Z ok 26 - schema closes nested payloads and Edge observations
2026-10-10T22:10:50.5304973Z   ---
2026-10-10T22:10:50.5305470Z   duration_ms: 16.3584
2026-10-10T22:10:50.5305967Z   ...
2026-10-10T22:10:50.5306729Z # Subtest: rejects missing or mutated touch and unsupported diagnostics
2026-10-10T22:10:50.5307832Z ok 27 - rejects missing or mutated touch and unsupported diagnostics
2026-10-10T22:10:50.5308588Z   ---
2026-10-10T22:10:50.5309061Z   duration_ms: 11.5124
2026-10-10T22:10:50.5313329Z   ...
2026-10-10T22:10:50.5313884Z # Subtest: reuses full FND-07 payload validation
2026-10-10T22:10:50.5315241Z ok 28 - reuses full FND-07 payload validation
2026-10-10T22:10:50.5315943Z   ---
2026-10-10T22:10:50.5316429Z   duration_ms: 2.9285
2026-10-10T22:10:50.5316927Z   ...
2026-10-10T22:10:50.6654395Z # Subtest: validates a complete record and recomputes index-569 p95/FPS
2026-10-10T22:10:50.6772859Z ok 29 - validates a complete record and recomputes index-569 p95/FPS
2026-10-10T22:10:50.6809209Z   ---
2026-10-10T22:10:50.6809995Z   duration_ms: 10.8464
2026-10-10T22:10:50.6810580Z   ...
2026-10-10T22:10:50.6813231Z # Subtest: keeps optional Firefox classification fields backward-compatible
2026-10-10T22:10:50.6815826Z ok 30 - keeps optional Firefox classification fields backward-compatible
2026-10-10T22:10:50.6816766Z   ---
2026-10-10T22:10:50.6817284Z   duration_ms: 2.5856
2026-10-10T22:10:50.6826859Z   ...
2026-10-10T22:10:50.6827652Z # Subtest: rejects null browser preference override scalars
2026-10-10T22:10:50.6829666Z ok 31 - rejects null browser preference override scalars
2026-10-10T22:10:50.6832640Z   ---
2026-10-10T22:10:50.6833189Z   duration_ms: 2.8367
2026-10-10T22:10:50.6834624Z   ...
2026-10-10T22:10:50.6835450Z # Subtest: validates exact firefox-preflight source-browser classification
2026-10-10T22:10:50.6837725Z ok 32 - validates exact firefox-preflight source-browser classification
2026-10-10T22:10:50.6840636Z   ---
2026-10-10T22:10:50.6841123Z   duration_ms: 1.2024
2026-10-10T22:10:50.6842738Z   ...
2026-10-10T22:10:50.6845663Z # Subtest: validates exact firefox-nightly-experimental source-browser classification
2026-10-10T22:10:50.6849093Z ok 33 - validates exact firefox-nightly-experimental source-browser classification
2026-10-10T22:10:50.6851537Z   ---
2026-10-10T22:10:50.6852017Z   duration_ms: 0.7287
2026-10-10T22:10:50.6852507Z   ...
2026-10-10T22:10:50.6853095Z # Subtest: rejects missing preflight support level
2026-10-10T22:10:50.6854027Z ok 34 - rejects missing preflight support level
2026-10-10T22:10:50.6854680Z   ---
2026-10-10T22:10:50.6855096Z   duration_ms: 0.7937
2026-10-10T22:10:50.6855555Z   ...
2026-10-10T22:10:50.6856159Z # Subtest: rejects missing preflight preference label
2026-10-10T22:10:50.6860907Z ok 35 - rejects missing preflight preference label
2026-10-10T22:10:50.6864442Z   ---
2026-10-10T22:10:50.6869934Z   duration_ms: 0.8091
2026-10-10T22:10:50.6875573Z   ...
2026-10-10T22:10:50.6876214Z # Subtest: rejects preflight branded support level
2026-10-10T22:10:50.6876998Z ok 36 - rejects preflight branded support level
2026-10-10T22:10:50.6877585Z   ---
2026-10-10T22:10:50.6877990Z   duration_ms: 0.7239
2026-10-10T22:10:50.6878423Z   ...
2026-10-10T22:10:50.6879526Z # Subtest: rejects preflight exact-tarball artifact
2026-10-10T22:10:50.6886116Z ok 37 - rejects preflight exact-tarball artifact
2026-10-10T22:10:50.6888018Z   ---
2026-10-10T22:10:50.6890274Z   duration_ms: 0.9929
2026-10-10T22:10:50.6892327Z   ...
2026-10-10T22:10:50.6892922Z # Subtest: rejects preflight PASS result
2026-10-10T22:10:50.6893930Z ok 38 - rejects preflight PASS result
2026-10-10T22:10:50.6894593Z   ---
2026-10-10T22:10:50.6895045Z   duration_ms: 1.0054
2026-10-10T22:10:50.6895487Z   ...
2026-10-10T22:10:50.6896007Z # Subtest: rejects preflight override mode
2026-10-10T22:10:50.6897238Z ok 39 - rejects preflight override mode
2026-10-10T22:10:50.6899000Z   ---
2026-10-10T22:10:50.6900148Z   duration_ms: 1.0108
2026-10-10T22:10:50.6901056Z   ...
2026-10-10T22:10:50.6908726Z # Subtest: rejects preflight preference override
2026-10-10T22:10:50.6909775Z ok 40 - rejects preflight preference override
2026-10-10T22:10:50.6910500Z   ---
2026-10-10T22:10:50.6911037Z   duration_ms: 0.793
2026-10-10T22:10:50.6940229Z   ...
2026-10-10T22:10:50.6960578Z # Subtest: rejects experimental engine support level
2026-10-10T22:10:50.6989502Z ok 41 - rejects experimental engine support level
2026-10-10T22:10:50.6991251Z   ---
2026-10-10T22:10:50.6993152Z   duration_ms: 0.7435
2026-10-10T22:10:50.6993901Z   ...
2026-10-10T22:10:50.7005168Z # Subtest: rejects experimental exact-tarball artifact
2026-10-10T22:10:50.7006188Z ok 42 - rejects experimental exact-tarball artifact
2026-10-10T22:10:50.7006844Z   ---
2026-10-10T22:10:50.7007373Z   duration_ms: 1.1434
2026-10-10T22:10:50.7007837Z   ...
2026-10-10T22:10:50.7008387Z # Subtest: rejects experimental PASS result
2026-10-10T22:10:50.7009104Z ok 43 - rejects experimental PASS result
2026-10-10T22:10:50.7010057Z   ---
2026-10-10T22:10:50.7010530Z   duration_ms: 0.7821
2026-10-10T22:10:50.7010988Z   ...
2026-10-10T22:10:50.7011536Z # Subtest: rejects experimental default mode
2026-10-10T22:10:50.7012467Z ok 44 - rejects experimental default mode
2026-10-10T22:10:50.7013410Z   ---
2026-10-10T22:10:50.7013852Z   duration_ms: 0.7328
2026-10-10T22:10:50.7014336Z   ...
2026-10-10T22:10:50.7014960Z # Subtest: rejects experimental missing WebGPU override
2026-10-10T22:10:50.7015874Z ok 45 - rejects experimental missing WebGPU override
2026-10-10T22:10:50.7016519Z   ---
2026-10-10T22:10:50.7016952Z   duration_ms: 0.7205
2026-10-10T22:10:50.7017411Z   ...
2026-10-10T22:10:50.7018005Z # Subtest: rejects experimental false WebGPU override
2026-10-10T22:10:50.7018842Z ok 46 - rejects experimental false WebGPU override
2026-10-10T22:10:50.7019449Z   ---
2026-10-10T22:10:50.7019965Z   duration_ms: 0.962
2026-10-10T22:10:50.7020426Z   ...
2026-10-10T22:10:50.7021072Z # Subtest: rejects experimental extra preference override
2026-10-10T22:10:50.7021930Z ok 47 - rejects experimental extra preference override
2026-10-10T22:10:50.7022556Z   ---
2026-10-10T22:10:50.7022977Z   duration_ms: 0.8957
2026-10-10T22:10:50.7023520Z   ...
2026-10-10T22:10:50.7059852Z # Subtest: rejects Firefox project with Chromium identity
2026-10-10T22:10:50.7105499Z ok 48 - rejects Firefox project with Chromium identity
2026-10-10T22:10:50.7127287Z   ---
2026-10-10T22:10:50.7167649Z   duration_ms: 0.6785
2026-10-10T22:10:50.7185679Z   ...
2026-10-10T22:10:50.7188823Z # Subtest: rejects Firefox project with branded channel
2026-10-10T22:10:50.7190470Z ok 49 - rejects Firefox project with branded channel
2026-10-10T22:10:50.7191687Z   ---
2026-10-10T22:10:50.7192346Z   duration_ms: 0.5748
2026-10-10T22:10:50.7192905Z   ...
2026-10-10T22:10:50.7193570Z # Subtest: rejects Firefox project with required lane
2026-10-10T22:10:50.7194402Z ok 50 - rejects Firefox project with required lane
2026-10-10T22:10:50.7195061Z   ---
2026-10-10T22:10:50.7195491Z   duration_ms: 0.6678
2026-10-10T22:10:50.7195964Z   ...
2026-10-10T22:10:50.7196647Z # Subtest: retains a 500-ms stall in duration and raw intervals
2026-10-10T22:10:50.7197583Z ok 51 - retains a 500-ms stall in duration and raw intervals
2026-10-10T22:10:50.7198681Z   ---
2026-10-10T22:10:50.7199139Z   duration_ms: 3.0933
2026-10-10T22:10:50.7199604Z   ...
2026-10-10T22:10:50.7200162Z # Subtest: fails closed for skipped frame
2026-10-10T22:10:50.7200941Z ok 52 - fails closed for skipped frame
2026-10-10T22:10:50.7201588Z   ---
2026-10-10T22:10:50.7202063Z   duration_ms: 1.6809
2026-10-10T22:10:50.7202529Z   ...
2026-10-10T22:10:50.7203191Z # Subtest: fails closed for dropped trace sample
2026-10-10T22:10:50.7204008Z ok 53 - fails closed for dropped trace sample
2026-10-10T22:10:50.7204710Z   ---
2026-10-10T22:10:50.7205199Z   duration_ms: 1.5331
2026-10-10T22:10:50.7205699Z   ...
2026-10-10T22:10:50.7206559Z # Subtest: fails closed for background transition
2026-10-10T22:10:50.7207405Z ok 54 - fails closed for background transition
2026-10-10T22:10:50.7208107Z   ---
2026-10-10T22:10:50.7208617Z   duration_ms: 2.0197
2026-10-10T22:10:50.7209138Z   ...
2026-10-10T22:10:50.7209730Z # Subtest: fails closed for known thermal throttle
2026-10-10T22:10:50.7210880Z ok 55 - fails closed for known thermal throttle
2026-10-10T22:10:50.7211571Z   ---
2026-10-10T22:10:50.7212019Z   duration_ms: 1.7296
2026-10-10T22:10:50.7212510Z   ...
2026-10-10T22:10:50.7213070Z # Subtest: fails closed for known low-power mode
2026-10-10T22:10:50.7214292Z ok 56 - fails closed for known low-power mode
2026-10-10T22:10:50.7215004Z   ---
2026-10-10T22:10:50.7215593Z   duration_ms: 2.0003
2026-10-10T22:10:50.7216101Z   ...
2026-10-10T22:10:50.7216858Z # Subtest: rejects supplied derived values that disagree with raw timing
2026-10-10T22:10:50.7217901Z ok 57 - rejects supplied derived values that disagree with raw timing
2026-10-10T22:10:50.7218663Z   ---
2026-10-10T22:10:50.7219443Z   duration_ms: 1.5381
2026-10-10T22:10:50.7220097Z   ...
2026-10-10T22:10:50.7221139Z # Subtest: PASS evidence rejects observed viewer or validation errors
2026-10-10T22:10:50.7222189Z ok 58 - PASS evidence rejects observed viewer or validation errors
2026-10-10T22:10:50.7222894Z   ---
2026-10-10T22:10:50.7223349Z   duration_ms: 1.6016
2026-10-10T22:10:50.7223845Z   ...
2026-10-10T22:10:50.7224721Z # Subtest: probe evidence may omit benchmark but cannot satisfy a required lane
2026-10-10T22:10:50.7225965Z ok 59 - probe evidence may omit benchmark but cannot satisfy a required lane
2026-10-10T22:10:50.7226811Z   ---
2026-10-10T22:10:50.7227301Z   duration_ms: 0.5514
2026-10-10T22:10:50.7227805Z   ...
2026-10-10T22:10:50.7228553Z # Subtest: required evidence rejects PROBE even with benchmark data
2026-10-10T22:10:50.7229603Z ok 60 - required evidence rejects PROBE even with benchmark data
2026-10-10T22:10:50.7231585Z   ---
2026-10-10T22:10:50.7235858Z   duration_ms: 1.7844
2026-10-10T22:10:50.7236377Z   ...
2026-10-10T22:10:50.7237958Z # Subtest: required evidence rejects FAIL even with benchmark data
2026-10-10T22:10:50.7271199Z ok 61 - required evidence rejects FAIL even with benchmark data
2026-10-10T22:10:50.7311026Z   ---
2026-10-10T22:10:50.7316610Z   duration_ms: 1.6297
2026-10-10T22:10:50.7317436Z   ...
2026-10-10T22:10:50.7321282Z # Subtest: required evidence rejects INFRA_ERROR even with benchmark data
2026-10-10T22:10:50.7329289Z ok 62 - required evidence rejects INFRA_ERROR even with benchmark data
2026-10-10T22:10:50.7331561Z   ---
2026-10-10T22:10:50.7333373Z   duration_ms: 1.4099
2026-10-10T22:10:50.7335112Z   ...
2026-10-10T22:10:50.7337429Z # Subtest: required evidence rejects a fallback adapter
2026-10-10T22:10:50.7339859Z ok 63 - required evidence rejects a fallback adapter
2026-10-10T22:10:50.7349549Z   ---
2026-10-10T22:10:50.7350616Z   duration_ms: 1.8504
2026-10-10T22:10:50.7351318Z   ...
2026-10-10T22:10:50.7357903Z # Subtest: required release evidence rejects a source WASM digest
2026-10-10T22:10:50.7360214Z ok 64 - required release evidence rejects a source WASM digest
2026-10-10T22:10:50.7361060Z   ---
2026-10-10T22:10:50.7362235Z   duration_ms: 3.3863
2026-10-10T22:10:50.7364283Z   ...
2026-10-10T22:10:50.7367049Z # Subtest: required release evidence rejects a dirty source revision
2026-10-10T22:10:50.7498833Z ok 65 - required release evidence rejects a dirty source revision
2026-10-10T22:10:50.7502907Z   ---
2026-10-10T22:10:50.7504206Z   duration_ms: 3.6728
2026-10-10T22:10:50.7505436Z   ...
2026-10-10T22:10:50.7506939Z # Subtest: PASS evidence requires the mouse interaction
2026-10-10T22:10:50.7521641Z ok 66 - PASS evidence requires the mouse interaction
2026-10-10T22:10:50.7522423Z   ---
2026-10-10T22:10:50.7522951Z   duration_ms: 3.5233
2026-10-10T22:10:50.7523481Z   ...
2026-10-10T22:10:50.7524254Z # Subtest: PASS evidence requires the wheel interaction
2026-10-10T22:10:50.7525274Z ok 67 - PASS evidence requires the wheel interaction
2026-10-10T22:10:50.7756966Z   ---
2026-10-10T22:10:50.7797311Z   duration_ms: 2.0935
2026-10-10T22:10:50.7800601Z   ...
2026-10-10T22:10:50.7801853Z # Subtest: PASS evidence requires the touch interaction
2026-10-10T22:10:50.7807327Z ok 68 - PASS evidence requires the touch interaction
2026-10-10T22:10:50.7808066Z   ---
2026-10-10T22:10:50.7808539Z   duration_ms: 2.6005
2026-10-10T22:10:50.7809022Z   ...
2026-10-10T22:10:50.7809683Z # Subtest: PASS evidence requires the keyboard interaction
2026-10-10T22:10:50.7810591Z ok 69 - PASS evidence requires the keyboard interaction
2026-10-10T22:10:50.7811266Z   ---
2026-10-10T22:10:50.7811721Z   duration_ms: 3.0502
2026-10-10T22:10:50.7812220Z   ...
2026-10-10T22:10:50.7812843Z # Subtest: PASS evidence requires the resize interaction
2026-10-10T22:10:50.7813719Z ok 70 - PASS evidence requires the resize interaction
2026-10-10T22:10:50.7814384Z   ---
2026-10-10T22:10:50.7814826Z   duration_ms: 3.277
2026-10-10T22:10:50.7815297Z   ...
2026-10-10T22:10:50.7816284Z # Subtest: PASS evidence requires the disposal interaction
2026-10-10T22:10:50.7817208Z ok 71 - PASS evidence requires the disposal interaction
2026-10-10T22:10:50.7817865Z   ---
2026-10-10T22:10:50.7818291Z   duration_ms: 2.885
2026-10-10T22:10:50.7818760Z   ...
2026-10-10T22:10:50.7819831Z # Subtest: accepts complete stable FFX-03 proof and closed Nightly outcomes
2026-10-10T22:10:50.7821719Z ok 72 - accepts complete stable FFX-03 proof and closed Nightly outcomes
2026-10-10T22:10:50.7822835Z   ---
2026-10-10T22:10:50.7823872Z   duration_ms: 56.5973
2026-10-10T22:10:50.7824465Z   ...
2026-10-10T22:10:50.7826354Z # Subtest: stable validator rejects wrong architecture
2026-10-10T22:10:50.7827300Z ok 73 - stable validator rejects wrong architecture
2026-10-10T22:10:50.7828149Z   ---
2026-10-10T22:10:50.7828659Z   duration_ms: 0.9259
2026-10-10T22:10:50.7829209Z   ...
2026-10-10T22:10:50.7829931Z # Subtest: stable validator rejects wrong workload schema
2026-10-10T22:10:50.7830900Z ok 74 - stable validator rejects wrong workload schema
2026-10-10T22:10:50.7831637Z   ---
2026-10-10T22:10:50.7832127Z   duration_ms: 0.7131
2026-10-10T22:10:50.7832651Z   ...
2026-10-10T22:10:50.7833336Z # Subtest: stable validator rejects numeric behavior
2026-10-10T22:10:50.7834237Z ok 75 - stable validator rejects numeric behavior
2026-10-10T22:10:50.7834877Z   ---
2026-10-10T22:10:50.7835344Z   duration_ms: 3.8373
2026-10-10T22:10:50.7835877Z   ...
2026-10-10T22:10:50.7836530Z # Subtest: stable validator rejects numeric driver boolean
2026-10-10T22:10:50.7837490Z ok 76 - stable validator rejects numeric driver boolean
2026-10-10T22:10:50.7838215Z   ---
2026-10-10T22:10:50.7838700Z   duration_ms: 3.9362
2026-10-10T22:10:50.7839193Z   ...
2026-10-10T22:10:50.7839784Z # Subtest: stable validator rejects zero pointer id
2026-10-10T22:10:50.7847765Z ok 77 - stable validator rejects zero pointer id
2026-10-10T22:10:50.7849681Z   ---
2026-10-10T22:10:50.7850202Z   duration_ms: 4.4622
2026-10-10T22:10:50.7850784Z   ...
2026-10-10T22:10:50.7851528Z # Subtest: stable validator rejects numeric keyboard boolean
2026-10-10T22:10:50.7852543Z ok 78 - stable validator rejects numeric keyboard boolean
2026-10-10T22:10:50.7854092Z   ---
2026-10-10T22:10:50.7856351Z   duration_ms: 3.5085
2026-10-10T22:10:50.7857600Z   ...
2026-10-10T22:10:50.7858270Z # Subtest: stable validator rejects numeric focus boolean
2026-10-10T22:10:50.7859220Z ok 79 - stable validator rejects numeric focus boolean
2026-10-10T22:10:50.7859939Z   ---
2026-10-10T22:10:50.7860443Z   duration_ms: 2.5654
2026-10-10T22:10:50.7860962Z   ...
2026-10-10T22:10:50.7861642Z # Subtest: stable validator rejects unknown thermal state
2026-10-10T22:10:50.7862513Z ok 80 - stable validator rejects unknown thermal state
2026-10-10T22:10:50.7863550Z   ---
2026-10-10T22:10:50.7863984Z   duration_ms: 8.8253
2026-10-10T22:10:50.7864454Z   ...
2026-10-10T22:10:50.7866281Z # Subtest: stable validator rejects unknown low power state
2026-10-10T22:10:50.7867393Z ok 81 - stable validator rejects unknown low power state
2026-10-10T22:10:50.7868135Z   ---
2026-10-10T22:10:50.7868610Z   duration_ms: 2.6224
2026-10-10T22:10:50.7869097Z   ...
2026-10-10T22:10:50.7869822Z # Subtest: stable validator rejects fabricated Firefox SystemInfo
2026-10-10T22:10:50.7870854Z ok 82 - stable validator rejects fabricated Firefox SystemInfo
2026-10-10T22:10:50.7871537Z   ---
2026-10-10T22:10:50.7872010Z   duration_ms: 3.7417
2026-10-10T22:10:50.7872553Z   ...
2026-10-10T22:10:50.7873311Z # Subtest: stable validator rejects release preference override
2026-10-10T22:10:50.7874353Z ok 83 - stable validator rejects release preference override
2026-10-10T22:10:50.7875071Z   ---
2026-10-10T22:10:50.7875531Z   duration_ms: 0.7243
2026-10-10T22:10:50.7876018Z   ...
2026-10-10T22:10:50.7876590Z # Subtest: stable validator rejects 49 cleanup cycles
2026-10-10T22:10:50.7877414Z ok 84 - stable validator rejects 49 cleanup cycles
2026-10-10T22:10:50.7879413Z   ---
2026-10-10T22:10:50.7880014Z   duration_ms: 0.565
2026-10-10T22:10:50.7880525Z   ...
2026-10-10T22:10:50.7881143Z # Subtest: stable validator rejects observer leak
2026-10-10T22:10:50.7881995Z ok 85 - stable validator rejects observer leak
2026-10-10T22:10:50.7882742Z   ---
2026-10-10T22:10:50.7883629Z   duration_ms: 2.3381
2026-10-10T22:10:50.7884146Z   ...
2026-10-10T22:10:50.7884802Z # Subtest: stable validator rejects trimmed benchmark
2026-10-10T22:10:50.7885683Z ok 86 - stable validator rejects trimmed benchmark
2026-10-10T22:10:50.7886353Z   ---
2026-10-10T22:10:50.7886827Z   duration_ms: 2.7032
2026-10-10T22:10:50.7887355Z   ...
2026-10-10T22:10:50.7887979Z # Subtest: stable validator rejects altered hash
2026-10-10T22:10:50.7888792Z ok 87 - stable validator rejects altered hash
2026-10-10T22:10:50.7889406Z   ---
2026-10-10T22:10:50.7889901Z   duration_ms: 2.5653
2026-10-10T22:10:50.7890450Z   ...
2026-10-10T22:10:50.7891097Z # Subtest: stable validator rejects cleanup failure
2026-10-10T22:10:50.7891997Z ok 88 - stable validator rejects cleanup failure
2026-10-10T22:10:50.7892725Z   ---
2026-10-10T22:10:50.7893232Z   duration_ms: 0.4891
2026-10-10T22:10:50.7893755Z   ...
2026-10-10T22:10:50.7894382Z # Subtest: stable validator rejects unknown nested field
2026-10-10T22:10:50.7895278Z ok 89 - stable validator rejects unknown nested field
2026-10-10T22:10:50.7895975Z   ---
2026-10-10T22:10:50.7896446Z   duration_ms: 0.682
2026-10-10T22:10:50.7896965Z   ...
2026-10-10T22:10:50.7897650Z # Subtest: stable validator rejects unknown adapter field
2026-10-10T22:10:50.7898579Z ok 90 - stable validator rejects unknown adapter field
2026-10-10T22:10:50.7899232Z   ---
2026-10-10T22:10:50.7899673Z   duration_ms: 0.7322
2026-10-10T22:10:50.7900172Z   ...
2026-10-10T22:10:50.7900782Z # Subtest: stable validator rejects misbound adapter
2026-10-10T22:10:50.7901631Z ok 91 - stable validator rejects misbound adapter
2026-10-10T22:10:50.7902312Z   ---
2026-10-10T22:10:50.7902848Z   duration_ms: 0.656
2026-10-10T22:10:50.7903750Z   ...
2026-10-10T22:10:50.7904438Z # Subtest: stable validator rejects unknown behavior field
2026-10-10T22:10:50.7905380Z ok 92 - stable validator rejects unknown behavior field
2026-10-10T22:10:50.7907134Z   ---
2026-10-10T22:10:50.7910553Z   duration_ms: 2.9219
2026-10-10T22:10:50.7911158Z   ...
2026-10-10T22:10:50.7911913Z # Subtest: stable validator rejects unknown lifecycle field
2026-10-10T22:10:50.7912928Z ok 93 - stable validator rejects unknown lifecycle field
2026-10-10T22:10:50.7913716Z   ---
2026-10-10T22:10:50.7914256Z   duration_ms: 2.5226
2026-10-10T22:10:50.7914776Z   ...
2026-10-10T22:10:50.7915741Z # Subtest: Nightly validator rejects unsafe preferences and fabricated unsuccessful adapter
2026-10-10T22:10:50.7917211Z ok 94 - Nightly validator rejects unsafe preferences and fabricated unsuccessful adapter
2026-10-10T22:10:50.7918201Z   ---
2026-10-10T22:10:50.7918696Z   duration_ms: 1.7246
2026-10-10T22:10:50.7919217Z   ...
2026-10-10T22:10:50.8070939Z # Subtest: accepts a fully released viewer
2026-10-10T22:10:50.8099265Z ok 95 - accepts a fully released viewer
2026-10-10T22:10:50.8100096Z   ---
2026-10-10T22:10:50.8131099Z   duration_ms: 9.7835
2026-10-10T22:10:50.8133177Z   ...
2026-10-10T22:10:50.8134482Z # Subtest: negative control detects leaked ownedListeners
2026-10-10T22:10:50.8136514Z ok 96 - negative control detects leaked ownedListeners
2026-10-10T22:10:50.8137364Z   ---
2026-10-10T22:10:50.8137871Z   duration_ms: 1.3906
2026-10-10T22:10:50.8138862Z   ...
2026-10-10T22:10:50.8139711Z # Subtest: negative control detects leaked activeObservers
2026-10-10T22:10:50.8140720Z ok 97 - negative control detects leaked activeObservers
2026-10-10T22:10:50.8141834Z   ---
2026-10-10T22:10:50.8142324Z   duration_ms: 0.2289
2026-10-10T22:10:50.8142859Z   ...
2026-10-10T22:10:50.8143541Z # Subtest: negative control detects leaked activeRuntimes
2026-10-10T22:10:50.8144874Z ok 98 - negative control detects leaked activeRuntimes
2026-10-10T22:10:50.8145713Z   ---
2026-10-10T22:10:50.8146225Z   duration_ms: 0.3031
2026-10-10T22:10:50.8146779Z   ...
2026-10-10T22:10:50.8147571Z # Subtest: negative control detects leaked pendingAnimationFrame
2026-10-10T22:10:50.8148659Z ok 99 - negative control detects leaked pendingAnimationFrame
2026-10-10T22:10:50.8149463Z   ---
2026-10-10T22:10:50.8149993Z   duration_ms: 0.4902
2026-10-10T22:10:50.8150571Z   ...
2026-10-10T22:10:50.8151300Z # Subtest: negative control detects leaked activePointers
2026-10-10T22:10:50.8152294Z ok 100 - negative control detects leaked activePointers
2026-10-10T22:10:50.8153047Z   ---
2026-10-10T22:10:50.8153502Z   duration_ms: 0.2876
2026-10-10T22:10:50.8153979Z   ...
2026-10-10T22:10:51.0284652Z # Subtest: SAF-03 validates the complete stable Safari proof and separate STP result
2026-10-10T22:10:51.0392753Z ok 101 - SAF-03 validates the complete stable Safari proof and separate STP result
2026-10-10T22:10:51.0515862Z   ---
2026-10-10T22:10:51.0600823Z   duration_ms: 17.048
2026-10-10T22:10:51.0624825Z   ...
2026-10-10T22:10:51.0639009Z # Subtest: SAF-03 records optional STP absence without fabricating a session cleanup
2026-10-10T22:10:51.0672765Z ok 102 - SAF-03 records optional STP absence without fabricating a session cleanup
2026-10-10T22:10:51.0698067Z   ---
2026-10-10T22:10:51.0698591Z   duration_ms: 0.9601
2026-10-10T22:10:51.0699092Z   ...
2026-10-10T22:10:51.0700069Z # Subtest: SAF-03 rejects every binding, action, screenshot, lifecycle, benchmark, and cleanup edge
2026-10-10T22:10:51.0701504Z ok 103 - SAF-03 rejects every binding, action, screenshot, lifecycle, benchmark, and cleanup edge
2026-10-10T22:10:51.0702728Z   ---
2026-10-10T22:10:51.0703219Z   duration_ms: 178.5268
2026-10-10T22:10:51.0703715Z   ...
2026-10-10T22:10:51.0704546Z # Subtest: SAF-03 closes every STP product-failure provenance and cleanup state
2026-10-10T22:10:51.0705706Z ok 104 - SAF-03 closes every STP product-failure provenance and cleanup state
2026-10-10T22:10:51.0706508Z   ---
2026-10-10T22:10:51.0706958Z   duration_ms: 1.2851
2026-10-10T22:10:51.0707428Z   ...
2026-10-10T22:10:51.0708336Z # Subtest: SAF-04 proof validates the versioned exact binding and complete cycles
2026-10-10T22:10:51.0709848Z ok 105 - SAF-04 proof validates the versioned exact binding and complete cycles
2026-10-10T22:10:51.0710638Z   ---
2026-10-10T22:10:51.0711069Z   duration_ms: 5.1285
2026-10-10T22:10:51.0711539Z   ...
2026-10-10T22:10:51.0712697Z # Subtest: SAF-04 proof rejects substitution, stale lifecycle, premature capture loss, no-op zoom, and transient Gesture Events
2026-10-10T22:10:51.0714536Z ok 106 - SAF-04 proof rejects substitution, stale lifecycle, premature capture loss, no-op zoom, and transient Gesture Events
2026-10-10T22:10:51.0715609Z   ---
2026-10-10T22:10:51.0716043Z   duration_ms: 62.5435
2026-10-10T22:10:51.0716522Z   ...
2026-10-10T22:10:51.6764754Z # Subtest: transpiled benchmark wrapper imports its copied browser dependency and uses origin-root assets
2026-10-10T22:10:51.6766669Z ok 107 - transpiled benchmark wrapper imports its copied browser dependency and uses origin-root assets
2026-10-10T22:10:51.6767323Z   ---
2026-10-10T22:10:51.6767544Z   duration_ms: 73.5064
2026-10-10T22:10:51.6767795Z   ...
2026-10-10T22:10:51.6775802Z # Subtest: browser benchmark admits only HTTPS or loopback HTTP asset URLs
2026-10-10T22:10:51.6776932Z ok 108 - browser benchmark admits only HTTPS or loopback HTTP asset URLs
2026-10-10T22:10:51.6777627Z   ---
2026-10-10T22:10:51.6777954Z   duration_ms: 0.421
2026-10-10T22:10:51.6778174Z   ...
2026-10-10T22:10:51.6783453Z # Subtest: serialized benchmark callback retains its URL validation helper
2026-10-10T22:10:51.6786560Z ok 109 - serialized benchmark callback retains its URL validation helper
2026-10-10T22:10:51.6787197Z   ---
2026-10-10T22:10:51.6787474Z   duration_ms: 1.3864
2026-10-10T22:10:51.6787837Z   ...
2026-10-10T22:10:51.6795376Z # Subtest: benchmark viewer errors reach the shared hardware list and reject CHR-03 and CHR-04 proofs
2026-10-10T22:10:51.6805964Z ok 110 - benchmark viewer errors reach the shared hardware list and reject CHR-03 and CHR-04 proofs
2026-10-10T22:10:51.6806488Z   ---
2026-10-10T22:10:51.6806684Z   duration_ms: 5.9771
2026-10-10T22:10:51.6806917Z   ...
2026-10-10T22:10:51.6946612Z # Subtest: SAF-03 uses the pinned Selenium client and decodes native PNG terrain pixels
2026-10-10T22:10:51.6948123Z ok 111 - SAF-03 uses the pinned Selenium client and decodes native PNG terrain pixels
2026-10-10T22:10:51.6949012Z   ---
2026-10-10T22:10:51.6949377Z   duration_ms: 6.4742
2026-10-10T22:10:51.6949774Z   ...
2026-10-10T22:10:51.6951133Z # Subtest: SAF-03 rejects corrupt and unsupported native screenshots
2026-10-10T22:10:51.6952165Z ok 112 - SAF-03 rejects corrupt and unsupported native screenshots
2026-10-10T22:10:51.6952803Z   ---
2026-10-10T22:10:51.6953130Z   duration_ms: 1.5021
2026-10-10T22:10:51.6953487Z   ...
2026-10-10T22:10:51.6954169Z # Subtest: SAF-03 hashes decoded pixels independently from PNG encoding
2026-10-10T22:10:51.6955157Z ok 113 - SAF-03 hashes decoded pixels independently from PNG encoding
2026-10-10T22:10:51.6955770Z   ---
2026-10-10T22:10:51.6956097Z   duration_ms: 1.7289
2026-10-10T22:10:51.6956960Z   ...
2026-10-10T22:10:51.6958129Z # Subtest: SAF-03 visibility and Retina resize use the packaged same-origin controls
2026-10-10T22:10:51.6959880Z ok 114 - SAF-03 visibility and Retina resize use the packaged same-origin controls
2026-10-10T22:10:51.6960602Z   ---
2026-10-10T22:10:51.6960915Z   duration_ms: 1.0017
2026-10-10T22:10:51.6961284Z   ...
2026-10-10T22:10:51.6962056Z # Subtest: SAF-03 retains pagehide console and runtime errors across the hard reload boundary
2026-10-10T22:10:51.6963255Z ok 115 - SAF-03 retains pagehide console and runtime errors across the hard reload boundary
2026-10-10T22:10:51.6963985Z   ---
2026-10-10T22:10:51.6964295Z   duration_ms: 0.6109
2026-10-10T22:10:51.6964613Z   ...
2026-10-10T22:10:51.6965319Z # Subtest: SAF-03 initializes the durable collector before tested fixture navigation
2026-10-10T22:10:51.6966410Z ok 116 - SAF-03 initializes the durable collector before tested fixture navigation
2026-10-10T22:10:51.6967104Z   ---
2026-10-10T22:10:51.6967919Z   duration_ms: 0.8976
2026-10-10T22:10:51.6968274Z   ...
2026-10-10T22:10:51.6968989Z # Subtest: SAF-03 fixture collector rehydrates startup and callback-only reload errors
2026-10-10T22:10:51.6970168Z ok 117 - SAF-03 fixture collector rehydrates startup and callback-only reload errors
2026-10-10T22:10:51.6970903Z   ---
2026-10-10T22:10:51.6971614Z   duration_ms: 3.7417
2026-10-10T22:10:51.6971971Z   ...
2026-10-10T22:10:51.6972713Z # Subtest: SAF-03 fixture collector surfaces durable storage write failure across documents
2026-10-10T22:10:51.6973911Z ok 118 - SAF-03 fixture collector surfaces durable storage write failure across documents
2026-10-10T22:10:51.6974648Z   ---
2026-10-10T22:10:51.6974952Z   duration_ms: 1.6827
2026-10-10T22:10:51.6975296Z   ...
2026-10-10T22:10:51.6975575Z 1..118
2026-10-10T22:10:51.6975861Z # tests 118
2026-10-10T22:10:51.6976154Z # suites 0
2026-10-10T22:10:51.6976439Z # pass 118
2026-10-10T22:10:51.6976723Z # fail 0
2026-10-10T22:10:51.6977016Z # cancelled 0
2026-10-10T22:10:51.6977315Z # skipped 0
2026-10-10T22:10:51.6977607Z # todo 0
2026-10-10T22:10:51.6977923Z # duration_ms 1454.1476
2026-10-10T22:10:52.0351946Z 
2026-10-10T22:10:52.0355618Z > @forge3d/web@1.26.3 test:infrastructure
2026-10-10T22:10:52.0356258Z > node scripts/run-infrastructure-tests.mjs
2026-10-10T22:10:52.0356592Z 
2026-10-10T22:10:52.2102188Z TAP version 13
2026-10-10T22:10:52.2977812Z # Subtest: page adapter attestation matches its strict schema
2026-10-10T22:10:52.2978853Z ok 1 - page adapter attestation matches its strict schema
2026-10-10T22:10:52.2987697Z   ---
2026-10-10T22:10:52.2990501Z   duration_ms: 3.9429
2026-10-10T22:10:52.2992990Z   ...
2026-10-10T22:10:52.2997727Z # Subtest: required attestation joins exact run/job/asset/commit/package bindings
2026-10-10T22:10:52.3002955Z ok 2 - required attestation joins exact run/job/asset/commit/package bindings
2026-10-10T22:10:52.3004087Z   ---
2026-10-10T22:10:52.3005579Z   duration_ms: 0.566
2026-10-10T22:10:52.3006611Z   ...
2026-10-10T22:10:52.3008011Z # Subtest: fallback and missing fallback information fail before browser acceptance
2026-10-10T22:10:52.3009199Z ok 3 - fallback and missing fallback information fail before browser acceptance
2026-10-10T22:10:52.3011449Z   ---
2026-10-10T22:10:52.3013225Z   duration_ms: 0.634
2026-10-10T22:10:52.3016122Z   ...
2026-10-10T22:10:52.3017701Z # Subtest: device, surface, luma, host GPU, session, and exact binding are all required
2026-10-10T22:10:52.3019822Z ok 4 - device, surface, luma, host GPU, session, and exact binding are all required
2026-10-10T22:10:52.3020549Z   ---
2026-10-10T22:10:52.3021060Z   duration_ms: 0.7759
2026-10-10T22:10:52.3021932Z   ...
2026-10-10T22:10:52.3022896Z # Subtest: Linux evidence rejects missing Wayland/driver data and old NVIDIA drivers
2026-10-10T22:10:52.3027282Z ok 5 - Linux evidence rejects missing Wayland/driver data and old NVIDIA drivers
2026-10-10T22:10:52.3030094Z   ---
2026-10-10T22:10:52.3030470Z   duration_ms: 0.6416
2026-10-10T22:10:52.3031017Z   ...
2026-10-10T22:10:52.3031545Z # Subtest: Intel Linux host evidence does not require NVIDIA tooling
2026-10-10T22:10:52.3032259Z ok 6 - Intel Linux host evidence does not require NVIDIA tooling
2026-10-10T22:10:52.3032725Z   ---
2026-10-10T22:10:52.3032981Z   duration_ms: 0.3563
2026-10-10T22:10:52.3033261Z   ...
2026-10-10T22:10:52.3033861Z # Subtest: attached mobile evidence remains bound to its fixed controller host
2026-10-10T22:10:52.3034735Z ok 7 - attached mobile evidence remains bound to its fixed controller host
2026-10-10T22:10:52.3041816Z   ---
2026-10-10T22:10:52.3042151Z   duration_ms: 0.6745
2026-10-10T22:10:52.3044338Z   ...
2026-10-10T22:10:52.3045058Z # Subtest: macOS host GPU capture removes display serial and device identifiers
2026-10-10T22:10:52.3045970Z ok 8 - macOS host GPU capture removes display serial and device identifiers
2026-10-10T22:10:52.3046535Z   ---
2026-10-10T22:10:52.3046798Z   duration_ms: 2.446
2026-10-10T22:10:52.3047466Z   ...
2026-10-10T22:10:52.3268816Z # Subtest: pending repository trust gates privileged packaging without credentials
2026-10-10T22:10:52.3336762Z ok 9 - pending repository trust gates privileged packaging without credentials
2026-10-10T22:10:52.3391966Z   ---
2026-10-10T22:10:52.3394014Z   duration_ms: 2.6181
2026-10-10T22:10:52.3408123Z   ...
2026-10-10T22:10:52.3409609Z # Subtest: observer exposes only the exact four non-secret handoff outputs
2026-10-10T22:10:52.3410941Z ok 10 - observer exposes only the exact four non-secret handoff outputs
2026-10-10T22:10:52.3413446Z   ---
2026-10-10T22:10:52.3414572Z   duration_ms: 2.6442
2026-10-10T22:10:52.3415330Z   ...
2026-10-10T22:10:52.3417164Z # Subtest: only the GitHub-hosted observer job can reference observer credentials
2026-10-10T22:10:52.3419390Z ok 11 - only the GitHub-hosted observer job can reference observer credentials
2026-10-10T22:10:52.3420536Z   ---
2026-10-10T22:10:52.3421369Z   duration_ms: 0.3124
2026-10-10T22:10:52.3422065Z   ...
2026-10-10T22:10:52.3423100Z # Subtest: observer upload is immutable, exact-name, error-on-missing, and attested
2026-10-10T22:10:52.3424482Z ok 12 - observer upload is immutable, exact-name, error-on-missing, and attested
2026-10-10T22:10:52.3425319Z   ---
2026-10-10T22:10:52.3425834Z   duration_ms: 0.3927
2026-10-10T22:10:52.3426385Z   ...
2026-10-10T22:10:52.3427288Z # Subtest: packager consumes all four values only through needs and uses exact-ID verifier
2026-10-10T22:10:52.3428678Z ok 13 - packager consumes all four values only through needs and uses exact-ID verifier
2026-10-10T22:10:52.3429665Z   ---
2026-10-10T22:10:52.3430174Z   duration_ms: 0.4345
2026-10-10T22:10:52.3430816Z   ...
2026-10-10T22:10:52.3432012Z # Subtest: packager includes the checked controller health endpoint configuration
2026-10-10T22:10:52.3433283Z ok 14 - packager includes the checked controller health endpoint configuration
2026-10-10T22:10:52.3434142Z   ---
2026-10-10T22:10:52.3434630Z   duration_ms: 0.2359
2026-10-10T22:10:52.3435103Z   ...
2026-10-10T22:10:52.5808093Z # Subtest: automated and manual sources derive closed matrix keys without artifact claims
2026-10-10T22:10:52.5819842Z ok 15 - automated and manual sources derive closed matrix keys without artifact claims
2026-10-10T22:10:52.5826991Z   ---
2026-10-10T22:10:52.5837325Z   duration_ms: 224.852
2026-10-10T22:10:52.5860245Z   ...
2026-10-10T22:10:52.5862093Z # Subtest: infrastructure canary, fallback adapter, failed identity, and unattested artifact fail
2026-10-10T22:10:52.5864823Z ok 16 - infrastructure canary, fallback adapter, failed identity, and unattested artifact fail
2026-10-10T22:10:52.5867430Z   ---
2026-10-10T22:10:52.5867924Z   duration_ms: 0.868
2026-10-10T22:10:52.5868467Z   ...
2026-10-10T22:10:52.5869248Z # Subtest: finalization rejects stale embedded workflow run identity
2026-10-10T22:10:52.5870296Z ok 17 - finalization rejects stale embedded workflow run identity
2026-10-10T22:10:52.5871025Z   ---
2026-10-10T22:10:52.5871471Z   duration_ms: 0.454
2026-10-10T22:10:52.5871960Z   ...
2026-10-10T22:10:52.6376538Z # Subtest: browser-neutral harness runs the browser-owned payload after adapter smoke
2026-10-10T22:10:52.6377762Z ok 18 - browser-neutral harness runs the browser-owned payload after adapter smoke
2026-10-10T22:10:52.6378517Z   ---
2026-10-10T22:10:52.6379449Z   duration_ms: 4.3292
2026-10-10T22:10:52.6381305Z   ...
2026-10-10T22:10:52.6382678Z # Subtest: infrastructure canary cannot execute browser support assertions
2026-10-10T22:10:52.6383835Z ok 19 - infrastructure canary cannot execute browser support assertions
2026-10-10T22:10:52.6384638Z   ---
2026-10-10T22:10:52.6387060Z   duration_ms: 0.558
2026-10-10T22:10:52.6387450Z   ...
2026-10-10T22:10:52.6388997Z # Subtest: only Firefox lanes require and validate the FFX-04 lifecycle proof
2026-10-10T22:10:52.6390646Z ok 20 - only Firefox lanes require and validate the FFX-04 lifecycle proof
2026-10-10T22:10:52.6393995Z   ---
2026-10-10T22:10:52.6394576Z   duration_ms: 30.997
2026-10-10T22:10:52.6394917Z   ...
2026-10-10T22:10:52.6395476Z # Subtest: challenged infrastructure canary remains adapter-only
2026-10-10T22:10:52.6396293Z ok 21 - challenged infrastructure canary remains adapter-only
2026-10-10T22:10:52.6399651Z   ---
2026-10-10T22:10:52.6399997Z   duration_ms: 7.8213
2026-10-10T22:10:52.6400361Z   ...
2026-10-10T22:10:52.6401160Z # Subtest: fallback adapter and unreviewed drivers fail closed while cleanup still runs
2026-10-10T22:10:52.6402424Z ok 22 - fallback adapter and unreviewed drivers fail closed while cleanup still runs
2026-10-10T22:10:52.6403592Z   ---
2026-10-10T22:10:52.6403934Z   duration_ms: 0.9344
2026-10-10T22:10:52.6404542Z   ...
2026-10-10T22:10:52.6405332Z # Subtest: production lane executor opens a headed browser and captures live page evidence
2026-10-10T22:10:52.6406700Z ok 23 - production lane executor opens a headed browser and captures live page evidence
2026-10-10T22:10:52.6407651Z   ---
2026-10-10T22:10:52.6407917Z   duration_ms: 8.8393
2026-10-10T22:10:52.6408219Z   ...
2026-10-10T22:10:52.6408976Z # Subtest: production Safari lane dispatches the authorized SAF-02 binding and validates its proof
2026-10-10T22:10:52.6410406Z ok 24 - production Safari lane dispatches the authorized SAF-02 binding and validates its proof
2026-10-10T22:10:52.6411255Z   ---
2026-10-10T22:10:52.6411692Z   duration_ms: 25.5309
2026-10-10T22:10:52.6411966Z   ...
2026-10-10T22:10:52.6412493Z # Subtest: opened browser session closes when provenance validation rejects it
2026-10-10T22:10:52.6413313Z ok 25 - opened browser session closes when provenance validation rejects it
2026-10-10T22:10:52.6413828Z   ---
2026-10-10T22:10:52.6414327Z   duration_ms: 0.7341
2026-10-10T22:10:52.6414610Z   ...
2026-10-10T22:10:52.6415588Z # Subtest: Edge runtime routes exact CHR-04 proof and rejects borrowed Chrome proof before PASS
2026-10-10T22:10:52.6416693Z ok 26 - Edge runtime routes exact CHR-04 proof and rejects borrowed Chrome proof before PASS
2026-10-10T22:10:52.6417294Z   ---
2026-10-10T22:10:52.6417556Z   duration_ms: 28.9293
2026-10-10T22:10:52.6417861Z   ...
2026-10-10T22:10:52.6418553Z # Subtest: manual mobile runtime calls Appium class and retains the visible challenge window
2026-10-10T22:10:52.6419717Z ok 27 - manual mobile runtime calls Appium class and retains the visible challenge window
2026-10-10T22:10:52.6420445Z   ---
2026-10-10T22:10:52.6420729Z   duration_ms: 8.5652
2026-10-10T22:10:52.6421035Z   ...
2026-10-10T22:10:52.6421843Z # Subtest: Safari product manual lane reaches page composition without changing attestation binding
2026-10-10T22:10:52.6423510Z ok 28 - Safari product manual lane reaches page composition without changing attestation binding
2026-10-10T22:10:52.6424237Z   ---
2026-10-10T22:10:52.6424522Z   duration_ms: 6.5481
2026-10-10T22:10:52.6424835Z   ...
2026-10-10T22:10:52.6425388Z # Subtest: stable Safari lane requires and retains exact SAF-04 proof
2026-10-10T22:10:52.6426233Z ok 29 - stable Safari lane requires and retains exact SAF-04 proof
2026-10-10T22:10:52.6426759Z   ---
2026-10-10T22:10:52.6427022Z   duration_ms: 9.2162
2026-10-10T22:10:52.6427323Z   ...
2026-10-10T22:10:52.6428019Z # Subtest: unconditional cleanup stops route/driver/Appium processes and restores updates
2026-10-10T22:10:52.6429796Z ok 30 - unconditional cleanup stops route/driver/Appium processes and restores updates
2026-10-10T22:10:52.6430496Z   ---
2026-10-10T22:10:52.6430776Z   duration_ms: 10.6454
2026-10-10T22:10:52.6431094Z   ...
2026-10-10T22:10:55.8180889Z # Subtest: assembly binds one tarball, clean exact HEAD, evidence, schemas, and fixture
2026-10-10T22:10:55.8191266Z ok 31 - assembly binds one tarball, clean exact HEAD, evidence, schemas, and fixture
2026-10-10T22:10:55.8192903Z   ---
2026-10-10T22:10:55.8204214Z   duration_ms: 1593.238
2026-10-10T22:10:55.8206099Z   ...
2026-10-10T22:10:55.8207391Z # Subtest: Selenium closure assembly fails when a lock-bound installed package is missing
2026-10-10T22:10:55.8215718Z ok 32 - Selenium closure assembly fails when a lock-bound installed package is missing
2026-10-10T22:10:55.8217108Z   ---
2026-10-10T22:10:55.8217904Z   duration_ms: 6.3166
2026-10-10T22:10:55.8218439Z   ...
2026-10-10T22:10:55.8219632Z # Subtest: promoted Selenium closure materializes artifact-only and rejects missing or tampered inputs
2026-10-10T22:10:55.8221326Z ok 33 - promoted Selenium closure materializes artifact-only and rejects missing or tampered inputs
2026-10-10T22:10:55.8222275Z   ---
2026-10-10T22:10:55.8222705Z   duration_ms: 1784.5137
2026-10-10T22:10:55.8223276Z   ...
2026-10-10T22:10:55.8224069Z # Subtest: assembly dependency guard rejects file, link, and workspace protocols
2026-10-10T22:10:55.8225241Z ok 34 - assembly dependency guard rejects file, link, and workspace protocols
2026-10-10T22:10:55.8225969Z   ---
2026-10-10T22:10:55.8226355Z   duration_ms: 0.7994
2026-10-10T22:10:55.8226764Z   ...
2026-10-10T22:10:55.8458027Z # Subtest: browser package runs only for protected-main push or manual dispatch
2026-10-10T22:10:55.8511759Z ok 35 - browser package runs only for protected-main push or manual dispatch
2026-10-10T22:10:55.8512925Z   ---
2026-10-10T22:10:55.8530625Z   duration_ms: 2.8553
2026-10-10T22:10:55.8563453Z   ...
2026-10-10T22:10:55.8566353Z # Subtest: pending repository trust gates privileged packaging without credentials
2026-10-10T22:10:55.8568114Z ok 36 - pending repository trust gates privileged packaging without credentials
2026-10-10T22:10:55.8570638Z   ---
2026-10-10T22:10:55.8572316Z   duration_ms: 1.5155
2026-10-10T22:10:55.8591004Z   ...
2026-10-10T22:10:55.8597375Z # Subtest: only observer receives the trust environment and four-output handoff
2026-10-10T22:10:55.8633813Z ok 37 - only observer receives the trust environment and four-output handoff
2026-10-10T22:10:55.8634766Z   ---
2026-10-10T22:10:55.8635244Z   duration_ms: 0.4006
2026-10-10T22:10:55.8635727Z   ...
2026-10-10T22:10:55.8636596Z # Subtest: builder verifies exact-ID observation before target checkout or execution
2026-10-10T22:10:55.8637849Z ok 38 - builder verifies exact-ID observation before target checkout or execution
2026-10-10T22:10:55.8638676Z   ---
2026-10-10T22:10:55.8639132Z   duration_ms: 0.3994
2026-10-10T22:10:55.8639608Z   ...
2026-10-10T22:10:55.8640403Z # Subtest: builder creates one tarball consumer artifact with 90-day retention
2026-10-10T22:10:55.8641577Z ok 39 - builder creates one tarball consumer artifact with 90-day retention
2026-10-10T22:10:55.8642370Z   ---
2026-10-10T22:10:55.8642812Z   duration_ms: 0.45
2026-10-10T22:10:55.8643268Z   ...
2026-10-10T22:10:55.8644155Z # Subtest: observer and builder use least privilege without writes to repository contents
2026-10-10T22:10:55.8645431Z ok 40 - observer and builder use least privilege without writes to repository contents
2026-10-10T22:10:55.8646341Z   ---
2026-10-10T22:10:55.8647237Z   duration_ms: 0.2863
2026-10-10T22:10:55.8647761Z   ...
2026-10-10T22:10:55.8648571Z # Subtest: INF-01 policy freezes the required shipping and probe browser channels
2026-10-10T22:10:55.8649744Z ok 41 - INF-01 policy freezes the required shipping and probe browser channels
2026-10-10T22:10:55.8650782Z   ---
2026-10-10T22:10:55.8651272Z   duration_ms: 3.4938
2026-10-10T22:10:55.8651798Z   ...
2026-10-10T22:10:55.8652697Z # Subtest: capture records an unlocked headed shipping browser with exact tool versions
2026-10-10T22:10:55.8653954Z ok 42 - capture records an unlocked headed shipping browser with exact tool versions
2026-10-10T22:10:55.8654802Z   ---
2026-10-10T22:10:55.8655269Z   duration_ms: 3.0149
2026-10-10T22:10:55.8655761Z   ...
2026-10-10T22:10:55.8656596Z # Subtest: unsafe WebGPU, backend, blocklist, certificate, and software flags fail
2026-10-10T22:10:55.8657792Z ok 43 - unsafe WebGPU, backend, blocklist, certificate, and software flags fail
2026-10-10T22:10:55.8658591Z   ---
2026-10-10T22:10:55.8659074Z   duration_ms: 2.2455
2026-10-10T22:10:55.8660452Z   ...
2026-10-10T22:10:55.8686109Z # Subtest: capture preserves the exact observed launch argument strings
2026-10-10T22:10:55.8687738Z ok 44 - capture preserves the exact observed launch argument strings
2026-10-10T22:10:55.8688634Z   ---
2026-10-10T22:10:55.8689191Z   duration_ms: 0.6131
2026-10-10T22:10:55.8689761Z   ...
2026-10-10T22:10:55.8690746Z # Subtest: required host capture fails for locked, remote, non-Wayland, old, or drifted tools
2026-10-10T22:10:55.8694966Z ok 45 - required host capture fails for locked, remote, non-Wayland, old, or drifted tools
2026-10-10T22:10:55.8696128Z   ---
2026-10-10T22:10:55.8697630Z   duration_ms: 0.8277
2026-10-10T22:10:55.8698498Z   ...
2026-10-10T22:10:55.8701469Z # Subtest: update window resolves exact versions, expires at 24 hours, and always closes
2026-10-10T22:10:55.8703480Z ok 46 - update window resolves exact versions, expires at 24 hours, and always closes
2026-10-10T22:10:55.8704601Z   ---
2026-10-10T22:10:55.8706429Z   duration_ms: 1.401
2026-10-10T22:10:55.8707550Z   ...
2026-10-10T22:10:55.8708552Z # Subtest: macOS and Windows session state is observed instead of synthesized
2026-10-10T22:10:55.8710608Z ok 47 - macOS and Windows session state is observed instead of synthesized
2026-10-10T22:10:55.8711488Z   ---
2026-10-10T22:10:55.8711965Z   duration_ms: 1.0956
2026-10-10T22:10:55.8712480Z   ...
2026-10-10T22:10:55.8713433Z # Subtest: update window invokes an absolute enforcement helper and validates its receipt
2026-10-10T22:10:55.8714844Z ok 48 - update window invokes an absolute enforcement helper and validates its receipt
2026-10-10T22:10:55.8715749Z   ---
2026-10-10T22:10:55.8716240Z   duration_ms: 0.9063
2026-10-10T22:10:55.8716743Z   ...
2026-10-10T22:10:55.8718006Z # Subtest: freeze attempts persist enough exact state for unconditional restoration
2026-10-10T22:10:55.8719385Z ok 49 - freeze attempts persist enough exact state for unconditional restoration
2026-10-10T22:10:55.8720316Z   ---
2026-10-10T22:10:55.8720827Z   duration_ms: 0.6867
2026-10-10T22:10:55.8721369Z   ...
2026-10-10T22:10:55.8722398Z # Subtest: host runtime helper supplies versions while the trusted script observes OS and lock state
2026-10-10T22:10:55.8723910Z ok 50 - host runtime helper supplies versions while the trusted script observes OS and lock state
2026-10-10T22:10:55.8724872Z   ---
2026-10-10T22:10:55.8725321Z   duration_ms: 3.6615
2026-10-10T22:10:55.8725785Z   ...
2026-10-10T22:10:55.8726548Z # Subtest: Chromium provenance comes from the live CDP browser command line
2026-10-10T22:10:55.8727678Z ok 51 - Chromium provenance comes from the live CDP browser command line
2026-10-10T22:10:55.8728550Z   ---
2026-10-10T22:10:55.8729047Z   duration_ms: 4.1187
2026-10-10T22:10:55.8729989Z   ...
2026-10-10T22:10:55.8730955Z # Subtest: WebKit source configuration never enters Chromium CDP or process observation
2026-10-10T22:10:55.8732372Z ok 52 - WebKit source configuration never enters Chromium CDP or process observation
2026-10-10T22:10:55.8733344Z   ---
2026-10-10T22:10:55.8733872Z   duration_ms: 0.5947
2026-10-10T22:10:55.8734428Z   ...
2026-10-10T22:10:55.8735234Z # Subtest: Chromium source observation rejects a fabricated non-live source
2026-10-10T22:10:55.8736516Z ok 53 - Chromium source observation rejects a fabricated non-live source
2026-10-10T22:10:55.8737353Z   ---
2026-10-10T22:10:55.8737845Z   duration_ms: 0.3103
2026-10-10T22:10:55.8738385Z   ...
2026-10-10T22:10:55.8739512Z # Subtest: Chromium provenance falls back to the exact live process arguments when CDP denies command-line access
2026-10-10T22:10:55.8741395Z ok 54 - Chromium provenance falls back to the exact live process arguments when CDP denies command-line access
2026-10-10T22:10:55.8742341Z   ---
2026-10-10T22:10:55.8742652Z   duration_ms: 1.682
2026-10-10T22:10:55.8742974Z   ...
2026-10-10T22:10:55.8743870Z # Subtest: macOS Chromium fallback strips the exact executable path with spaces and retains positional arguments
2026-10-10T22:10:55.8745648Z ok 55 - macOS Chromium fallback strips the exact executable path with spaces and retains positional arguments
2026-10-10T22:10:55.8746512Z   ---
2026-10-10T22:10:55.8746817Z   duration_ms: 1.0566
2026-10-10T22:10:55.8747143Z   ...
2026-10-10T22:10:55.8748415Z # Subtest: macOS Chromium fallback fails closed when executable and command observations disagree
2026-10-10T22:10:55.8750257Z ok 56 - macOS Chromium fallback fails closed when executable and command observations disagree
2026-10-10T22:10:55.8751066Z   ---
2026-10-10T22:10:55.8751376Z   duration_ms: 2.2435
2026-10-10T22:10:55.8752525Z   ...
2026-10-10T22:10:55.8753839Z # Subtest: Chromium provenance fails closed when neither CDP nor a live browser PID can prove arguments
2026-10-10T22:10:55.8755288Z ok 57 - Chromium provenance fails closed when neither CDP nor a live browser PID can prove arguments
2026-10-10T22:10:55.8756045Z   ---
2026-10-10T22:10:55.8756340Z   duration_ms: 0.4645
2026-10-10T22:10:55.8756671Z   ...
2026-10-10T22:10:55.8757320Z # Subtest: checked automation version is read from the installed package record
2026-10-10T22:10:55.8758258Z ok 58 - checked automation version is read from the installed package record
2026-10-10T22:10:55.8758883Z   ---
2026-10-10T22:10:55.8759201Z   duration_ms: 9.4616
2026-10-10T22:10:55.8759554Z   ...
2026-10-10T22:10:55.8760332Z # Subtest: installed Appium driver versions are resolved from supported CLI JSON shapes
2026-10-10T22:10:55.8761594Z ok 59 - installed Appium driver versions are resolved from supported CLI JSON shapes
2026-10-10T22:10:55.8772435Z   ---
2026-10-10T22:10:55.8772709Z   duration_ms: 0.7798
2026-10-10T22:10:55.8772987Z   ...
2026-10-10T22:10:55.8774933Z # Subtest: live Windows and POSIX command lines retain exact browser arguments
2026-10-10T22:10:55.8775852Z ok 60 - live Windows and POSIX command lines retain exact browser arguments
2026-10-10T22:10:55.8776434Z   ---
2026-10-10T22:10:55.8776718Z   duration_ms: 0.7673
2026-10-10T22:10:55.8777053Z   ...
2026-10-10T22:10:55.8777624Z # Subtest: run provenance rejects placeholder drivers and prohibited observed flags
2026-10-10T22:10:55.8778603Z ok 61 - run provenance rejects placeholder drivers and prohibited observed flags
2026-10-10T22:10:55.8779243Z   ---
2026-10-10T22:10:55.8779534Z   duration_ms: 1.5603
2026-10-10T22:10:55.8779856Z   ...
2026-10-10T22:10:55.8780355Z # Subtest: Playwright cleanup closes context before browser
2026-10-10T22:10:55.8781103Z ok 62 - Playwright cleanup closes context before browser
2026-10-10T22:10:55.8781610Z   ---
2026-10-10T22:10:55.8781897Z   duration_ms: 5.4425
2026-10-10T22:10:55.8782229Z   ...
2026-10-10T22:10:55.8782859Z # Subtest: Playwright cleanup still closes browser when context close fails
2026-10-10T22:10:55.8783820Z ok 63 - Playwright cleanup still closes browser when context close fails
2026-10-10T22:10:55.8784423Z   ---
2026-10-10T22:10:55.8784704Z   duration_ms: 1.4284
2026-10-10T22:10:55.8785030Z   ...
2026-10-10T22:10:55.8785568Z # Subtest: Playwright cleanup retains both nested close failures
2026-10-10T22:10:55.8786364Z ok 64 - Playwright cleanup retains both nested close failures
2026-10-10T22:10:55.8786891Z   ---
2026-10-10T22:10:55.8787168Z   duration_ms: 0.6524
2026-10-10T22:10:55.8787487Z   ...
2026-10-10T22:10:55.8788647Z # Subtest: Firefox production session binds the pinned client, driver, binary, and closed lane
2026-10-10T22:10:55.8789857Z ok 65 - Firefox production session binds the pinned client, driver, binary, and closed lane
2026-10-10T22:10:55.8790607Z   ---
2026-10-10T22:10:55.8790895Z   duration_ms: 2.4886
2026-10-10T22:10:55.8791219Z   ...
2026-10-10T22:10:55.8791940Z # Subtest: Firefox production session rejects an unpinned Selenium client before launch
2026-10-10T22:10:55.8793053Z ok 66 - Firefox production session rejects an unpinned Selenium client before launch
2026-10-10T22:10:55.8793740Z   ---
2026-10-10T22:10:55.8794035Z   duration_ms: 0.5315
2026-10-10T22:10:55.8794349Z   ...
2026-10-10T22:10:55.8795396Z # Subtest: required Firefox session attaches FFX-04 lifecycle to the same Selenium session
2026-10-10T22:10:55.8796546Z ok 67 - required Firefox session attaches FFX-04 lifecycle to the same Selenium session
2026-10-10T22:10:55.8797226Z   ---
2026-10-10T22:10:55.8797494Z   duration_ms: 1.0406
2026-10-10T22:10:55.8797793Z   ...
2026-10-10T22:10:55.8798463Z # Subtest: Nightly Firefox probe session is returned without FFX-04 lifecycle attachment
2026-10-10T22:10:55.8799533Z ok 68 - Nightly Firefox probe session is returned without FFX-04 lifecycle attachment
2026-10-10T22:10:55.8800174Z   ---
2026-10-10T22:10:55.8800450Z   duration_ms: 0.5407
2026-10-10T22:10:55.8800755Z   ...
2026-10-10T22:10:55.8801377Z # Subtest: CHR-03 applicability is exact and preserves the Windows Chrome lane
2026-10-10T22:10:55.8802317Z ok 69 - CHR-03 applicability is exact and preserves the Windows Chrome lane
2026-10-10T22:10:55.8802894Z   ---
2026-10-10T22:10:55.8803163Z   duration_ms: 3.0346
2026-10-10T22:10:55.8803478Z   ...
2026-10-10T22:10:55.8804171Z # Subtest: CHR-04 registry is closed over exact Edge assets, platforms, and requirement modes
2026-10-10T22:10:55.8805255Z ok 70 - CHR-04 registry is closed over exact Edge assets, platforms, and requirement modes
2026-10-10T22:10:55.8805927Z   ---
2026-10-10T22:10:55.8806219Z   duration_ms: 3.338
2026-10-10T22:10:55.8806520Z   ...
2026-10-10T22:10:56.8762687Z # Subtest: support publication is deterministic across record order and closes all 24 runs
2026-10-10T22:10:56.8803712Z ok 71 - support publication is deterministic across record order and closes all 24 runs
2026-10-10T22:10:56.8804795Z   ---
2026-10-10T22:10:56.8805218Z   duration_ms: 177.1031
2026-10-10T22:10:56.8805557Z   ...
2026-10-10T22:10:56.8807147Z # Subtest: support publication fails closed on readiness, set, target, package, run, digest, artifact, and attempt substitutions
2026-10-10T22:10:56.8811166Z ok 72 - support publication fails closed on readiness, set, target, package, run, digest, artifact, and attempt substitutions
2026-10-10T22:10:56.8812033Z   ---
2026-10-10T22:10:56.8812304Z   duration_ms: 672.9419
2026-10-10T22:10:56.8812613Z   ...
2026-10-10T22:10:56.8813238Z # Subtest: raw manifest bytes and the laboratory same-commit tuple cannot be bypassed
2026-10-10T22:10:56.8814197Z ok 73 - raw manifest bytes and the laboratory same-commit tuple cannot be bypassed
2026-10-10T22:10:56.8814794Z   ---
2026-10-10T22:10:56.8815162Z   duration_ms: 75.3784
2026-10-10T22:10:56.8880699Z   ...
2026-10-10T22:10:56.8887818Z # Subtest: primary Chromium provenance rejects nonstable, placeholder, malformed, unsafe, fallback, platform, display, and injected hardware rows
2026-10-10T22:10:56.8930064Z ok 74 - primary Chromium provenance rejects nonstable, placeholder, malformed, unsafe, fallback, platform, display, and injected hardware rows
2026-10-10T22:10:56.8931668Z   ---
2026-10-10T22:10:56.8932226Z   duration_ms: 1843.0481
2026-10-10T22:10:56.8933968Z   ...
2026-10-10T22:10:56.8934877Z # Subtest: Safari publication requires the complete independently bound SAF-02 proof
2026-10-10T22:10:56.8936150Z ok 75 - Safari publication requires the complete independently bound SAF-02 proof
2026-10-10T22:10:56.8936960Z   ---
2026-10-10T22:10:56.8937412Z   duration_ms: 489.9718
2026-10-10T22:10:56.8937908Z   ...
2026-10-10T22:10:56.8938708Z # Subtest: a semantically changed record with stale readiness bindings fails closed
2026-10-10T22:10:56.8940661Z ok 76 - a semantically changed record with stale readiness bindings fails closed
2026-10-10T22:10:56.8943510Z   ---
2026-10-10T22:10:56.8943830Z   duration_ms: 47.3371
2026-10-10T22:10:56.8944359Z   ...
2026-10-10T22:10:56.8945300Z # Subtest: dynamic evidence is Markdown-escaped and cannot add rows or links
2026-10-10T22:10:56.8946331Z ok 77 - dynamic evidence is Markdown-escaped and cannot add rows or links
2026-10-10T22:10:56.8946973Z   ---
2026-10-10T22:10:56.8947468Z   duration_ms: 55.5714
2026-10-10T22:10:56.8947825Z   ...
2026-10-10T22:10:56.8949388Z # Subtest: CLI consumes canonical readiness and finalized records and writes exact deterministic bytes
2026-10-10T22:10:56.8950710Z ok 78 - CLI consumes canonical readiness and finalized records and writes exact deterministic bytes
2026-10-10T22:10:56.8951469Z   ---
2026-10-10T22:10:56.8951771Z   duration_ms: 383.0691
2026-10-10T22:10:56.8952107Z   ...
2026-10-10T22:10:56.9161511Z # Subtest: controller package is manual protected-main only
2026-10-10T22:10:56.9219461Z ok 79 - controller package is manual protected-main only
2026-10-10T22:10:56.9234386Z   ---
2026-10-10T22:10:56.9236112Z   duration_ms: 3.63
2026-10-10T22:10:56.9238391Z   ...
2026-10-10T22:10:56.9239941Z # Subtest: observer secret is isolated and packager verifies exact-ID handoff
2026-10-10T22:10:56.9241245Z ok 80 - observer secret is isolated and packager verifies exact-ID handoff
2026-10-10T22:10:56.9242036Z   ---
2026-10-10T22:10:56.9242527Z   duration_ms: 0.2994
2026-10-10T22:10:56.9244582Z   ...
2026-10-10T22:10:56.9245366Z # Subtest: controller is tested, versioned, retained, and GitHub-hosted attested
2026-10-10T22:10:56.9248296Z ok 81 - controller is tested, versioned, retained, and GitHub-hosted attested
2026-10-10T22:10:56.9250468Z   ---
2026-10-10T22:10:56.9251151Z   duration_ms: 1.6053
2026-10-10T22:10:56.9252393Z   ...
2026-10-10T22:10:56.9253782Z # Subtest: isolated Edge diagnostic closes its context once when init fails
2026-10-10T22:10:56.9255414Z ok 82 - isolated Edge diagnostic closes its context once when init fails
2026-10-10T22:10:56.9257624Z   ---
2026-10-10T22:10:56.9258714Z   duration_ms: 3.7655
2026-10-10T22:10:56.9259430Z   ...
2026-10-10T22:10:56.9261589Z # Subtest: isolated Edge diagnostic closes its context once when page fails
2026-10-10T22:10:56.9263304Z ok 83 - isolated Edge diagnostic closes its context once when page fails
2026-10-10T22:10:56.9264292Z   ---
2026-10-10T22:10:56.9265043Z   duration_ms: 0.3644
2026-10-10T22:10:56.9265548Z   ...
2026-10-10T22:10:56.9266626Z # Subtest: isolated Edge diagnostic closes its context once when navigation fails
2026-10-10T22:10:56.9268261Z ok 84 - isolated Edge diagnostic closes its context once when navigation fails
2026-10-10T22:10:56.9269095Z   ---
2026-10-10T22:10:56.9269529Z   duration_ms: 1.3444
2026-10-10T22:10:56.9270002Z   ...
2026-10-10T22:10:56.9270816Z # Subtest: isolated Edge diagnostic closes its context once when assertion fails
2026-10-10T22:10:56.9271986Z ok 85 - isolated Edge diagnostic closes its context once when assertion fails
2026-10-10T22:10:56.9272805Z   ---
2026-10-10T22:10:56.9273242Z   duration_ms: 0.4303
2026-10-10T22:10:56.9273711Z   ...
2026-10-10T22:10:56.9274460Z # Subtest: isolated Edge diagnostic closes its context once after success
2026-10-10T22:10:56.9319883Z ok 86 - isolated Edge diagnostic closes its context once after success
2026-10-10T22:10:56.9341081Z   ---
2026-10-10T22:10:56.9342029Z   duration_ms: 0.5377
2026-10-10T22:10:56.9349433Z   ...
2026-10-10T22:10:56.9352030Z # Subtest: FFX-03 registry closes stable and Nightly lane identities
2026-10-10T22:10:56.9352956Z ok 87 - FFX-03 registry closes stable and Nightly lane identities
2026-10-10T22:10:56.9353954Z   ---
2026-10-10T22:10:56.9381888Z   duration_ms: 2.261
2026-10-10T22:10:56.9382665Z   ...
2026-10-10T22:10:56.9386180Z # Subtest: rejects mismatched lane {"lane":"firefox-macos-m2","assetId":"FW-MAC-M2-01","platform":"darwin","architecture":"x64","required":true}
2026-10-10T22:10:56.9389159Z ok 88 - rejects mismatched lane {"lane":"firefox-macos-m2","assetId":"FW-MAC-M2-01","platform":"darwin","architecture":"x64","required":true}
2026-10-10T22:10:56.9390589Z   ---
2026-10-10T22:10:56.9391971Z   duration_ms: 0.3144
2026-10-10T22:10:56.9393031Z   ...
2026-10-10T22:10:56.9394636Z # Subtest: rejects mismatched lane {"lane":"firefox-nightly-linux-intel12","assetId":"FW-LNX-I12-01","platform":"linux","architecture":"x64","required":true}
2026-10-10T22:10:56.9397118Z ok 89 - rejects mismatched lane {"lane":"firefox-nightly-linux-intel12","assetId":"FW-LNX-I12-01","platform":"linux","architecture":"x64","required":true}
2026-10-10T22:10:56.9398778Z   ---
2026-10-10T22:10:56.9399249Z   duration_ms: 0.1403
2026-10-10T22:10:56.9399721Z   ...
2026-10-10T22:10:56.9401068Z # Subtest: rejects mismatched lane {"lane":"firefox-release-linux-intel12","assetId":"FW-LNX-I12-01","platform":"linux","architecture":"x64","required":true}
2026-10-10T22:10:56.9403199Z ok 90 - rejects mismatched lane {"lane":"firefox-release-linux-intel12","assetId":"FW-LNX-I12-01","platform":"linux","architecture":"x64","required":true}
2026-10-10T22:10:56.9404393Z   ---
2026-10-10T22:10:56.9404856Z   duration_ms: 0.2063
2026-10-10T22:10:56.9405342Z   ...
2026-10-10T22:10:56.9406925Z # Subtest: Firefox versions use channel-specific release and Nightly syntax
2026-10-10T22:10:56.9407913Z ok 91 - Firefox versions use channel-specific release and Nightly syntax
2026-10-10T22:10:56.9408492Z   ---
2026-10-10T22:10:56.9408761Z   duration_ms: 0.7282
2026-10-10T22:10:56.9409066Z   ...
2026-10-10T22:10:56.9409659Z # Subtest: stable Firefox writes PASS only after successful observed cleanup
2026-10-10T22:10:56.9410529Z ok 92 - stable Firefox writes PASS only after successful observed cleanup
2026-10-10T22:10:56.9411084Z   ---
2026-10-10T22:10:56.9411377Z   duration_ms: 17.6764
2026-10-10T22:10:56.9411701Z   ...
2026-10-10T22:10:56.9412224Z # Subtest: stable Firefox cleanup failure emits no acceptable PASS
2026-10-10T22:10:56.9413047Z ok 93 - stable Firefox cleanup failure emits no acceptable PASS
2026-10-10T22:10:56.9413587Z   ---
2026-10-10T22:10:56.9413850Z   duration_ms: 2.3753
2026-10-10T22:10:56.9414156Z   ...
2026-10-10T22:10:56.9415131Z # Subtest: stable Firefox runtime consumer rejects malformed nested workload evidence
2026-10-10T22:10:56.9416204Z ok 94 - stable Firefox runtime consumer rejects malformed nested workload evidence
2026-10-10T22:10:56.9416909Z   ---
2026-10-10T22:10:56.9417212Z   duration_ms: 2.1448
2026-10-10T22:10:56.9417555Z   ...
2026-10-10T22:10:56.9418139Z # Subtest: Nightly Firefox emits only the closed PROBE_PASS record after cleanup
2026-10-10T22:10:56.9419121Z ok 95 - Nightly Firefox emits only the closed PROBE_PASS record after cleanup
2026-10-10T22:10:56.9420015Z   ---
2026-10-10T22:10:56.9420344Z   duration_ms: 3.274
2026-10-10T22:10:56.9420677Z   ...
2026-10-10T22:10:56.9421323Z # Subtest: Nightly Firefox emits only the closed UNAVAILABLE record after cleanup
2026-10-10T22:10:56.9422298Z ok 96 - Nightly Firefox emits only the closed UNAVAILABLE record after cleanup
2026-10-10T22:10:56.9422898Z   ---
2026-10-10T22:10:56.9423189Z   duration_ms: 2.1519
2026-10-10T22:10:56.9423565Z   ...
2026-10-10T22:10:56.9424217Z # Subtest: Nightly Firefox emits only the closed PRODUCT_FAILURE record after cleanup
2026-10-10T22:10:56.9427191Z ok 97 - Nightly Firefox emits only the closed PRODUCT_FAILURE record after cleanup
2026-10-10T22:10:56.9427914Z   ---
2026-10-10T22:10:56.9428222Z   duration_ms: 2.6735
2026-10-10T22:10:56.9428578Z   ...
2026-10-10T22:10:56.9429145Z # Subtest: Nightly Firefox cleanup failure retains no typed outcome
2026-10-10T22:10:56.9435510Z ok 98 - Nightly Firefox cleanup failure retains no typed outcome
2026-10-10T22:10:56.9436055Z   ---
2026-10-10T22:10:56.9436335Z   duration_ms: 1.2883
2026-10-10T22:10:56.9436650Z   ...
2026-10-10T22:10:56.9437436Z # Subtest: Firefox runtime rejects authorization classification drift before opening a session
2026-10-10T22:10:56.9438692Z ok 99 - Firefox runtime rejects authorization classification drift before opening a session
2026-10-10T22:10:56.9441429Z   ---
2026-10-10T22:10:56.9441757Z   duration_ms: 0.4709
2026-10-10T22:10:56.9442099Z   ...
2026-10-10T22:10:56.9442756Z # Subtest: FFX-04 validator accepts only the closed three-cycle Firefox proof
2026-10-10T22:10:56.9443776Z ok 100 - FFX-04 validator accepts only the closed three-cycle Firefox proof
2026-10-10T22:10:56.9444421Z   ---
2026-10-10T22:10:56.9444721Z   duration_ms: 12.0094
2026-10-10T22:10:56.9445460Z   ...
2026-10-10T22:10:56.9446220Z # Subtest: stock Firefox lifecycle runner performs exactly three BFCache cycles and cleanup
2026-10-10T22:10:56.9499441Z ok 101 - stock Firefox lifecycle runner performs exactly three BFCache cycles and cleanup
2026-10-10T22:10:56.9500352Z   ---
2026-10-10T22:10:56.9500699Z   duration_ms: 10.6477
2026-10-10T22:10:56.9501062Z   ...
2026-10-10T22:10:56.9501877Z # Subtest: stock Firefox lifecycle runner fails closed and attempts cleanup on malformed restore
2026-10-10T22:10:56.9503177Z ok 102 - stock Firefox lifecycle runner fails closed and attempts cleanup on malformed restore
2026-10-10T22:10:56.9503970Z   ---
2026-10-10T22:10:56.9504290Z   duration_ms: 2.322
2026-10-10T22:10:56.9504650Z   ...
2026-10-10T22:10:56.9505412Z # Subtest: stock Firefox lifecycle runner validates the complete proof before returning PASS
2026-10-10T22:10:56.9506601Z ok 103 - stock Firefox lifecycle runner validates the complete proof before returning PASS
2026-10-10T22:10:56.9507773Z   ---
2026-10-10T22:10:56.9508103Z   duration_ms: 3.1046
2026-10-10T22:10:56.9508463Z   ...
2026-10-10T22:10:56.9509331Z # Subtest: stock Firefox lifecycle runner rejects non-Firefox and non-live provenance before navigation
2026-10-10T22:10:56.9510713Z ok 104 - stock Firefox lifecycle runner rejects non-Firefox and non-live provenance before navigation
2026-10-10T22:10:56.9511558Z   ---
2026-10-10T22:10:56.9511872Z   duration_ms: 4.2686
2026-10-10T22:10:56.9512214Z   ...
2026-10-10T22:10:56.9512954Z # Subtest: Firefox acceptance module exposes the exact Selenium client contract
2026-10-10T22:10:56.9514008Z ok 105 - Firefox acceptance module exposes the exact Selenium client contract
2026-10-10T22:10:56.9515079Z   ---
2026-10-10T22:10:56.9515423Z   duration_ms: 1.4954
2026-10-10T22:10:56.9515753Z   ...
2026-10-10T22:10:56.9516429Z # Subtest: Firefox profile observation retains only targeted WebGPU preferences
2026-10-10T22:10:56.9517373Z ok 106 - Firefox profile observation retains only targeted WebGPU preferences
2026-10-10T22:10:56.9518056Z   ---
2026-10-10T22:10:56.9518370Z   duration_ms: 5.3116
2026-10-10T22:10:56.9518709Z   ...
2026-10-10T22:10:56.9519524Z # Subtest: Firefox profile observation rejects malformed, conflicting, and linked relevant sources
2026-10-10T22:10:56.9520844Z ok 107 - Firefox profile observation rejects malformed, conflicting, and linked relevant sources
2026-10-10T22:10:56.9521596Z   ---
2026-10-10T22:10:56.9521874Z   duration_ms: 11.43
2026-10-10T22:10:56.9522177Z   ...
2026-10-10T22:10:56.9522871Z # Subtest: Firefox keyboard path sends a supported literal minus and observes every action
2026-10-10T22:10:56.9524011Z ok 108 - Firefox keyboard path sends a supported literal minus and observes every action
2026-10-10T22:10:56.9524706Z   ---
2026-10-10T22:10:56.9525012Z   duration_ms: 0.8597
2026-10-10T22:10:56.9525357Z   ...
2026-10-10T22:10:56.9526160Z # Subtest: outside pointer capture compares its own immediate snapshot and rejects a no-op drag
2026-10-10T22:10:56.9527428Z ok 109 - outside pointer capture compares its own immediate snapshot and rejects a no-op drag
2026-10-10T22:10:56.9528580Z   ---
2026-10-10T22:10:56.9528874Z   duration_ms: 0.7325
2026-10-10T22:10:56.9529210Z   ...
2026-10-10T22:10:56.9529892Z # Subtest: Firefox process inspection fails closed for command and malformed output
2026-10-10T22:10:56.9530962Z ok 110 - Firefox process inspection fails closed for command and malformed output
2026-10-10T22:10:56.9531669Z   ---
2026-10-10T22:10:56.9531969Z   duration_ms: 0.7659
2026-10-10T22:10:56.9532302Z   ...
2026-10-10T22:10:56.9533190Z # Subtest: Windows process inspection accepts enumerated PID 0 but never treats it as actionable
2026-10-10T22:10:56.9534515Z ok 111 - Windows process inspection accepts enumerated PID 0 but never treats it as actionable
2026-10-10T22:10:56.9535290Z   ---
2026-10-10T22:10:56.9535587Z   duration_ms: 0.3984
2026-10-10T22:10:56.9535901Z   ...
2026-10-10T22:10:56.9536889Z # Subtest: Firefox process absence rejects permission errors and still-running PIDs
2026-10-10T22:10:56.9547215Z ok 112 - Firefox process absence rejects permission errors and still-running PIDs
2026-10-10T22:10:56.9548445Z   ---
2026-10-10T22:10:56.9548772Z   duration_ms: 0.906
2026-10-10T22:10:56.9549117Z   ...
2026-10-10T22:10:56.9549813Z # Subtest: Firefox cleanup marks the process stopped only after absence is proven
2026-10-10T22:10:56.9550887Z ok 113 - Firefox cleanup marks the process stopped only after absence is proven
2026-10-10T22:10:56.9551573Z   ---
2026-10-10T22:10:56.9551882Z   duration_ms: 0.8686
2026-10-10T22:10:56.9552227Z   ...
2026-10-10T22:10:56.9552977Z # Subtest: package promotion resolves one exact successful main artifact by run ID
2026-10-10T22:10:56.9554114Z ok 114 - package promotion resolves one exact successful main artifact by run ID
2026-10-10T22:10:56.9554831Z   ---
2026-10-10T22:10:56.9555144Z   duration_ms: 3.9859
2026-10-10T22:10:56.9555461Z   ...
2026-10-10T22:10:56.9556048Z # Subtest: package manifest provenance joins the exact resolved API run
2026-10-10T22:10:56.9556998Z ok 115 - package manifest provenance joins the exact resolved API run
2026-10-10T22:10:56.9557609Z   ---
2026-10-10T22:10:56.9557910Z   duration_ms: 1.2017
2026-10-10T22:10:56.9558242Z   ...
2026-10-10T22:10:56.9559033Z # Subtest: package manifest provenance rejects stale run, attempt, SHA, and workflow identity
2026-10-10T22:10:56.9560291Z ok 116 - package manifest provenance rejects stale run, attempt, SHA, and workflow identity
2026-10-10T22:10:56.9561036Z   ---
2026-10-10T22:10:56.9561335Z   duration_ms: 0.8033
2026-10-10T22:10:56.9561665Z   ...
2026-10-10T22:10:56.9562812Z # Subtest: package manifest provenance rejects missing or malformed run attempts on both records
2026-10-10T22:10:56.9564141Z ok 117 - package manifest provenance rejects missing or malformed run attempts on both records
2026-10-10T22:10:56.9564937Z   ---
2026-10-10T22:10:56.9565929Z   duration_ms: 0.4691
2026-10-10T22:10:56.9566311Z   ...
2026-10-10T22:10:56.9566947Z # Subtest: package promotion rejects missing or malformed API run attempts
2026-10-10T22:10:56.9567953Z ok 118 - package promotion rejects missing or malformed API run attempts
2026-10-10T22:10:56.9568600Z   ---
2026-10-10T22:10:56.9568906Z   duration_ms: 1.0695
2026-10-10T22:10:56.9569236Z   ...
2026-10-10T22:10:56.9570082Z # Subtest: package promotion rejects prior SHA, wrong workflow, failed, duplicate, or expired artifact
2026-10-10T22:10:56.9571436Z ok 119 - package promotion rejects prior SHA, wrong workflow, failed, duplicate, or expired artifact
2026-10-10T22:10:56.9572235Z   ---
2026-10-10T22:10:56.9572555Z   duration_ms: 0.7945
2026-10-10T22:10:56.9572909Z   ...
2026-10-10T22:10:56.9573729Z # Subtest: authorization waits through environment approval then selects exactly one queued job
2026-10-10T22:10:56.9575036Z ok 120 - authorization waits through environment approval then selects exactly one queued job
2026-10-10T22:10:56.9575835Z   ---
2026-10-10T22:10:56.9576152Z   duration_ms: 3.6235
2026-10-10T22:10:56.9576498Z   ...
2026-10-10T22:10:56.9577139Z # Subtest: validates all eleven public assets and exact static routing labels
2026-10-10T22:10:56.9578164Z ok 121 - validates all eleven public assets and exact static routing labels
2026-10-10T22:10:56.9578809Z   ---
2026-10-10T22:10:56.9579110Z   duration_ms: 4.6285
2026-10-10T22:10:56.9579445Z   ...
2026-10-10T22:10:56.9580191Z # Subtest: checked matrix cannot satisfy live readiness while controllers are unprovisioned
2026-10-10T22:10:56.9581402Z ok 122 - checked matrix cannot satisfy live readiness while controllers are unprovisioned
2026-10-10T22:10:56.9582135Z   ---
2026-10-10T22:10:56.9582439Z   duration_ms: 0.5839
2026-10-10T22:10:56.9582774Z   ...
2026-10-10T22:10:56.9583153Z # Subtest: rejects a changed host label
2026-10-10T22:10:56.9583673Z ok 123 - rejects a changed host label
2026-10-10T22:10:56.9584065Z   ---
2026-10-10T22:10:56.9584655Z   duration_ms: 0.3575
2026-10-10T22:10:56.9584985Z   ...
2026-10-10T22:10:56.9585368Z # Subtest: rejects a changed JIT label
2026-10-10T22:10:56.9586344Z ok 124 - rejects a changed JIT label
2026-10-10T22:10:56.9586776Z   ---
2026-10-10T22:10:56.9587074Z   duration_ms: 0.287
2026-10-10T22:10:56.9587410Z   ...
2026-10-10T22:10:56.9587780Z # Subtest: rejects a changed device
2026-10-10T22:10:56.9588253Z ok 125 - rejects a changed device
2026-10-10T22:10:56.9588636Z   ---
2026-10-10T22:10:56.9588932Z   duration_ms: 0.2348
2026-10-10T22:10:56.9589261Z   ...
2026-10-10T22:10:56.9589755Z # Subtest: rejects a changed duplicate asset
2026-10-10T22:10:56.9590338Z ok 126 - rejects a changed duplicate asset
2026-10-10T22:10:56.9590803Z   ---
2026-10-10T22:10:56.9591109Z   duration_ms: 0.2318
2026-10-10T22:10:56.9591447Z   ...
2026-10-10T22:10:56.9591883Z # Subtest: rejects a changed unknown attachment
2026-10-10T22:10:56.9592502Z ok 127 - rejects a changed unknown attachment
2026-10-10T22:10:56.9592978Z   ---
2026-10-10T22:10:56.9593266Z   duration_ms: 0.436
2026-10-10T22:10:56.9593605Z   ...
2026-10-10T22:10:56.9593997Z # Subtest: rejects a changed Appium ID
2026-10-10T22:10:56.9594517Z ok 128 - rejects a changed Appium ID
2026-10-10T22:10:56.9594930Z   ---
2026-10-10T22:10:56.9595219Z   duration_ms: 0.3139
2026-10-10T22:10:56.9595550Z   ...
2026-10-10T22:10:56.9596179Z # Subtest: closed dispatch rules separate canary, browser, and manual lanes
2026-10-10T22:10:56.9598099Z ok 129 - closed dispatch rules separate canary, browser, and manual lanes
2026-10-10T22:10:56.9601106Z   ---
2026-10-10T22:10:56.9601412Z   duration_ms: 4.9997
2026-10-10T22:10:56.9601754Z   ...
2026-10-10T22:10:56.9602693Z # Subtest: Chrome Beta probes are optional, asset-bound, and never required rows
2026-10-10T22:10:56.9619846Z ok 130 - Chrome Beta probes are optional, asset-bound, and never required rows
2026-10-10T22:10:56.9620478Z   ---
2026-10-10T22:10:56.9620793Z   duration_ms: 0.5862
2026-10-10T22:10:56.9621131Z   ...
2026-10-10T22:10:56.9621981Z # Subtest: Firefox dispatch preserves the closed stable-required and Nightly-optional classifications
2026-10-10T22:10:56.9623350Z ok 131 - Firefox dispatch preserves the closed stable-required and Nightly-optional classifications
2026-10-10T22:10:56.9624139Z   ---
2026-10-10T22:10:56.9624426Z   duration_ms: 0.591
2026-10-10T22:10:56.9624748Z   ...
2026-10-10T22:10:56.9625395Z # Subtest: all mobile, trackpad, and desktop Safari work serialize on the Mac host
2026-10-10T22:10:56.9626770Z ok 132 - all mobile, trackpad, and desktop Safari work serialize on the Mac host
2026-10-10T22:10:56.9627443Z   ---
2026-10-10T22:10:56.9627732Z   duration_ms: 0.4527
2026-10-10T22:10:56.9628044Z   ...
2026-10-10T22:10:56.9628658Z # Subtest: promotion generates only the derived hardware and nonce labels
2026-10-10T22:10:56.9629616Z ok 133 - promotion generates only the derived hardware and nonce labels
2026-10-10T22:10:56.9630180Z   ---
2026-10-10T22:10:56.9630474Z   duration_ms: 2.0629
2026-10-10T22:10:56.9630801Z   ...
2026-10-10T22:10:56.9631480Z # Subtest: authorization freezes exact queued job, labels, expiry, and package/readiness
2026-10-10T22:10:56.9632589Z ok 134 - authorization freezes exact queued job, labels, expiry, and package/readiness
2026-10-10T22:10:56.9633360Z   ---
2026-10-10T22:10:56.9633618Z   duration_ms: 4.0173
2026-10-10T22:10:56.9633956Z   ...
2026-10-10T22:10:56.9634990Z # Subtest: promotion rejects missing, mismatched, or malformed readiness identities
2026-10-10T22:10:56.9636338Z ok 135 - promotion rejects missing, mismatched, or malformed readiness identities
2026-10-10T22:10:56.9636964Z   ---
2026-10-10T22:10:56.9637206Z   duration_ms: 0.6036
2026-10-10T22:10:56.9637475Z   ...
2026-10-10T22:10:56.9638529Z # Subtest: manual viewer remains live for controller capture while automated and failed viewers dispose
2026-10-10T22:10:56.9640537Z ok 136 - manual viewer remains live for controller capture while automated and failed viewers dispose
2026-10-10T22:10:56.9641716Z   ---
2026-10-10T22:10:56.9641988Z   duration_ms: 5.2765
2026-10-10T22:10:56.9642309Z   ...
2026-10-10T22:10:56.9642927Z # Subtest: adapter attestation receives exactly the five-field binding schema
2026-10-10T22:10:56.9643863Z ok 137 - adapter attestation receives exactly the five-field binding schema
2026-10-10T22:10:56.9644464Z   ---
2026-10-10T22:10:56.9644732Z   duration_ms: 1.3792
2026-10-10T22:10:56.9645013Z   ...
2026-10-10T22:10:56.9645690Z # Subtest: all 50 lifecycle viewers wait for their own deferred submitted frame
2026-10-10T22:10:56.9647132Z ok 138 - all 50 lifecycle viewers wait for their own deferred submitted frame
2026-10-10T22:10:56.9647821Z   ---
2026-10-10T22:10:56.9648130Z   duration_ms: 3.0468
2026-10-10T22:10:56.9648493Z   ...
2026-10-10T22:10:56.9649186Z # Subtest: lifecycle viewer timeout fails and disposes the unrendered runtime
2026-10-10T22:10:56.9650262Z ok 139 - lifecycle viewer timeout fails and disposes the unrendered runtime
2026-10-10T22:10:56.9650955Z   ---
2026-10-10T22:10:56.9651260Z   duration_ms: 1.5751
2026-10-10T22:10:56.9651606Z   ...
2026-10-10T22:10:56.9652336Z # Subtest: hardware page invokes the public runtime loader in a fresh iframe realm
2026-10-10T22:10:56.9653334Z ok 140 - hardware page invokes the public runtime loader in a fresh iframe realm
2026-10-10T22:10:56.9653933Z   ---
2026-10-10T22:10:56.9654215Z   duration_ms: 0.9913
2026-10-10T22:10:56.9654576Z   ...
2026-10-10T22:10:56.9655131Z # Subtest: page product classifier accepts only the two closed manual lanes
2026-10-10T22:10:56.9656004Z ok 141 - page product classifier accepts only the two closed manual lanes
2026-10-10T22:10:56.9656572Z   ---
2026-10-10T22:10:56.9656828Z   duration_ms: 0.3271
2026-10-10T22:10:56.9657380Z   ...
2026-10-10T22:10:56.9657992Z # Subtest: page route uses isolated installed-package loader probes for all WASM controls
2026-10-10T22:10:56.9658942Z ok 142 - page route uses isolated installed-package loader probes for all WASM controls
2026-10-10T22:10:56.9659510Z   ---
2026-10-10T22:10:56.9659744Z   duration_ms: 44.114
2026-10-10T22:10:56.9659993Z   ...
2026-10-10T22:10:56.9660535Z # Subtest: page route rejects insecure context and non-normalized loader failures
2026-10-10T22:10:56.9661373Z ok 143 - page route rejects insecure context and non-normalized loader failures
2026-10-10T22:10:56.9661895Z   ---
2026-10-10T22:10:56.9662132Z   duration_ms: 3.182
2026-10-10T22:10:56.9662388Z   ...
2026-10-10T22:10:56.9662989Z # Subtest: page route rejects unsuccessful WASM responses even with the expected MIME
2026-10-10T22:10:56.9664012Z ok 144 - page route rejects unsuccessful WASM responses even with the expected MIME
2026-10-10T22:10:56.9664584Z   ---
2026-10-10T22:10:56.9664822Z   duration_ms: 7.4609
2026-10-10T22:10:56.9665097Z   ...
2026-10-10T22:10:56.9665681Z # Subtest: hanging browser fixture fetch aborts at its bounded inner deadline
2026-10-10T22:10:56.9667113Z ok 145 - hanging browser fixture fetch aborts at its bounded inner deadline
2026-10-10T22:10:56.9668514Z   ---
2026-10-10T22:10:56.9669551Z   duration_ms: 31.0724
2026-10-10T22:10:56.9670471Z   ...
2026-10-10T22:10:56.9672085Z # Subtest: release readiness accepts only exact target, lab run, and sorted evidence run IDs
2026-10-10T22:10:56.9673350Z ok 146 - release readiness accepts only exact target, lab run, and sorted evidence run IDs
2026-10-10T22:10:56.9674115Z   ---
2026-10-10T22:10:56.9674426Z   duration_ms: 2.5962
2026-10-10T22:10:56.9674763Z   ...
2026-10-10T22:10:56.9675407Z # Subtest: only observer has trust secret and computation never schedules hardware
2026-10-10T22:10:56.9676427Z ok 147 - only observer has trust secret and computation never schedules hardware
2026-10-10T22:10:56.9677071Z   ---
2026-10-10T22:10:56.9677359Z   duration_ms: 0.3056
2026-10-10T22:10:56.9677688Z   ...
2026-10-10T22:10:56.9678498Z # Subtest: exact lab/evidence attestations, merger, negative controls, and fixed artifact are required
2026-10-10T22:10:56.9680192Z ok 148 - exact lab/evidence attestations, merger, negative controls, and fixed artifact are required
2026-10-10T22:10:56.9680985Z   ---
2026-10-10T22:10:56.9681269Z   duration_ms: 1.5691
2026-10-10T22:10:56.9681583Z   ...
2026-10-10T22:10:56.9682307Z # Subtest: hardware workflow is manual-only with closed inputs and protected main guard
2026-10-10T22:10:56.9683412Z ok 149 - hardware workflow is manual-only with closed inputs and protected main guard
2026-10-10T22:10:56.9684064Z   ---
2026-10-10T22:10:56.9684373Z   duration_ms: 2.1639
2026-10-10T22:10:56.9684714Z   ...
2026-10-10T22:10:56.9685312Z # Subtest: only observer and hosted finalizers receive trust secrets
2026-10-10T22:10:56.9686618Z ok 150 - only observer and hosted finalizers receive trust secrets
2026-10-10T22:10:56.9687221Z   ---
2026-10-10T22:10:56.9687518Z   duration_ms: 0.4826
2026-10-10T22:10:56.9687839Z   ...
2026-10-10T22:10:56.9688465Z # Subtest: promotion validates exact base SHA/package and never rebuilds it
2026-10-10T22:10:56.9689468Z ok 151 - promotion validates exact base SHA/package and never rebuilds it
2026-10-10T22:10:56.9690117Z   ---
2026-10-10T22:10:56.9690415Z   duration_ms: 0.4054
2026-10-10T22:10:56.9690759Z   ...
2026-10-10T22:10:56.9691467Z # Subtest: authorization polls exactly one queued job and attests a ten-minute record
2026-10-10T22:10:56.9692577Z ok 152 - authorization polls exactly one queued job and attests a ten-minute record
2026-10-10T22:10:56.9693270Z   ---
2026-10-10T22:10:56.9693574Z   duration_ms: 0.4918
2026-10-10T22:10:56.9693930Z   ...
2026-10-10T22:10:56.9694742Z # Subtest: hardware routes only on three derived labels, serializes by host, and has read-only token
2026-10-10T22:10:56.9696302Z ok 153 - hardware routes only on three derived labels, serializes by host, and has read-only token
2026-10-10T22:10:56.9697108Z   ---
2026-10-10T22:10:56.9697406Z   duration_ms: 0.5355
2026-10-10T22:10:56.9697741Z   ...
2026-10-10T22:10:56.9698519Z # Subtest: hardware executes only verified promoted artifacts and always cleans up
2026-10-10T22:10:56.9699541Z ok 154 - hardware executes only verified promoted artifacts and always cleans up
2026-10-10T22:10:56.9700165Z   ---
2026-10-10T22:10:56.9700459Z   duration_ms: 0.8578
2026-10-10T22:10:56.9700773Z   ...
2026-10-10T22:10:56.9701426Z # Subtest: Firefox Nightly stays optional and uses only validated typed probe outcomes
2026-10-10T22:10:56.9702535Z ok 155 - Firefox Nightly stays optional and uses only validated typed probe outcomes
2026-10-10T22:10:56.9703208Z   ---
2026-10-10T22:10:56.9703468Z   duration_ms: 0.5716
2026-10-10T22:10:56.9704130Z   ...
2026-10-10T22:10:56.9705497Z # Subtest: manual finalizer verifies signed session and exact runner absence before attestation
2026-10-10T22:10:56.9710254Z ok 156 - manual finalizer verifies signed session and exact runner absence before attestation
2026-10-10T22:10:56.9711064Z   ---
2026-10-10T22:10:56.9711371Z   duration_ms: 2.3533
2026-10-10T22:10:56.9711693Z   ...
2026-10-10T22:10:56.9712387Z # Subtest: automated evidence is copied by exact artifact ID and GitHub-hosted attested
2026-10-10T22:10:56.9713497Z ok 157 - automated evidence is copied by exact artifact ID and GitHub-hosted attested
2026-10-10T22:10:56.9714165Z   ---
2026-10-10T22:10:56.9714441Z   duration_ms: 0.4929
2026-10-10T22:10:56.9714762Z   ...
2026-10-10T22:10:56.9715444Z # Subtest: host finalizer joins controller signature, exact job, and independent absence
2026-10-10T22:10:56.9716547Z ok 158 - host finalizer joins controller signature, exact job, and independent absence
2026-10-10T22:10:56.9717236Z   ---
2026-10-10T22:10:56.9717519Z   duration_ms: 10.1036
2026-10-10T22:10:56.9717827Z   ...
2026-10-10T22:10:56.9718409Z # Subtest: host finalizer rejects a substituted runner or missing absence
2026-10-10T22:10:56.9719326Z ok 159 - host finalizer rejects a substituted runner or missing absence
2026-10-10T22:10:56.9719919Z   ---
2026-10-10T22:10:56.9720189Z   duration_ms: 5.2231
2026-10-10T22:10:56.9720770Z   ...
2026-10-10T22:10:56.9721443Z # Subtest: Mac canary producer emits the exact seven-asset schema-valid signed inventory
2026-10-10T22:10:56.9722955Z ok 160 - Mac canary producer emits the exact seven-asset schema-valid signed inventory
2026-10-10T22:10:56.9723625Z   ---
2026-10-10T22:10:56.9723893Z   duration_ms: 11.2206
2026-10-10T22:10:56.9724196Z   ...
2026-10-10T22:10:56.9727366Z # Subtest: SAF-03 captures the same exact Mac and trackpad inventory contract
2026-10-10T22:10:56.9728845Z ok 161 - SAF-03 captures the same exact Mac and trackpad inventory contract
2026-10-10T22:10:56.9729539Z   ---
2026-10-10T22:10:56.9729821Z   duration_ms: 1.9807
2026-10-10T22:10:56.9730131Z   ...
2026-10-10T22:10:56.9730876Z # Subtest: exact capture rejects missing substituted and duplicate attachment observations
2026-10-10T22:10:56.9732018Z ok 162 - exact capture rejects missing substituted and duplicate attachment observations
2026-10-10T22:10:56.9732811Z   ---
2026-10-10T22:10:56.9733116Z   duration_ms: 3.2073
2026-10-10T22:10:56.9733446Z   ...
2026-10-10T22:10:56.9734187Z # Subtest: controller input and hosted validation reject missing and unsafe trackpad evidence
2026-10-10T22:10:56.9735370Z ok 163 - controller input and hosted validation reject missing and unsafe trackpad evidence
2026-10-10T22:10:56.9736077Z   ---
2026-10-10T22:10:56.9736356Z   duration_ms: 2.1864
2026-10-10T22:10:56.9736663Z   ...
2026-10-10T22:10:56.9737436Z # Subtest: controller evidence reader preserves the producer attachment set and rejects omissions
2026-10-10T22:10:56.9738695Z ok 164 - controller evidence reader preserves the producer attachment set and rejects omissions
2026-10-10T22:10:56.9739439Z   ---
2026-10-10T22:10:56.9739716Z   duration_ms: 18.567
2026-10-10T22:10:56.9740285Z   ...
2026-10-10T22:10:56.9741013Z # Subtest: runtime rejects forbidden stable identifier fields instead of sanitizing them
2026-10-10T22:10:56.9742156Z ok 165 - runtime rejects forbidden stable identifier fields instead of sanitizing them
2026-10-10T22:10:56.9742848Z   ---
2026-10-10T22:10:56.9743132Z   duration_ms: 0.5138
2026-10-10T22:10:56.9743446Z   ...
2026-10-10T22:10:56.9744048Z # Subtest: SAF-02 retry route changes MIME only after the first identical GET
2026-10-10T22:10:56.9745329Z ok 166 - SAF-02 retry route changes MIME only after the first identical GET
2026-10-10T22:10:56.9745944Z   ---
2026-10-10T22:10:56.9746218Z   duration_ms: 6.0025
2026-10-10T22:10:56.9746523Z   ...
2026-10-10T22:10:56.9747229Z # Subtest: SAF-02 terrain range controls distinguish exact, ignored, and unsatisfied ranges
2026-10-10T22:10:56.9748437Z ok 167 - SAF-02 terrain range controls distinguish exact, ignored, and unsatisfied ranges
2026-10-10T22:10:56.9749099Z   ---
2026-10-10T22:10:56.9749369Z   duration_ms: 1.6651
2026-10-10T22:10:56.9749679Z   ...
2026-10-10T22:10:56.9750393Z # Subtest: nonce generation consumes exactly 16 bytes and rejects malformed or reused output
2026-10-10T22:10:56.9751519Z ok 168 - nonce generation consumes exactly 16 bytes and rejects malformed or reused output
2026-10-10T22:10:56.9752601Z   ---
2026-10-10T22:10:56.9752906Z   duration_ms: 1.0469
2026-10-10T22:10:56.9753207Z   ...
2026-10-10T22:10:56.9753854Z # Subtest: application host, nonce path, MIME, cache, and method policy fail closed
2026-10-10T22:10:56.9755133Z ok 169 - application host, nonce path, MIME, cache, and method policy fail closed
2026-10-10T22:10:56.9755766Z   ---
2026-10-10T22:10:56.9756035Z   duration_ms: 2.4034
2026-10-10T22:10:56.9756339Z   ...
2026-10-10T22:10:56.9756965Z # Subtest: trusted lifecycle-away route serves exact GET and HEAD HTML responses
2026-10-10T22:10:56.9757968Z ok 170 - trusted lifecycle-away route serves exact GET and HEAD HTML responses
2026-10-10T22:10:56.9758608Z   ---
2026-10-10T22:10:56.9758885Z   duration_ms: 0.6782
2026-10-10T22:10:56.9759186Z   ...
2026-10-10T22:10:56.9759706Z # Subtest: asset allow route returns exact CORS and range headers
2026-10-10T22:10:56.9760484Z ok 171 - asset allow route returns exact CORS and range headers
2026-10-10T22:10:56.9761246Z   ---
2026-10-10T22:10:56.9761517Z   duration_ms: 0.6671
2026-10-10T22:10:56.9761828Z   ...
2026-10-10T22:10:56.9762385Z # Subtest: only exact nonce-scoped lifecycle routes are cache compatible
2026-10-10T22:10:56.9763261Z ok 172 - only exact nonce-scoped lifecycle routes are cache compatible
2026-10-10T22:10:56.9763832Z   ---
2026-10-10T22:10:56.9764106Z   duration_ms: 1.1919
2026-10-10T22:10:56.9764405Z   ...
2026-10-10T22:10:56.9765050Z # Subtest: deny and wrong-origin terrain and WASM policies remain browser-enforced
2026-10-10T22:10:56.9766368Z ok 173 - deny and wrong-origin terrain and WASM policies remain browser-enforced
2026-10-10T22:10:56.9767017Z   ---
2026-10-10T22:10:56.9767309Z   duration_ms: 0.7754
2026-10-10T22:10:56.9767618Z   ...
2026-10-10T22:10:56.9768255Z # Subtest: raw readiness joins public-route policy to the promoted package digest
2026-10-10T22:10:56.9769254Z ok 174 - raw readiness joins public-route policy to the promoted package digest
2026-10-10T22:10:56.9769880Z   ---
2026-10-10T22:10:56.9770150Z   duration_ms: 2.0031
2026-10-10T22:10:56.9770455Z   ...
2026-10-10T22:10:56.9771302Z # Subtest: route orchestration starts both fixture origins and host-scoped cloudflared then proves cleanup
2026-10-10T22:10:56.9772644Z ok 175 - route orchestration starts both fixture origins and host-scoped cloudflared then proves cleanup
2026-10-10T22:10:56.9773414Z   ---
2026-10-10T22:10:56.9773687Z   duration_ms: 6.241
2026-10-10T22:10:56.9773986Z   ...
2026-10-10T22:10:56.9774573Z # Subtest: materialized import map remains inside the nonce-bound base path
2026-10-10T22:10:56.9775495Z ok 176 - materialized import map remains inside the nonce-bound base path
2026-10-10T22:10:56.9776281Z   ---
2026-10-10T22:10:56.9776558Z   duration_ms: 56.4469
2026-10-10T22:10:56.9776859Z   ...
2026-10-10T22:10:56.9777680Z # Subtest: implementation actors include direct authors/committers and every associated merged PR author
2026-10-10T22:10:56.9779052Z ok 177 - implementation actors include direct authors/committers and every associated merged PR author
2026-10-10T22:10:56.9779789Z   ---
2026-10-10T22:10:56.9780059Z   duration_ms: 6.3686
2026-10-10T22:10:56.9780360Z   ...
2026-10-10T22:10:56.9780922Z # Subtest: unresolved direct or merged-PR GitHub identities fail closed
2026-10-10T22:10:56.9781783Z ok 178 - unresolved direct or merged-PR GitHub identities fail closed
2026-10-10T22:10:56.9782333Z   ---
2026-10-10T22:10:56.9782582Z   duration_ms: 2.0088
2026-10-10T22:10:56.9782876Z   ...
2026-10-10T22:10:56.9783619Z # Subtest: resolver paginates all releases and selects only a published immutable stable SemVer
2026-10-10T22:10:56.9784854Z ok 179 - resolver paginates all releases and selects only a published immutable stable SemVer
2026-10-10T22:10:56.9786009Z   ---
2026-10-10T22:10:56.9786295Z   duration_ms: 2.1356
2026-10-10T22:10:56.9786601Z   ...
2026-10-10T22:10:56.9787236Z # Subtest: resolver paginates the complete comparison and every commit PR list
2026-10-10T22:10:56.9788314Z ok 180 - resolver paginates the complete comparison and every commit PR list
2026-10-10T22:10:56.9799302Z   ---
2026-10-10T22:10:56.9799697Z   duration_ms: 0.7875
2026-10-10T22:10:56.9800067Z   ...
2026-10-10T22:10:56.9800823Z # Subtest: truncated, inconsistent, duplicated, or unresolved comparison pages fail closed
2026-10-10T22:10:56.9802016Z ok 181 - truncated, inconsistent, duplicated, or unresolved comparison pages fail closed
2026-10-10T22:10:56.9802750Z   ---
2026-10-10T22:10:56.9803066Z   duration_ms: 1.1369
2026-10-10T22:10:56.9803399Z   ...
2026-10-10T22:10:56.9804070Z # Subtest: pagination rejects cycles and next links outside the repository API
2026-10-10T22:10:56.9805136Z ok 182 - pagination rejects cycles and next links outside the repository API
2026-10-10T22:10:56.9806184Z   ---
2026-10-10T22:10:56.9806509Z   duration_ms: 1.0848
2026-10-10T22:10:56.9806855Z   ...
2026-10-10T22:10:56.9807358Z # Subtest: browser-policy matches its checked JSON schema
2026-10-10T22:10:56.9808419Z ok 183 - browser-policy matches its checked JSON schema
2026-10-10T22:10:56.9808937Z   ---
2026-10-10T22:10:56.9809242Z   duration_ms: 4.6463
2026-10-10T22:10:56.9809579Z   ...
2026-10-10T22:10:56.9810198Z # Subtest: controller-health-endpoints matches its checked JSON schema
2026-10-10T22:10:56.9811139Z ok 184 - controller-health-endpoints matches its checked JSON schema
2026-10-10T22:10:56.9811745Z   ---
2026-10-10T22:10:56.9812052Z   duration_ms: 1.1484
2026-10-10T22:10:56.9812375Z   ...
2026-10-10T22:10:56.9812859Z # Subtest: hardware-matrix matches its checked JSON schema
2026-10-10T22:10:56.9813608Z ok 185 - hardware-matrix matches its checked JSON schema
2026-10-10T22:10:56.9814135Z   ---
2026-10-10T22:10:56.9814439Z   duration_ms: 0.8643
2026-10-10T22:10:56.9814770Z   ...
2026-10-10T22:10:56.9815292Z # Subtest: https-origin-policy matches its checked JSON schema
2026-10-10T22:10:56.9816078Z ok 186 - https-origin-policy matches its checked JSON schema
2026-10-10T22:10:56.9816619Z   ---
2026-10-10T22:10:56.9816932Z   duration_ms: 0.5497
2026-10-10T22:10:56.9817262Z   ...
2026-10-10T22:10:56.9817845Z # Subtest: repository-trust-policy matches its checked JSON schema
2026-10-10T22:10:56.9818728Z ok 187 - repository-trust-policy matches its checked JSON schema
2026-10-10T22:10:56.9819299Z   ---
2026-10-10T22:10:56.9819584Z   duration_ms: 0.8487
2026-10-10T22:10:56.9819927Z   ...
2026-10-10T22:10:56.9820536Z # Subtest: runner-distribution-manifest matches its checked JSON schema
2026-10-10T22:10:56.9821473Z ok 188 - runner-distribution-manifest matches its checked JSON schema
2026-10-10T22:10:56.9822073Z   ---
2026-10-10T22:10:56.9822381Z   duration_ms: 171.1811
2026-10-10T22:10:56.9822998Z   ...
2026-10-10T22:10:56.9823657Z # Subtest: runner-transient-path-policy matches its checked JSON schema
2026-10-10T22:10:56.9824629Z ok 189 - runner-transient-path-policy matches its checked JSON schema
2026-10-10T22:10:56.9825300Z   ---
2026-10-10T22:10:56.9825615Z   duration_ms: 1.161
2026-10-10T22:10:56.9825915Z   ...
2026-10-10T22:10:56.9844608Z # Subtest: workflow-actions-lock matches its checked JSON schema
2026-10-10T22:10:56.9845519Z ok 190 - workflow-actions-lock matches its checked JSON schema
2026-10-10T22:10:56.9847732Z   ---
2026-10-10T22:10:56.9848086Z   duration_ms: 0.8482
2026-10-10T22:10:56.9848451Z   ...
2026-10-10T22:10:56.9849057Z # Subtest: controller protocol schema rejects unreviewed operations
2026-10-10T22:10:56.9849944Z ok 191 - controller protocol schema rejects unreviewed operations
2026-10-10T22:10:56.9850738Z   ---
2026-10-10T22:10:56.9851074Z   duration_ms: 8.5172
2026-10-10T22:10:56.9851409Z   ...
2026-10-10T22:10:56.9851864Z # Subtest: schemas reject unknown policy fields
2026-10-10T22:10:56.9852492Z ok 192 - schemas reject unknown policy fields
2026-10-10T22:10:56.9852947Z   ---
2026-10-10T22:10:56.9853249Z   duration_ms: 1.4596
2026-10-10T22:10:56.9853562Z   ...
2026-10-10T22:10:56.9854168Z # Subtest: runner manifest contains all three pinned platform distributions
2026-10-10T22:10:56.9855128Z ok 193 - runner manifest contains all three pinned platform distributions
2026-10-10T22:10:56.9855749Z   ---
2026-10-10T22:10:56.9856023Z   duration_ms: 46.7649
2026-10-10T22:10:56.9856309Z   ...
2026-10-10T22:10:56.9856926Z # Subtest: broker protocol schema accepts only a frozen JIT request shape
2026-10-10T22:10:56.9857828Z ok 194 - broker protocol schema accepts only a frozen JIT request shape
2026-10-10T22:10:56.9858408Z   ---
2026-10-10T22:10:56.9858707Z   duration_ms: 0.9825
2026-10-10T22:10:56.9859016Z   ...
2026-10-10T22:10:56.9859574Z # Subtest: broker protocol freezes signed quarantine recovery evidence
2026-10-10T22:10:56.9860403Z ok 195 - broker protocol freezes signed quarantine recovery evidence
2026-10-10T22:10:56.9860952Z   ---
2026-10-10T22:10:56.9861238Z   duration_ms: 0.6983
2026-10-10T22:10:56.9861566Z   ...
2026-10-10T22:10:56.9862181Z # Subtest: broker protocol rejects internal ledger fields in cleanup responses
2026-10-10T22:10:56.9863342Z ok 196 - broker protocol rejects internal ledger fields in cleanup responses
2026-10-10T22:10:56.9863998Z   ---
2026-10-10T22:10:56.9864326Z   duration_ms: 18.33
2026-10-10T22:10:56.9864652Z   ...
2026-10-10T22:10:56.9865280Z # Subtest: broker lifecycle schema freezes cleanup and redacted-ledger fields
2026-10-10T22:10:56.9866238Z ok 197 - broker lifecycle schema freezes cleanup and redacted-ledger fields
2026-10-10T22:10:56.9867355Z   ---
2026-10-10T22:10:56.9867673Z   duration_ms: 0.8113
2026-10-10T22:10:56.9868008Z   ...
2026-10-10T22:10:56.9868608Z # Subtest: required exact-tarball profile is unflagged branded Chrome on win32
2026-10-10T22:10:56.9869575Z ok 198 - required exact-tarball profile is unflagged branded Chrome on win32
2026-10-10T22:10:56.9870250Z   ---
2026-10-10T22:10:56.9870566Z   duration_ms: 2.4286
2026-10-10T22:10:56.9870893Z   ...
2026-10-10T22:10:56.9871587Z # Subtest: probe exact-tarball profile defaults to flagged bundled Chromium on win32
2026-10-10T22:10:56.9872685Z ok 199 - probe exact-tarball profile defaults to flagged bundled Chromium on win32
2026-10-10T22:10:56.9873335Z   ---
2026-10-10T22:10:56.9873619Z   duration_ms: 1.1567
2026-10-10T22:10:56.9873966Z   ...
2026-10-10T22:10:56.9874591Z # Subtest: required exact-tarball profile is unflagged branded Chrome on darwin
2026-10-10T22:10:56.9875559Z ok 200 - required exact-tarball profile is unflagged branded Chrome on darwin
2026-10-10T22:10:56.9876180Z   ---
2026-10-10T22:10:56.9876447Z   duration_ms: 0.2133
2026-10-10T22:10:56.9876748Z   ...
2026-10-10T22:10:56.9877352Z # Subtest: probe exact-tarball profile defaults to flagged bundled Chromium on darwin
2026-10-10T22:10:56.9878667Z ok 201 - probe exact-tarball profile defaults to flagged bundled Chromium on darwin
2026-10-10T22:10:56.9879356Z   ---
2026-10-10T22:10:56.9879641Z   duration_ms: 0.1797
2026-10-10T22:10:56.9879967Z   ...
2026-10-10T22:10:56.9880595Z # Subtest: required exact-tarball profile is unflagged branded Chrome on linux
2026-10-10T22:10:56.9881603Z ok 202 - required exact-tarball profile is unflagged branded Chrome on linux
2026-10-10T22:10:56.9882231Z   ---
2026-10-10T22:10:56.9882517Z   duration_ms: 0.2497
2026-10-10T22:10:56.9882822Z   ...
2026-10-10T22:10:56.9883493Z # Subtest: probe exact-tarball profile defaults to flagged bundled Chromium on linux
2026-10-10T22:10:56.9885026Z ok 203 - probe exact-tarball profile defaults to flagged bundled Chromium on linux
2026-10-10T22:10:56.9885729Z   ---
2026-10-10T22:10:56.9886038Z   duration_ms: 0.3811
2026-10-10T22:10:56.9886357Z   ...
2026-10-10T22:10:56.9886922Z # Subtest: explicit probe Chrome is labeled as a flagged Chrome preflight
2026-10-10T22:10:56.9887812Z ok 204 - explicit probe Chrome is labeled as a flagged Chrome preflight
2026-10-10T22:10:56.9888445Z   ---
2026-10-10T22:10:56.9888738Z   duration_ms: 0.2681
2026-10-10T22:10:56.9889055Z   ...
2026-10-10T22:10:56.9889608Z # Subtest: required exact-tarball evidence rejects bundled Chromium
2026-10-10T22:10:56.9890427Z ok 205 - required exact-tarball evidence rejects bundled Chromium
2026-10-10T22:10:56.9890982Z   ---
2026-10-10T22:10:56.9891277Z   duration_ms: 0.7443
2026-10-10T22:10:56.9891635Z   ...
2026-10-10T22:10:56.9892162Z # Subtest: exact-tarball profile rejects unknown modes and channels
2026-10-10T22:10:56.9893010Z ok 206 - exact-tarball profile rejects unknown modes and channels
2026-10-10T22:10:56.9893581Z   ---
2026-10-10T22:10:56.9893855Z   duration_ms: 0.3799
2026-10-10T22:10:56.9894170Z   ...
2026-10-10T22:11:00.4401005Z # Subtest: publication contract inputs use canonical LF bytes
2026-10-10T22:11:00.4415952Z ok 207 - publication contract inputs use canonical LF bytes
2026-10-10T22:11:00.4420058Z   ---
2026-10-10T22:11:00.4439843Z   duration_ms: 2.6581
2026-10-10T22:11:00.4444417Z   ...
2026-10-10T22:11:00.4445541Z # Subtest: canary accepts only fixed host/manual IDs and derives candidate and tag
2026-10-10T22:11:00.4450508Z ok 208 - canary accepts only fixed host/manual IDs and derives candidate and tag
2026-10-10T22:11:00.4451455Z   ---
2026-10-10T22:11:00.4451971Z   duration_ms: 35.2127
2026-10-10T22:11:00.4452492Z   ...
2026-10-10T22:11:00.4453287Z # Subtest: each canary selector rejects surrounding or embedded whitespace
2026-10-10T22:11:00.4454416Z ok 209 - each canary selector rejects surrounding or embedded whitespace
2026-10-10T22:11:00.4455194Z   ---
2026-10-10T22:11:00.4455643Z   duration_ms: 2018.4341
2026-10-10T22:11:00.4456136Z   ...
2026-10-10T22:11:00.4457512Z # Subtest: observer secret is isolated and canary cannot claim support readiness
2026-10-10T22:11:00.4462989Z ok 210 - observer secret is isolated and canary cannot claim support readiness
2026-10-10T22:11:00.4463872Z   ---
2026-10-10T22:11:00.4464348Z   duration_ms: 0.5578
2026-10-10T22:11:00.4464846Z   ...
2026-10-10T22:11:00.4465704Z # Subtest: immutable-release administration stays in the attested observer boundary
2026-10-10T22:11:00.4466998Z ok 211 - immutable-release administration stays in the attested observer boundary
2026-10-10T22:11:00.4468428Z   ---
2026-10-10T22:11:00.4468902Z   duration_ms: 0.4442
2026-10-10T22:11:00.4469399Z   ...
2026-10-10T22:11:00.4470432Z # Subtest: publisher has no checkout and carries an attested closed trust proof
2026-10-10T22:11:00.4471784Z ok 212 - publisher has no checkout and carries an attested closed trust proof
2026-10-10T22:11:00.4473228Z   ---
2026-10-10T22:11:00.4473883Z   duration_ms: 0.3695
2026-10-10T22:11:00.4474374Z   ...
2026-10-10T22:11:00.4484536Z # Subtest: publisher revalidates the complete observation and exact release environment approvals
2026-10-10T22:11:00.4486909Z ok 213 - publisher revalidates the complete observation and exact release environment approvals
2026-10-10T22:11:00.4487727Z   ---
2026-10-10T22:11:00.4488034Z   duration_ms: 0.4017
2026-10-10T22:11:00.4488360Z   ...
2026-10-10T22:11:00.4489421Z # Subtest: separate least-privilege job verifies and attests the exact canary record
2026-10-10T22:11:00.4490748Z ok 214 - separate least-privilege job verifies and attests the exact canary record
2026-10-10T22:11:00.4491437Z   ---
2026-10-10T22:11:00.4491735Z   duration_ms: 1.2175
2026-10-10T22:11:00.4492922Z   ...
2026-10-10T22:11:00.4493836Z # Subtest: canary publication and readiness share the exact record filename and schema
2026-10-10T22:11:00.4495130Z ok 215 - canary publication and readiness share the exact record filename and schema
2026-10-10T22:11:00.4495974Z   ---
2026-10-10T22:11:00.4496428Z   duration_ms: 14.5024
2026-10-10T22:11:00.4496923Z   ...
2026-10-10T22:11:00.4497793Z # Subtest: preflight, race, deletion, and readiness absence gates use 404-only validation
2026-10-10T22:11:00.4499119Z ok 216 - preflight, race, deletion, and readiness absence gates use 404-only validation
2026-10-10T22:11:00.4499987Z   ---
2026-10-10T22:11:00.4500444Z   duration_ms: 0.6985
2026-10-10T22:11:00.4500937Z   ...
2026-10-10T22:11:00.4502223Z # Subtest: publisher closes fresh intake bytes, publishes once, then verifies immutable API bytes
2026-10-10T22:11:00.4503670Z ok 217 - publisher closes fresh intake bytes, publishes once, then verifies immutable API bytes
2026-10-10T22:11:00.4504974Z   ---
2026-10-10T22:11:00.4505424Z   duration_ms: 1.2791
2026-10-10T22:11:00.4505895Z   ...
2026-10-10T22:11:00.4506735Z # Subtest: canary publisher rechecks both handoff expiries around the final absence race
2026-10-10T22:11:00.4507985Z ok 218 - canary publisher rechecks both handoff expiries around the final absence race
2026-10-10T22:11:00.4508809Z   ---
2026-10-10T22:11:00.4509237Z   duration_ms: 0.4626
2026-10-10T22:11:00.4509691Z   ...
2026-10-10T22:11:00.4510456Z # Subtest: every protected canary publisher inline module is syntactically valid
2026-10-10T22:11:00.4511587Z ok 219 - every protected canary publisher inline module is syntactically valid
2026-10-10T22:11:00.4512352Z   ---
2026-10-10T22:11:00.4512783Z   duration_ms: 1628.497
2026-10-10T22:11:00.4513745Z   ...
2026-10-10T22:11:00.4514477Z # Subtest: every gh release subcommand has explicit repository context without checkout
2026-10-10T22:11:00.4515551Z ok 220 - every gh release subcommand has explicit repository context without checkout
2026-10-10T22:11:00.4516227Z   ---
2026-10-10T22:11:00.4516518Z   duration_ms: 3.3227
2026-10-10T22:11:00.4516838Z   ...
2026-10-10T22:11:00.4517645Z # Subtest: final verification precedes exact intake cleanup and the retained record is postpublication
2026-10-10T22:11:00.4518932Z ok 221 - final verification precedes exact intake cleanup and the retained record is postpublication
2026-10-10T22:11:00.4520110Z   ---
2026-10-10T22:11:00.4520441Z   duration_ms: 0.6844
2026-10-10T22:11:00.4520787Z   ...
2026-10-10T22:11:00.4593184Z # Subtest: fresh manual intake identity, metadata, API digests, and bytes close exactly
2026-10-10T22:11:00.4594703Z ok 222 - fresh manual intake identity, metadata, API digests, and bytes close exactly
2026-10-10T22:11:00.4595620Z   ---
2026-10-10T22:11:00.4596089Z   duration_ms: 5.6042
2026-10-10T22:11:00.4596573Z   ...
2026-10-10T22:11:00.4597659Z # Subtest: only an explicit GitHub 404 proves resource absence
2026-10-10T22:11:00.4598761Z ok 223 - only an explicit GitHub 404 proves resource absence
2026-10-10T22:11:00.4599436Z   ---
2026-10-10T22:11:00.4599894Z   duration_ms: 2.6075
2026-10-10T22:11:00.4600374Z   ...
2026-10-10T22:11:00.4601656Z # Subtest: post-publication record is non-support, immutable, paginated, and schema-valid
2026-10-10T22:11:00.4602953Z ok 224 - post-publication record is non-support, immutable, paginated, and schema-valid
2026-10-10T22:11:00.4603801Z   ---
2026-10-10T22:11:00.4604242Z   duration_ms: 28.8038
2026-10-10T22:11:00.4605087Z   ...
2026-10-10T22:11:00.4606209Z # Subtest: prepublication identity drift, incomplete pagination, API mismatch, and early deletion fail
2026-10-10T22:11:00.4607940Z ok 225 - prepublication identity drift, incomplete pagination, API mismatch, and early deletion fail
2026-10-10T22:11:00.4608803Z   ---
2026-10-10T22:11:00.4609226Z   duration_ms: 5.6263
2026-10-10T22:11:00.4609680Z   ...
2026-10-10T22:11:02.4995256Z # Subtest: laboratory readiness accepts one package, four hosts, one manual canary, and one release
2026-10-10T22:11:02.5001334Z ok 226 - laboratory readiness accepts one package, four hosts, one manual canary, and one release
2026-10-10T22:11:02.5015795Z   ---
2026-10-10T22:11:02.5032877Z   duration_ms: 3.1874
2026-10-10T22:11:02.5074948Z   ...
2026-10-10T22:11:02.5076206Z # Subtest: all nine numeric selectors are gated before checkout and API path use
2026-10-10T22:11:02.5077450Z ok 227 - all nine numeric selectors are gated before checkout and API path use
2026-10-10T22:11:02.5078294Z   ---
2026-10-10T22:11:02.5078741Z   duration_ms: 1.9099
2026-10-10T22:11:02.5079567Z   ...
2026-10-10T22:11:02.5080480Z # Subtest: the workflow selector gate accepts only positive-decimal syntax at runtime
2026-10-10T22:11:02.5081771Z ok 228 - the workflow selector gate accepts only positive-decimal syntax at runtime
2026-10-10T22:11:02.5082592Z   ---
2026-10-10T22:11:02.5083039Z   duration_ms: 5358.2747
2026-10-10T22:11:02.5083518Z   ...
2026-10-10T22:11:02.5084395Z # Subtest: only observer receives trust secret and computation cannot schedule product lanes
2026-10-10T22:11:02.5085733Z ok 229 - only observer receives trust secret and computation cannot schedule product lanes
2026-10-10T22:11:02.5089158Z   ---
2026-10-10T22:11:02.5089627Z   duration_ms: 0.4621
2026-10-10T22:11:02.5090121Z   ...
2026-10-10T22:11:02.5091043Z # Subtest: immutable computation name, permissions, fixed artifact, and attestation are pinned
2026-10-10T22:11:02.5092435Z ok 230 - immutable computation name, permissions, fixed artifact, and attestation are pinned
2026-10-10T22:11:02.5093322Z   ---
2026-10-10T22:11:02.5093748Z   duration_ms: 0.4946
2026-10-10T22:11:02.5094213Z   ...
2026-10-10T22:11:02.5095026Z # Subtest: selected API run identities are carried into shared readiness validation
2026-10-10T22:11:02.5096669Z ok 231 - selected API run identities are carried into shared readiness validation
2026-10-10T22:11:02.5099046Z   ---
2026-10-10T22:11:02.5099499Z   duration_ms: 0.9386
2026-10-10T22:11:02.5099964Z   ...
2026-10-10T22:11:02.5100769Z # Subtest: fresh CLI verification is closed and retained in the readiness input
2026-10-10T22:11:02.5101925Z ok 232 - fresh CLI verification is closed and retained in the readiness input
2026-10-10T22:11:02.5102999Z   ---
2026-10-10T22:11:02.5103434Z   duration_ms: 0.8854
2026-10-10T22:11:02.5103962Z   ...
2026-10-10T22:11:02.5104806Z # Subtest: production computation validates the final manifest schema before writing
2026-10-10T22:11:02.5106102Z ok 233 - production computation validates the final manifest schema before writing
2026-10-10T22:11:02.5106929Z   ---
2026-10-10T22:11:02.5107358Z   duration_ms: 0.4053
2026-10-10T22:11:02.5107827Z   ...
2026-10-10T22:11:02.7092361Z # Subtest: lab digest binds plan-named files and the production dependency closure
2026-10-10T22:11:02.7102084Z ok 234 - lab digest binds plan-named files and the production dependency closure
2026-10-10T22:11:02.7103582Z   ---
2026-10-10T22:11:02.7105016Z   duration_ms: 3.8752
2026-10-10T22:11:02.7106580Z   ...
2026-10-10T22:11:02.7108977Z # Subtest: lab configuration rejects omitted dependencies and stale workflow inventories
2026-10-10T22:11:02.7110709Z ok 235 - lab configuration rejects omitted dependencies and stale workflow inventories
2026-10-10T22:11:02.7111771Z   ---
2026-10-10T22:11:02.7112319Z   duration_ms: 46.6334
2026-10-10T22:11:02.7128729Z   ...
2026-10-10T22:11:02.7136556Z # Subtest: readiness closes four hosts, generic manual canary, and immutable canary release
2026-10-10T22:11:02.7138908Z ok 236 - readiness closes four hosts, generic manual canary, and immutable canary release
2026-10-10T22:11:02.7148284Z   ---
2026-10-10T22:11:02.7169460Z   duration_ms: 185.4541
2026-10-10T22:11:02.7170482Z   ...
2026-10-10T22:11:02.7171509Z # Subtest: host evidence freshness accepts the exact window boundary and rejects stale or future instants
2026-10-10T22:11:02.7173100Z ok 237 - host evidence freshness accepts the exact window boundary and rejects stale or future instants
2026-10-10T22:11:02.7174109Z   ---
2026-10-10T22:11:02.7174569Z   duration_ms: 1.254
2026-10-10T22:11:02.7175057Z   ...
2026-10-10T22:11:02.7175789Z # Subtest: manual canary freshness accepts 24h and rejects 24h plus 1ms
2026-10-10T22:11:02.7176866Z ok 238 - manual canary freshness accepts 24h and rejects 24h plus 1ms
2026-10-10T22:11:02.7177653Z   ---
2026-10-10T22:11:02.7178120Z   duration_ms: 283.6354
2026-10-10T22:11:02.7178622Z   ...
2026-10-10T22:11:02.7179362Z # Subtest: readiness recomputes diagnostic file and receipt hashes
2026-10-10T22:11:02.7180364Z ok 239 - readiness recomputes diagnostic file and receipt hashes
2026-10-10T22:11:02.7181092Z   ---
2026-10-10T22:11:02.7181551Z   duration_ms: 224.9569
2026-10-10T22:11:02.7183382Z   ...
2026-10-10T22:11:02.7185521Z # Subtest: readiness rejects stale host inventory and substituted mobile route declarations
2026-10-10T22:11:02.7186930Z ok 240 - readiness rejects stale host inventory and substituted mobile route declarations
2026-10-10T22:11:02.7187803Z   ---
2026-10-10T22:11:02.7194318Z   duration_ms: 474.4955
2026-10-10T22:11:02.7194938Z   ...
2026-10-10T22:11:02.7195799Z # Subtest: readiness rejects caller-selected or swapped host route pairs
2026-10-10T22:11:02.7196992Z ok 241 - readiness rejects caller-selected or swapped host route pairs
2026-10-10T22:11:02.7197955Z   ---
2026-10-10T22:11:02.7198435Z   duration_ms: 359.8485
2026-10-10T22:11:02.7198923Z   ...
2026-10-10T22:11:02.7199745Z # Subtest: readiness rejects runner policies before clean JIT canary activation
2026-10-10T22:11:02.7200899Z ok 242 - readiness rejects runner policies before clean JIT canary activation
2026-10-10T22:11:02.7201794Z   ---
2026-10-10T22:11:02.7202312Z   duration_ms: 211.1906
2026-10-10T22:11:02.7203364Z   ...
2026-10-10T22:11:02.7204746Z # Subtest: product promotion consumes only same-SHA package-bound attested readiness
2026-10-10T22:11:02.7206137Z ok 243 - product promotion consumes only same-SHA package-bound attested readiness
2026-10-10T22:11:02.7207036Z   ---
2026-10-10T22:11:02.7245548Z   duration_ms: 144.494
2026-10-10T22:11:02.7246269Z   ...
2026-10-10T22:11:02.7247298Z # Subtest: unprovisioned inventory, product assertions, stale media, and wrong release fail
2026-10-10T22:11:02.7248785Z ok 244 - unprovisioned inventory, product assertions, stale media, and wrong release fail
2026-10-10T22:11:02.7249793Z   ---
2026-10-10T22:11:02.7250312Z   duration_ms: 749.7577
2026-10-10T22:11:02.7250859Z   ...
2026-10-10T22:11:02.7251829Z # Subtest: readiness rejects stale selected or embedded host/manual/publication identities
2026-10-10T22:11:02.7253273Z ok 245 - readiness rejects stale selected or embedded host/manual/publication identities
2026-10-10T22:11:02.7254238Z   ---
2026-10-10T22:11:02.7254744Z   duration_ms: 2746.9991
2026-10-10T22:11:02.7255289Z   ...
2026-10-10T22:11:02.7515025Z # Subtest: manual submission accepts only numeric IDs and canonical scalar JSON
2026-10-10T22:11:02.7516582Z ok 246 - manual submission accepts only numeric IDs and canonical scalar JSON
2026-10-10T22:11:02.7520667Z   ---
2026-10-10T22:11:02.7640974Z   duration_ms: 3.7525
2026-10-10T22:11:02.7674725Z   ...
2026-10-10T22:11:02.7692603Z # Subtest: paths, noncanonical JSON, duplicate IDs, and arbitrary identity fields fail
2026-10-10T22:11:02.7729008Z ok 247 - paths, noncanonical JSON, duplicate IDs, and arbitrary identity fields fail
2026-10-10T22:11:02.7732821Z   ---
2026-10-10T22:11:02.7733683Z   duration_ms: 0.7134
2026-10-10T22:11:02.7735779Z   ...
2026-10-10T22:11:02.7737661Z # Subtest: device matrix freezes six public Appium IDs without serials or UDIDs
2026-10-10T22:11:02.7742702Z ok 248 - device matrix freezes six public Appium IDs without serials or UDIDs
2026-10-10T22:11:02.7747828Z   ---
2026-10-10T22:11:02.7749356Z   duration_ms: 3.9938
2026-10-10T22:11:02.7760427Z   ...
2026-10-10T22:11:02.7763556Z # Subtest: checked manual checklists expose unique complete step IDs and isolate canary scope
2026-10-10T22:11:02.7766814Z ok 249 - checked manual checklists expose unique complete step IDs and isolate canary scope
2026-10-10T22:11:02.7768028Z   ---
2026-10-10T22:11:02.7768952Z   duration_ms: 2.5538
2026-10-10T22:11:02.7769469Z   ...
2026-10-10T22:11:02.7770489Z # Subtest: intake binds authenticated actor, exact package/checklist/asset, 128-bit challenge, and 24 hours
2026-10-10T22:11:02.7772322Z ok 250 - intake binds authenticated actor, exact package/checklist/asset, 128-bit challenge, and 24 hours
2026-10-10T22:11:02.7773366Z   ---
2026-10-10T22:11:02.7773863Z   duration_ms: 11.751
2026-10-10T22:11:02.7774333Z   ...
2026-10-10T22:11:02.7775355Z # Subtest: intake selection requires exact active matrix, host, controller, attachment, and public device binding
2026-10-10T22:11:02.7777028Z ok 251 - intake selection requires exact active matrix, host, controller, attachment, and public device binding
2026-10-10T22:11:02.7777976Z   ---
2026-10-10T22:11:02.7778429Z   duration_ms: 27.113
2026-10-10T22:11:02.7778936Z   ...
2026-10-10T22:11:02.7779808Z # Subtest: manual session is exactly 20 minutes, controller-signed, and cleanup-complete
2026-10-10T22:11:02.7780959Z ok 252 - manual session is exactly 20 minutes, controller-signed, and cleanup-complete
2026-10-10T22:11:02.7781587Z   ---
2026-10-10T22:11:02.7781846Z   duration_ms: 32.3972
2026-10-10T22:11:02.7782134Z   ...
2026-10-10T22:11:02.7782751Z # Subtest: all six mobile runtime observations survive signed-session schema validation
2026-10-10T22:11:02.7783778Z ok 253 - all six mobile runtime observations survive signed-session schema validation
2026-10-10T22:11:02.7788187Z   ---
2026-10-10T22:11:02.7788549Z   duration_ms: 26.283
2026-10-10T22:11:02.7788901Z   ...
2026-10-10T22:11:02.7793295Z # Subtest: media and evidence require exact inventory, uploader, digest, window, steps, and independent actors
2026-10-10T22:11:02.7796579Z ok 254 - media and evidence require exact inventory, uploader, digest, window, steps, and independent actors
2026-10-10T22:11:02.7797869Z   ---
2026-10-10T22:11:02.7800277Z   duration_ms: 10.3432
2026-10-10T22:11:02.7801130Z   ...
2026-10-10T22:11:02.7803391Z # Subtest: finalizer verifies controller signature, exact job tuple, and absent runner
2026-10-10T22:11:02.7806699Z ok 255 - finalizer verifies controller signature, exact job tuple, and absent runner
2026-10-10T22:11:02.7808369Z   ---
2026-10-10T22:11:02.7903049Z   duration_ms: 12.8992
2026-10-10T22:11:02.7907858Z   ...
2026-10-10T22:11:02.7908801Z # Subtest: wrong job tuple, unpinned key, missing token, and five-minute presence fail
2026-10-10T22:11:02.7909881Z ok 256 - wrong job tuple, unpinned key, missing token, and five-minute presence fail
2026-10-10T22:11:02.7910690Z   ---
2026-10-10T22:11:02.7911152Z   duration_ms: 8.6055
2026-10-10T22:11:02.7912156Z   ...
2026-10-10T22:11:02.7913322Z # Subtest: manual promotion derives only challenge and intake digest from verified draft
2026-10-10T22:11:02.7916195Z ok 257 - manual promotion derives only challenge and intake digest from verified draft
2026-10-10T22:11:02.7917282Z   ---
2026-10-10T22:11:02.7917769Z   duration_ms: 4.9912
2026-10-10T22:11:02.7918252Z   ...
2026-10-10T22:11:02.7919080Z # Subtest: wrong actor, lane, expiry, package, or attestation fails before promotion
2026-10-10T22:11:02.7920275Z ok 258 - wrong actor, lane, expiry, package, or attestation fails before promotion
2026-10-10T22:11:02.7921143Z   ---
2026-10-10T22:11:02.7921603Z   duration_ms: 0.6437
2026-10-10T22:11:02.7923084Z   ...
2026-10-10T22:11:02.7924056Z # Subtest: submission produces closed evidence from draft, session, media, approval, and actors
2026-10-10T22:11:02.7925697Z ok 259 - submission produces closed evidence from draft, session, media, approval, and actors
2026-10-10T22:11:02.7926537Z   ---
2026-10-10T22:11:02.7926967Z   duration_ms: 8.223
2026-10-10T22:11:02.7927441Z   ...
2026-10-10T22:11:02.7928272Z # Subtest: genuine producer, finalizer, preparer, and validator preserve signed record bytes
2026-10-10T22:11:02.7929531Z ok 260 - genuine producer, finalizer, preparer, and validator preserve signed record bytes
2026-10-10T22:11:02.7930300Z   ---
2026-10-10T22:11:02.7930683Z   duration_ms: 14.4466
2026-10-10T22:11:02.7931105Z   ...
2026-10-10T22:11:02.7931896Z # Subtest: infrastructure submission produces a non-support manual canary, not a product row
2026-10-10T22:11:02.7933093Z ok 261 - infrastructure submission produces a non-support manual canary, not a product row
2026-10-10T22:11:02.7933878Z   ---
2026-10-10T22:11:02.7934263Z   duration_ms: 7.6835
2026-10-10T22:11:02.7934675Z   ...
2026-10-10T22:11:02.7935459Z # Subtest: expired draft, self approval, implementation approval, or wrong finalizer fails
2026-10-10T22:11:02.7936601Z ok 262 - expired draft, self approval, implementation approval, or wrong finalizer fails
2026-10-10T22:11:02.7937354Z   ---
2026-10-10T22:11:02.7937740Z   duration_ms: 5.3528
2026-10-10T22:11:02.7938152Z   ...
2026-10-10T22:11:02.7938843Z # Subtest: manual evidence preserves every exact target-environment approval
2026-10-10T22:11:02.7939893Z ok 263 - manual evidence preserves every exact target-environment approval
2026-10-10T22:11:02.7940637Z   ---
2026-10-10T22:11:02.7941045Z   duration_ms: 1.4559
2026-10-10T22:11:02.7941549Z   ...
2026-10-10T22:11:02.7942264Z # Subtest: merger closes every required automated, mobile, and manual matrix row
2026-10-10T22:11:02.7943286Z ok 264 - merger closes every required automated, mobile, and manual matrix row
2026-10-10T22:11:02.7944005Z   ---
2026-10-10T22:11:02.7944412Z   duration_ms: 72.7987
2026-10-10T22:11:02.7945141Z   ...
2026-10-10T22:11:02.7945940Z # Subtest: evidence run ID input rejects whitespace, duplicates, and unsorted values
2026-10-10T22:11:02.7947381Z ok 265 - evidence run ID input rejects whitespace, duplicates, and unsorted values
2026-10-10T22:11:02.7948157Z   ---
2026-10-10T22:11:02.7948573Z   duration_ms: 0.5718
2026-10-10T22:11:02.7949014Z   ...
2026-10-10T22:11:02.7949836Z # Subtest: prior head, other package, expired manual, missing, duplicate, and infra error fail
2026-10-10T22:11:02.7951067Z ok 266 - prior head, other package, expired manual, missing, duplicate, and infra error fail
2026-10-10T22:11:02.7951922Z   ---
2026-10-10T22:11:02.7952332Z   duration_ms: 370.3647
2026-10-10T22:11:02.7952777Z   ...
2026-10-10T22:11:02.7953540Z # Subtest: six physical Appium devices prove the exact nonce-bound browser route
2026-10-10T22:11:02.7954935Z ok 267 - six physical Appium devices prove the exact nonce-bound browser route
2026-10-10T22:11:02.7955799Z   ---
2026-10-10T22:11:02.7956071Z   duration_ms: 22.974
2026-10-10T22:11:02.7959825Z   ...
2026-10-10T22:11:02.7960926Z # Subtest: declarations, incomplete device closure, and incomplete browser proof fail closed
2026-10-10T22:11:02.7962133Z ok 268 - declarations, incomplete device closure, and incomplete browser proof fail closed
2026-10-10T22:11:02.7962902Z   ---
2026-10-10T22:11:02.7963159Z   duration_ms: 2.9164
2026-10-10T22:11:02.7963461Z   ...
2026-10-10T22:11:02.7964139Z # Subtest: WebDriver executes route verification inside the navigated physical browser
2026-10-10T22:11:02.7965280Z ok 269 - WebDriver executes route verification inside the navigated physical browser
2026-10-10T22:11:02.7965988Z   ---
2026-10-10T22:11:02.7966288Z   duration_ms: 2.7212
2026-10-10T22:11:02.7966622Z   ...
2026-10-10T22:11:02.7967194Z # Subtest: pending bootstrap skips automatic protected-main packaging
2026-10-10T22:11:02.7969024Z ok 270 - pending bootstrap skips automatic protected-main packaging
2026-10-10T22:11:02.7969702Z   ---
2026-10-10T22:11:02.7970008Z   duration_ms: 3.669
2026-10-10T22:11:02.7970326Z   ...
2026-10-10T22:11:02.7970783Z # Subtest: pending bootstrap rejects manual packaging
2026-10-10T22:11:02.7971491Z ok 271 - pending bootstrap rejects manual packaging
2026-10-10T22:11:02.7971986Z   ---
2026-10-10T22:11:02.7972283Z   duration_ms: 0.5937
2026-10-10T22:11:02.7972604Z   ...
2026-10-10T22:11:02.7973169Z # Subtest: active bootstrap enables automatic and manual packaging
2026-10-10T22:11:02.7973992Z ok 272 - active bootstrap enables automatic and manual packaging
2026-10-10T22:11:02.7974541Z   ---
2026-10-10T22:11:02.7974818Z   duration_ms: 0.3508
2026-10-10T22:11:02.7975124Z   ...
2026-10-10T22:11:02.7975566Z # Subtest: rejects pending bootstrap with an epoch
2026-10-10T22:11:02.7976208Z ok 273 - rejects pending bootstrap with an epoch
2026-10-10T22:11:02.7976669Z   ---
2026-10-10T22:11:02.7976969Z   duration_ms: 0.2157
2026-10-10T22:11:02.7977305Z   ...
2026-10-10T22:11:02.7977772Z # Subtest: rejects active bootstrap without an epoch
2026-10-10T22:11:02.7978454Z ok 274 - rejects active bootstrap without an epoch
2026-10-10T22:11:02.7978972Z   ---
2026-10-10T22:11:02.7979995Z   duration_ms: 0.1691
2026-10-10T22:11:02.7980514Z   ...
2026-10-10T22:11:02.7981054Z # Subtest: rejects unknown bootstrap state
2026-10-10T22:11:02.7981745Z ok 275 - rejects unknown bootstrap state
2026-10-10T22:11:02.7982417Z   ---
2026-10-10T22:11:02.7982949Z   duration_ms: 0.1629
2026-10-10T22:11:02.7983495Z   ...
2026-10-10T22:11:02.7984245Z # Subtest: every bootstrap state rejects an untrusted trigger
2026-10-10T22:11:02.7985281Z ok 276 - every bootstrap state rejects an untrusted trigger
2026-10-10T22:11:02.7986063Z   ---
2026-10-10T22:11:02.7986600Z   duration_ms: 0.3286
2026-10-10T22:11:02.7987191Z   ...
2026-10-10T22:11:02.7990663Z # Subtest: Playwright health probes the original live capture page and permits background state
2026-10-10T22:11:02.7992273Z ok 277 - Playwright health probes the original live capture page and permits background state
2026-10-10T22:11:02.7993297Z   ---
2026-10-10T22:11:02.7994391Z   duration_ms: 2.8832
2026-10-10T22:11:02.7995343Z   ...
2026-10-10T22:11:02.7996353Z # Subtest: Playwright health rejects closed, crashed, replacement, and unauthorized navigation
2026-10-10T22:11:02.7997890Z ok 278 - Playwright health rejects closed, crashed, replacement, and unauthorized navigation
2026-10-10T22:11:02.7998946Z   ---
2026-10-10T22:11:02.7999854Z   duration_ms: 2.5602
2026-10-10T22:11:02.8000472Z   ...
2026-10-10T22:11:02.8001311Z # Subtest: Playwright probe rejection and hang are bounded and sanitized
2026-10-10T22:11:02.8002494Z ok 279 - Playwright probe rejection and hang are bounded and sanitized
2026-10-10T22:11:02.8003365Z   ---
2026-10-10T22:11:02.8003893Z   duration_ms: 9.1604
2026-10-10T22:11:02.8004450Z   ...
2026-10-10T22:11:02.8005397Z # Subtest: manual intake is protected-main dispatch with closed checklist and asset choices
2026-10-10T22:11:02.8006925Z ok 280 - manual intake is protected-main dispatch with closed checklist and asset choices
2026-10-10T22:11:02.8007925Z   ---
2026-10-10T22:11:02.8008489Z   duration_ms: 2.5556
2026-10-10T22:11:02.8009010Z   ...
2026-10-10T22:11:02.8009915Z # Subtest: observer secret is isolated from independently approved intake writer
2026-10-10T22:11:02.8011286Z ok 281 - observer secret is isolated from independently approved intake writer
2026-10-10T22:11:02.8012193Z   ---
2026-10-10T22:11:02.8012711Z   duration_ms: 1.4279
2026-10-10T22:11:02.8013274Z   ...
2026-10-10T22:11:02.8014203Z # Subtest: intake resolves package hash, derives actor/challenge, attests, and writes one draft
2026-10-10T22:11:02.8015642Z ok 282 - intake resolves package hash, derives actor/challenge, attests, and writes one draft
2026-10-10T22:11:02.8016611Z   ---
2026-10-10T22:11:02.8017107Z   duration_ms: 0.6523
2026-10-10T22:11:02.8017645Z   ...
2026-10-10T22:11:02.8020006Z # Subtest: package manifest provenance is joined to the resolved API run before intake mutation
2026-10-10T22:11:02.8021640Z ok 283 - package manifest provenance is joined to the resolved API run before intake mutation
2026-10-10T22:11:02.8022649Z   ---
2026-10-10T22:11:02.8023242Z   duration_ms: 0.4927
2026-10-10T22:11:02.8023770Z   ...
2026-10-10T22:11:02.8024769Z # Subtest: intake writer revalidates the exact unexpired observation immediately before attestation
2026-10-10T22:11:02.8026288Z ok 284 - intake writer revalidates the exact unexpired observation immediately before attestation
2026-10-10T22:11:02.8027196Z   ---
2026-10-10T22:11:02.8027619Z   duration_ms: 0.3433
2026-10-10T22:11:02.8028088Z   ...
2026-10-10T22:11:02.8029475Z # Subtest: supported and canary candidates require exact main, immutable setting, and absent tag
2026-10-10T22:11:02.8030933Z ok 285 - supported and canary candidates require exact main, immutable setting, and absent tag
2026-10-10T22:11:02.8032374Z   ---
2026-10-10T22:11:02.8032871Z   duration_ms: 3.8283
2026-10-10T22:11:02.8033431Z   ...
2026-10-10T22:11:02.8034415Z # Subtest: publisher, self approval, implementer approval, drift, and existing release fail
2026-10-10T22:11:02.8035880Z ok 286 - publisher, self approval, implementer approval, drift, and existing release fail
2026-10-10T22:11:02.8036928Z   ---
2026-10-10T22:11:02.8037427Z   duration_ms: 1.2695
2026-10-10T22:11:02.8038048Z   ...
2026-10-10T22:11:02.8038839Z # Subtest: publisher counts only exact forge3d-web-release approvals
2026-10-10T22:11:02.8040333Z ok 287 - publisher counts only exact forge3d-web-release approvals
2026-10-10T22:11:02.8041216Z   ---
2026-10-10T22:11:02.8041745Z   duration_ms: 1.0784
2026-10-10T22:11:02.8042244Z   ...
2026-10-10T22:11:02.8043173Z # Subtest: preflight is exact-consumer, independently approved, and expires in 30 minutes
2026-10-10T22:11:02.8044618Z ok 288 - preflight is exact-consumer, independently approved, and expires in 30 minutes
2026-10-10T22:11:02.8045570Z   ---
2026-10-10T22:11:02.8046069Z   duration_ms: 5.0536
2026-10-10T22:11:02.8046606Z   ...
2026-10-10T22:11:02.8062062Z # Subtest: publication handoff rejects readiness, asset, mode, and lifetime substitutions
2026-10-10T22:11:02.8064079Z ok 289 - publication handoff rejects readiness, asset, mode, and lifetime substitutions
2026-10-10T22:11:02.8065198Z   ---
2026-10-10T22:11:02.8065712Z   duration_ms: 3.3553
2026-10-10T22:11:02.8066288Z   ...
2026-10-10T22:11:02.8067347Z # Subtest: GitHub resource absence requires an explicit HTTP 404
2026-10-10T22:11:02.8068528Z ok 290 - GitHub resource absence requires an explicit HTTP 404
2026-10-10T22:11:02.8069381Z   ---
2026-10-10T22:11:02.8069950Z   duration_ms: 2.0242
2026-10-10T22:11:02.8070495Z   ...
2026-10-10T22:11:02.8071318Z # Subtest: GitHub resource absence fails closed on transport and malformed status
2026-10-10T22:11:02.8072788Z ok 291 - GitHub resource absence fails closed on transport and malformed status
2026-10-10T22:11:02.8076163Z   ---
2026-10-10T22:11:02.8077218Z   duration_ms: 2.3779
2026-10-10T22:11:02.8077812Z   ...
2026-10-10T22:11:02.8078770Z # Subtest: supported manual media is re-bound to the exact still-draft intake and bytes
2026-10-10T22:11:02.8080228Z ok 292 - supported manual media is re-bound to the exact still-draft intake and bytes
2026-10-10T22:11:02.8081566Z   ---
2026-10-10T22:11:02.8082095Z   duration_ms: 5.8675
2026-10-10T22:11:02.8116275Z   ...
2026-10-10T22:11:02.8121540Z # Subtest: missing, swapped, overwritten, and API-digest-mismatched intake media fail closed
2026-10-10T22:11:02.8123500Z ok 293 - missing, swapped, overwritten, and API-digest-mismatched intake media fail closed
2026-10-10T22:11:02.8125359Z   ---
2026-10-10T22:11:02.8125925Z   duration_ms: 3.2932
2026-10-10T22:11:02.8126463Z   ...
2026-10-10T22:11:02.8127379Z # Subtest: candidate record is schema-valid and makes no post-publication CLI claims
2026-10-10T22:11:02.8130011Z ok 294 - candidate record is schema-valid and makes no post-publication CLI claims
2026-10-10T22:11:02.8131609Z   ---
2026-10-10T22:11:02.8132567Z   duration_ms: 30.4989
2026-10-10T22:11:02.8133176Z   ...
2026-10-10T22:11:02.8134369Z # Subtest: post-publication record retains exact CLI JSON digests and immutable release identity
2026-10-10T22:11:02.8135926Z ok 295 - post-publication record retains exact CLI JSON digests and immutable release identity
2026-10-10T22:11:02.8137363Z   ---
2026-10-10T22:11:02.8137872Z   duration_ms: 4.3456
2026-10-10T22:11:02.8138374Z   ...
2026-10-10T22:11:02.8139275Z # Subtest: early intake deletion, absent CLI output, and publication schema drift fail
2026-10-10T22:11:02.8141147Z ok 296 - early intake deletion, absent CLI output, and publication schema drift fail
2026-10-10T22:11:02.8141798Z   ---
2026-10-10T22:11:02.8142630Z   duration_ms: 7.6969
2026-10-10T22:11:02.8143361Z   ...
2026-10-10T22:11:02.8144581Z # Subtest: post-publication record rejects missing, non-positive, or drifted publication run identity
2026-10-10T22:11:02.8146747Z ok 297 - post-publication record rejects missing, non-positive, or drifted publication run identity
2026-10-10T22:11:02.8147587Z   ---
2026-10-10T22:11:02.8147912Z   duration_ms: 6.4996
2026-10-10T22:11:02.8148269Z   ...
2026-10-10T22:11:02.8578221Z # Subtest: emits and verifies a canonical, exact-consumer observation
2026-10-10T22:11:02.8579578Z ok 298 - emits and verifies a canonical, exact-consumer observation
2026-10-10T22:11:02.8601822Z   ---
2026-10-10T22:11:02.8621884Z   duration_ms: 34.5113
2026-10-10T22:11:02.8654208Z   ...
2026-10-10T22:11:02.8655273Z # Subtest: rejects observation with wrong operation
2026-10-10T22:11:02.8662172Z ok 299 - rejects observation with wrong operation
2026-10-10T22:11:02.8669442Z   ---
2026-10-10T22:11:02.8679803Z   duration_ms: 2.8981
2026-10-10T22:11:02.8686358Z   ...
2026-10-10T22:11:02.8687981Z # Subtest: rejects observation with wrong run attempt
2026-10-10T22:11:02.8711327Z ok 300 - rejects observation with wrong run attempt
2026-10-10T22:11:02.8718708Z   ---
2026-10-10T22:11:02.8726995Z   duration_ms: 1.4879
2026-10-10T22:11:02.8728428Z   ...
2026-10-10T22:11:02.8733649Z # Subtest: rejects observation with wrong target
2026-10-10T22:11:02.8735048Z ok 301 - rejects observation with wrong target
2026-10-10T22:11:02.8735735Z   ---
2026-10-10T22:11:02.8829772Z   duration_ms: 1.351
2026-10-10T22:11:02.8832002Z   ...
2026-10-10T22:11:02.8833283Z # Subtest: rejects observation with wrong consumer
2026-10-10T22:11:02.8834251Z ok 302 - rejects observation with wrong consumer
2026-10-10T22:11:02.8834736Z   ---
2026-10-10T22:11:02.8835164Z   duration_ms: 1.5556
2026-10-10T22:11:02.8835634Z   ...
2026-10-10T22:11:02.8836727Z # Subtest: rejects observation with extra consumer
2026-10-10T22:11:02.8837628Z ok 303 - rejects observation with extra consumer
2026-10-10T22:11:02.8838272Z   ---
2026-10-10T22:11:02.8838724Z   duration_ms: 1.3624
2026-10-10T22:11:02.8839225Z   ...
2026-10-10T22:11:02.8839883Z # Subtest: rejects observation with expired validity
2026-10-10T22:11:02.8840723Z ok 304 - rejects observation with expired validity
2026-10-10T22:11:02.8841358Z   ---
2026-10-10T22:11:02.8841811Z   duration_ms: 1.7304
2026-10-10T22:11:02.8842306Z   ...
2026-10-10T22:11:02.8842888Z # Subtest: rejects observation with policy digest
2026-10-10T22:11:02.8843690Z ok 305 - rejects observation with policy digest
2026-10-10T22:11:02.8844320Z   ---
2026-10-10T22:11:02.8844756Z   duration_ms: 1.6974
2026-10-10T22:11:02.8845229Z   ...
2026-10-10T22:11:02.8845891Z # Subtest: rejects observation with stale required-check SHA
2026-10-10T22:11:02.8846845Z ok 306 - rejects observation with stale required-check SHA
2026-10-10T22:11:02.8847540Z   ---
2026-10-10T22:11:02.8847984Z   duration_ms: 2.2422
2026-10-10T22:11:02.8848454Z   ...
2026-10-10T22:11:02.8849146Z # Subtest: rejects observation with wrong required-check app id
2026-10-10T22:11:02.8850504Z ok 307 - rejects observation with wrong required-check app id
2026-10-10T22:11:02.8851874Z   ---
2026-10-10T22:11:02.8852379Z   duration_ms: 1.5006
2026-10-10T22:11:02.8852915Z   ...
2026-10-10T22:11:02.8853748Z # Subtest: rejects observation with wrong required-check app slug
2026-10-10T22:11:02.8854883Z ok 308 - rejects observation with wrong required-check app slug
2026-10-10T22:11:02.8855677Z   ---
2026-10-10T22:11:02.8856179Z   duration_ms: 1.8924
2026-10-10T22:11:02.8856732Z   ...
2026-10-10T22:11:02.8857480Z # Subtest: rejects observation with duplicate required-check id
2026-10-10T22:11:02.8858566Z ok 309 - rejects observation with duplicate required-check id
2026-10-10T22:11:02.8859364Z   ---
2026-10-10T22:11:02.8859831Z   duration_ms: 1.344
2026-10-10T22:11:02.8860351Z   ...
2026-10-10T22:11:02.8861119Z # Subtest: rejects observation with missing check-runs live response
2026-10-10T22:11:02.8862285Z ok 310 - rejects observation with missing check-runs live response
2026-10-10T22:11:02.8863145Z   ---
2026-10-10T22:11:02.8863684Z   duration_ms: 1.458
2026-10-10T22:11:02.8867491Z   ...
2026-10-10T22:11:02.8870023Z # Subtest: release observations bind immutable semantics and the exact live response
2026-10-10T22:11:02.8874896Z ok 311 - release observations bind immutable semantics and the exact live response
2026-10-10T22:11:02.8886230Z   ---
2026-10-10T22:11:02.8886766Z   duration_ms: 2.7323
2026-10-10T22:11:02.8887239Z   ...
2026-10-10T22:11:02.8887995Z # Subtest: rejects release observation with disabled release immutability
2026-10-10T22:11:02.8889075Z ok 312 - rejects release observation with disabled release immutability
2026-10-10T22:11:02.8889809Z   ---
2026-10-10T22:11:02.8890223Z   duration_ms: 1.5949
2026-10-10T22:11:02.8890677Z   ...
2026-10-10T22:11:02.8891440Z # Subtest: rejects release observation with missing release immutability state
2026-10-10T22:11:02.8893385Z ok 313 - rejects release observation with missing release immutability state
2026-10-10T22:11:02.8894374Z   ---
2026-10-10T22:11:02.8894914Z   duration_ms: 2.18
2026-10-10T22:11:02.8895461Z   ...
2026-10-10T22:11:02.8896421Z # Subtest: rejects release observation with malformed release immutability owner enforcement
2026-10-10T22:11:02.8897971Z ok 314 - rejects release observation with malformed release immutability owner enforcement
2026-10-10T22:11:02.8899385Z   ---
2026-10-10T22:11:02.8899908Z   duration_ms: 1.4045
2026-10-10T22:11:02.8900458Z   ...
2026-10-10T22:11:02.8901357Z # Subtest: rejects release observation with missing immutable-releases live response
2026-10-10T22:11:02.8902753Z ok 315 - rejects release observation with missing immutable-releases live response
2026-10-10T22:11:02.8903725Z   ---
2026-10-10T22:11:02.8904259Z   duration_ms: 1.508
2026-10-10T22:11:02.8904759Z   ...
2026-10-10T22:11:02.8905457Z # Subtest: rejects release observation with mismatched immutable-releases endpoint
2026-10-10T22:11:02.8906597Z ok 316 - rejects release observation with mismatched immutable-releases endpoint
2026-10-10T22:11:02.8907357Z   ---
2026-10-10T22:11:02.8907770Z   duration_ms: 1.4027
2026-10-10T22:11:02.8908220Z   ...
2026-10-10T22:11:02.8908937Z # Subtest: rejects immutable-release state on a non-release observation
2026-10-10T22:11:02.8911663Z ok 317 - rejects immutable-release state on a non-release observation
2026-10-10T22:11:02.8913689Z   ---
2026-10-10T22:11:02.8914162Z   duration_ms: 1.8778
2026-10-10T22:11:02.8914629Z   ...
2026-10-10T22:11:02.8915203Z # Subtest: rejects non-canonical observation bytes
2026-10-10T22:11:02.8915961Z ok 318 - rejects non-canonical observation bytes
2026-10-10T22:11:02.8916566Z   ---
2026-10-10T22:11:02.8916988Z   duration_ms: 0.844
2026-10-10T22:11:02.8917458Z   ...
2026-10-10T22:11:02.8918205Z # Subtest: rejects an otherwise valid observation after its independent expiry
2026-10-10T22:11:02.8919299Z ok 319 - rejects an otherwise valid observation after its independent expiry
2026-10-10T22:11:02.8920070Z   ---
2026-10-10T22:11:02.8920494Z   duration_ms: 1.3077
2026-10-10T22:11:02.8921242Z   ...
2026-10-10T22:11:02.8921986Z # Subtest: validates the exact artifact ID/name/digest/content tuple
2026-10-10T22:11:02.8922954Z ok 320 - validates the exact artifact ID/name/digest/content tuple
2026-10-10T22:11:02.8923653Z   ---
2026-10-10T22:11:02.8924094Z   duration_ms: 10.6731
2026-10-10T22:11:02.8924550Z   ...
2026-10-10T22:11:02.8925304Z # Subtest: rejects missing, zero, uppercase, and malformed observer outputs
2026-10-10T22:11:02.8926418Z ok 321 - rejects missing, zero, uppercase, and malformed observer outputs
2026-10-10T22:11:02.8927158Z   ---
2026-10-10T22:11:02.8927597Z   duration_ms: 0.3969
2026-10-10T22:11:02.8928065Z   ...
2026-10-10T22:11:02.8928646Z # Subtest: rejects an archive with multiple members
2026-10-10T22:11:02.8929386Z ok 322 - rejects an archive with multiple members
2026-10-10T22:11:02.8930054Z   ---
2026-10-10T22:11:02.8930712Z   duration_ms: 1.4008
2026-10-10T22:11:02.8931070Z   ...
2026-10-10T22:11:02.8935005Z # Subtest: publisher proof closes every nested observation binding
2026-10-10T22:11:02.8935858Z ok 323 - publisher proof closes every nested observation binding
2026-10-10T22:11:02.8936536Z   ---
2026-10-10T22:11:02.8936939Z   duration_ms: 2.9905
2026-10-10T22:11:02.8937365Z   ...
2026-10-10T22:11:02.9518318Z # Subtest: checked policy remains explicitly incomplete before the protected-main canary
2026-10-10T22:11:02.9528761Z ok 324 - checked policy remains explicitly incomplete before the protected-main canary
2026-10-10T22:11:02.9609609Z   ---
2026-10-10T22:11:02.9635143Z   duration_ms: 4.0883
2026-10-10T22:11:02.9636209Z   ...
2026-10-10T22:11:02.9637872Z # Subtest: accepts the exact active protected-main snapshot
2026-10-10T22:11:02.9656323Z ok 325 - accepts the exact active protected-main snapshot
2026-10-10T22:11:02.9688464Z   ---
2026-10-10T22:11:02.9707249Z   duration_ms: 25.4827
2026-10-10T22:11:02.9708947Z   ...
2026-10-10T22:11:02.9711386Z # Subtest: only exact publication and readiness operations require immutable releases
2026-10-10T22:11:02.9714549Z ok 326 - only exact publication and readiness operations require immutable releases
2026-10-10T22:11:02.9749622Z   ---
2026-10-10T22:11:02.9750267Z   duration_ms: 0.3855
2026-10-10T22:11:02.9750839Z   ...
2026-10-10T22:11:02.9752951Z # Subtest: release-setting snapshots retain both immutable-release semantics
2026-10-10T22:11:02.9761746Z ok 327 - release-setting snapshots retain both immutable-release semantics
2026-10-10T22:11:02.9772950Z   ---
2026-10-10T22:11:02.9773512Z   duration_ms: 0.7124
2026-10-10T22:11:02.9775140Z   ...
2026-10-10T22:11:02.9776232Z # Subtest: live release verification binds immutable releases through the observer-only current API
2026-10-10T22:11:02.9779760Z ok 328 - live release verification binds immutable releases through the observer-only current API
2026-10-10T22:11:02.9781518Z   ---
2026-10-10T22:11:02.9783958Z   duration_ms: 3.8951
2026-10-10T22:11:02.9786129Z   ...
2026-10-10T22:11:02.9792148Z # Subtest: live non-release verification preserves the original nine-response contract
2026-10-10T22:11:02.9859346Z ok 329 - live non-release verification preserves the original nine-response contract
2026-10-10T22:11:02.9860210Z   ---
2026-10-10T22:11:02.9860674Z   duration_ms: 3.1177
2026-10-10T22:11:02.9861195Z   ...
2026-10-10T22:11:02.9861999Z # Subtest: live verification requires distinct observer and workflow credentials
2026-10-10T22:11:02.9863211Z ok 330 - live verification requires distinct observer and workflow credentials
2026-10-10T22:11:02.9864044Z   ---
2026-10-10T22:11:02.9864479Z   duration_ms: 0.9528
2026-10-10T22:11:02.9865518Z   ...
2026-10-10T22:11:02.9866789Z # Subtest: live verification rejects an incomplete workflow-run page
2026-10-10T22:11:02.9868006Z ok 331 - live verification rejects an incomplete workflow-run page
2026-10-10T22:11:02.9868834Z   ---
2026-10-10T22:11:02.9869354Z   duration_ms: 0.9383
2026-10-10T22:11:02.9870348Z   ...
2026-10-10T22:11:02.9871854Z # Subtest: live verification rejects duplicate matching workflow runs
2026-10-10T22:11:02.9873084Z ok 332 - live verification rejects duplicate matching workflow runs
2026-10-10T22:11:02.9874391Z   ---
2026-10-10T22:11:02.9875276Z   duration_ms: 1.1538
2026-10-10T22:11:02.9876156Z   ...
2026-10-10T22:11:02.9876847Z # Subtest: live verification rejects a failed workflow run
2026-10-10T22:11:02.9877827Z ok 333 - live verification rejects a failed workflow run
2026-10-10T22:11:02.9878546Z   ---
2026-10-10T22:11:02.9879049Z   duration_ms: 1.2415
2026-10-10T22:11:02.9879551Z   ...
2026-10-10T22:11:02.9884867Z # Subtest: live verification rejects a workflow run without a positive integer id
2026-10-10T22:11:02.9888012Z ok 334 - live verification rejects a workflow run without a positive integer id
2026-10-10T22:11:02.9889816Z   ---
2026-10-10T22:11:02.9890370Z   duration_ms: 1.1966
2026-10-10T22:11:02.9890934Z   ...
2026-10-10T22:11:02.9891599Z # Subtest: fails closed when repository id changes
2026-10-10T22:11:02.9892509Z ok 335 - fails closed when repository id changes
2026-10-10T22:11:02.9893317Z   ---
2026-10-10T22:11:02.9893831Z   duration_ms: 0.4731
2026-10-10T22:11:02.9894387Z   ...
2026-10-10T22:11:02.9895010Z # Subtest: fails closed when strict checks changes
2026-10-10T22:11:02.9895858Z ok 336 - fails closed when strict checks changes
2026-10-10T22:11:02.9896530Z   ---
2026-10-10T22:11:02.9897020Z   duration_ms: 0.3823
2026-10-10T22:11:02.9897541Z   ...
2026-10-10T22:11:02.9898204Z # Subtest: fails closed when any-source check changes
2026-10-10T22:11:02.9899124Z ok 337 - fails closed when any-source check changes
2026-10-10T22:11:02.9899818Z   ---
2026-10-10T22:11:02.9900270Z   duration_ms: 0.5167
2026-10-10T22:11:02.9900747Z   ...
2026-10-10T22:11:02.9901375Z # Subtest: fails closed when source app changes
2026-10-10T22:11:02.9902241Z ok 338 - fails closed when source app changes
2026-10-10T22:11:02.9902894Z   ---
2026-10-10T22:11:02.9903833Z   duration_ms: 0.4728
2026-10-10T22:11:02.9904394Z   ...
2026-10-10T22:11:02.9905599Z # Subtest: fails closed when stale review dismissal changes
2026-10-10T22:11:02.9906994Z ok 339 - fails closed when stale review dismissal changes
2026-10-10T22:11:02.9913738Z   ---
2026-10-10T22:11:02.9914686Z   duration_ms: 0.5664
2026-10-10T22:11:02.9916879Z   ...
2026-10-10T22:11:02.9917847Z # Subtest: fails closed when required approving reviews changes
2026-10-10T22:11:02.9918870Z ok 340 - fails closed when required approving reviews changes
2026-10-10T22:11:02.9919628Z   ---
2026-10-10T22:11:02.9920110Z   duration_ms: 0.4356
2026-10-10T22:11:02.9920633Z   ...
2026-10-10T22:11:02.9921320Z # Subtest: fails closed when latest push approval changes
2026-10-10T22:11:02.9922271Z ok 341 - fails closed when latest push approval changes
2026-10-10T22:11:02.9923020Z   ---
2026-10-10T22:11:02.9923582Z   duration_ms: 0.7191
2026-10-10T22:11:02.9924134Z   ...
2026-10-10T22:11:02.9925531Z # Subtest: fails closed when conversation resolution changes
2026-10-10T22:11:02.9926943Z ok 342 - fails closed when conversation resolution changes
2026-10-10T22:11:02.9927744Z   ---
2026-10-10T22:11:02.9928257Z   duration_ms: 0.4718
2026-10-10T22:11:02.9929239Z   ...
2026-10-10T22:11:02.9930269Z # Subtest: fails closed when admin enforcement changes
2026-10-10T22:11:02.9931580Z ok 343 - fails closed when admin enforcement changes
2026-10-10T22:11:02.9932204Z   ---
2026-10-10T22:11:02.9932629Z   duration_ms: 0.5324
2026-10-10T22:11:02.9933088Z   ...
2026-10-10T22:11:02.9940779Z # Subtest: fails closed when force pushes changes
2026-10-10T22:11:02.9941749Z ok 344 - fails closed when force pushes changes
2026-10-10T22:11:02.9942437Z   ---
2026-10-10T22:11:02.9942911Z   duration_ms: 0.4247
2026-10-10T22:11:02.9943468Z   ...
2026-10-10T22:11:02.9944140Z # Subtest: fails closed when branch deletion changes
2026-10-10T22:11:02.9945299Z ok 345 - fails closed when branch deletion changes
2026-10-10T22:11:02.9946032Z   ---
2026-10-10T22:11:02.9946657Z   duration_ms: 0.4291
2026-10-10T22:11:02.9947547Z   ...
2026-10-10T22:11:02.9948307Z # Subtest: fails closed when bypass actor changes
2026-10-10T22:11:02.9949193Z ok 346 - fails closed when bypass actor changes
2026-10-10T22:11:02.9949850Z   ---
2026-10-10T22:11:02.9950320Z   duration_ms: 0.3953
2026-10-10T22:11:02.9951269Z   ...
2026-10-10T22:11:02.9951891Z # Subtest: fails closed when failed check changes
2026-10-10T22:11:02.9952977Z ok 347 - fails closed when failed check changes
2026-10-10T22:11:02.9953687Z   ---
2026-10-10T22:11:02.9954144Z   duration_ms: 0.4016
2026-10-10T22:11:02.9955483Z   ...
2026-10-10T22:11:02.9957869Z # Subtest: fails closed when missing check run changes
2026-10-10T22:11:02.9959768Z ok 348 - fails closed when missing check run changes
2026-10-10T22:11:02.9960513Z   ---
2026-10-10T22:11:02.9960830Z   duration_ms: 0.5256
2026-10-10T22:11:02.9961131Z   ...
2026-10-10T22:11:02.9961613Z # Subtest: fails closed when duplicate check run changes
2026-10-10T22:11:02.9962241Z ok 349 - fails closed when duplicate check run changes
2026-10-10T22:11:02.9962654Z   ---
2026-10-10T22:11:02.9962897Z   duration_ms: 0.5199
2026-10-10T22:11:02.9963166Z   ...
2026-10-10T22:11:02.9963580Z # Subtest: fails closed when duplicate workflow job changes
2026-10-10T22:11:02.9964230Z ok 350 - fails closed when duplicate workflow job changes
2026-10-10T22:11:02.9964684Z   ---
2026-10-10T22:11:02.9964932Z   duration_ms: 0.7808
2026-10-10T22:11:02.9965227Z   ...
2026-10-10T22:11:02.9965676Z # Subtest: fails closed when stale check-run SHA changes
2026-10-10T22:11:02.9966629Z ok 351 - fails closed when stale check-run SHA changes
2026-10-10T22:11:02.9967058Z   ---
2026-10-10T22:11:02.9967313Z   duration_ms: 0.4035
2026-10-10T22:11:02.9967598Z   ...
2026-10-10T22:11:02.9968096Z # Subtest: fails closed when stale workflow-job SHA changes
2026-10-10T22:11:02.9968732Z ok 352 - fails closed when stale workflow-job SHA changes
2026-10-10T22:11:02.9969182Z   ---
2026-10-10T22:11:02.9969427Z   duration_ms: 0.5795
2026-10-10T22:11:02.9969713Z   ...
2026-10-10T22:11:02.9970102Z # Subtest: fails closed when check-run app id changes
2026-10-10T22:11:02.9970680Z ok 353 - fails closed when check-run app id changes
2026-10-10T22:11:02.9971099Z   ---
2026-10-10T22:11:02.9971352Z   duration_ms: 0.3932
2026-10-10T22:11:02.9971928Z   ...
2026-10-10T22:11:02.9972322Z # Subtest: fails closed when check-run app slug changes
2026-10-10T22:11:02.9972938Z ok 354 - fails closed when check-run app slug changes
2026-10-10T22:11:02.9973389Z   ---
2026-10-10T22:11:02.9973661Z   duration_ms: 0.4048
2026-10-10T22:11:02.9973956Z   ...
2026-10-10T22:11:02.9974460Z # Subtest: fails closed when workflow-job/check-run binding changes
2026-10-10T22:11:02.9975234Z ok 355 - fails closed when workflow-job/check-run binding changes
2026-10-10T22:11:02.9975740Z   ---
2026-10-10T22:11:02.9976007Z   duration_ms: 0.3684
2026-10-10T22:11:02.9976303Z   ...
2026-10-10T22:11:02.9976789Z # Subtest: fails closed when partial check-run response changes
2026-10-10T22:11:02.9977532Z ok 356 - fails closed when partial check-run response changes
2026-10-10T22:11:02.9978015Z   ---
2026-10-10T22:11:02.9978269Z   duration_ms: 1.5182
2026-10-10T22:11:02.9978561Z   ...
2026-10-10T22:11:02.9979090Z # Subtest: fails closed when checked required-check app identity changes
2026-10-10T22:11:02.9979947Z ok 357 - fails closed when checked required-check app identity changes
2026-10-10T22:11:02.9980479Z   ---
2026-10-10T22:11:02.9980750Z   duration_ms: 0.443
2026-10-10T22:11:02.9981033Z   ...
2026-10-10T22:11:02.9981416Z # Subtest: fails closed when SHA pinning changes
2026-10-10T22:11:02.9981987Z ok 358 - fails closed when SHA pinning changes
2026-10-10T22:11:02.9982423Z   ---
2026-10-10T22:11:02.9982717Z   duration_ms: 0.4119
2026-10-10T22:11:02.9983024Z   ...
2026-10-10T22:11:02.9983355Z # Subtest: fails closed when epoch changes
2026-10-10T22:11:02.9983834Z ok 359 - fails closed when epoch changes
2026-10-10T22:11:02.9984241Z   ---
2026-10-10T22:11:02.9985093Z   duration_ms: 0.3173
2026-10-10T22:11:02.9985449Z   ...
2026-10-10T22:11:02.9986281Z # Subtest: fails closed when disabled release immutability changes
2026-10-10T22:11:02.9987162Z ok 360 - fails closed when disabled release immutability changes
2026-10-10T22:11:02.9987699Z   ---
2026-10-10T22:11:02.9987997Z   duration_ms: 0.334
2026-10-10T22:11:02.9988326Z   ...
2026-10-10T22:11:02.9988929Z # Subtest: fails closed when missing release immutability state changes
2026-10-10T22:11:02.9989834Z ok 361 - fails closed when missing release immutability state changes
2026-10-10T22:11:02.9990444Z   ---
2026-10-10T22:11:02.9990773Z   duration_ms: 0.3522
2026-10-10T22:11:02.9991089Z   ...
2026-10-10T22:11:02.9991756Z # Subtest: fails closed when malformed release immutability owner enforcement changes
2026-10-10T22:11:02.9992919Z ok 362 - fails closed when malformed release immutability owner enforcement changes
2026-10-10T22:11:02.9993620Z   ---
2026-10-10T22:11:02.9993917Z   duration_ms: 0.2614
2026-10-10T22:11:02.9994271Z   ...
2026-10-10T22:11:02.9994995Z # Subtest: fails closed when immutable-release state on a non-release operation changes
2026-10-10T22:11:02.9996170Z ok 363 - fails closed when immutable-release state on a non-release operation changes
2026-10-10T22:11:02.9996912Z   ---
2026-10-10T22:11:02.9997233Z   duration_ms: 0.2931
2026-10-10T22:11:02.9997569Z   ...
2026-10-10T22:11:02.9998028Z # Subtest: fails closed when runner at rest changes
2026-10-10T22:11:02.9998708Z ok 364 - fails closed when runner at rest changes
2026-10-10T22:11:02.9999196Z   ---
2026-10-10T22:11:02.9999505Z   duration_ms: 1.4683
2026-10-10T22:11:02.9999848Z   ...
2026-10-10T22:11:03.0000587Z # Subtest: records an unavailable live SHA-pinning setting without relaxing static pins
2026-10-10T22:11:03.0001761Z ok 365 - records an unavailable live SHA-pinning setting without relaxing static pins
2026-10-10T22:11:03.0002504Z   ---
2026-10-10T22:11:03.0002826Z   duration_ms: 1.72
2026-10-10T22:11:03.0003165Z   ...
2026-10-10T22:11:03.0003811Z # Subtest: live verification rejects a missing immutable-releases response
2026-10-10T22:11:03.0004841Z ok 366 - live verification rejects a missing immutable-releases response
2026-10-10T22:11:03.0005506Z   ---
2026-10-10T22:11:03.0006535Z   duration_ms: 0.8511
2026-10-10T22:11:03.0006906Z   ...
2026-10-10T22:11:03.0128492Z # Subtest: locks immutable files, modes, symlinks, and narrow transient paths
2026-10-10T22:11:03.0130125Z ok 367 - locks immutable files, modes, symlinks, and narrow transient paths
2026-10-10T22:11:03.0131097Z   ---
2026-10-10T22:11:03.0131580Z   duration_ms: 65.6247
2026-10-10T22:11:03.0132071Z   ...
2026-10-10T22:11:03.0132779Z # Subtest: rejects a transient root changed to a symlink without walking it
2026-10-10T22:11:03.0133794Z ok 368 - rejects a transient root changed to a symlink without walking it
2026-10-10T22:11:03.0134551Z   ---
2026-10-10T22:11:03.0134999Z   duration_ms: 6.0614
2026-10-10T22:11:03.0135463Z   ...
2026-10-10T22:11:03.0136678Z # Subtest: detects modified immutable distribution content and mode
2026-10-10T22:11:03.0137813Z ok 369 - detects modified immutable distribution content and mode
2026-10-10T22:11:03.0138658Z   ---
2026-10-10T22:11:03.0139180Z   duration_ms: 4.1694
2026-10-10T22:11:03.0139771Z   ...
2026-10-10T22:11:03.0140738Z # Subtest: binds browser policy to manifest, archive, and transient digests
2026-10-10T22:11:03.0141899Z ok 370 - binds browser policy to manifest, archive, and transient digests
2026-10-10T22:11:03.0142746Z   ---
2026-10-10T22:11:03.0143274Z   duration_ms: 1.5583
2026-10-10T22:11:03.0143820Z   ...
2026-10-10T22:11:03.0387327Z # Subtest: SAF-02 validator accepts only complete bound proof
2026-10-10T22:11:03.0389964Z ok 371 - SAF-02 validator accepts only complete bound proof
2026-10-10T22:11:03.0390598Z   ---
2026-10-10T22:11:03.0390926Z   duration_ms: 10.2433
2026-10-10T22:11:03.0391291Z   ...
2026-10-10T22:11:03.0402262Z # Subtest: SAF-02 validator rejects independently unsafe or mismatched launch evidence and swapped route ids
2026-10-10T22:11:03.0406244Z ok 372 - SAF-02 validator rejects independently unsafe or mismatched launch evidence and swapped route ids
2026-10-10T22:11:03.0407319Z   ---
2026-10-10T22:11:03.0407756Z   duration_ms: 2.2593
2026-10-10T22:11:03.0408174Z   ...
2026-10-10T22:11:03.0414007Z # Subtest: SAF-02 quantitative comparison retains both luma ranges and RGB threshold
2026-10-10T22:11:03.0418293Z ok 373 - SAF-02 quantitative comparison retains both luma ranges and RGB threshold
2026-10-10T22:11:03.0420797Z   ---
2026-10-10T22:11:03.0421299Z   duration_ms: 1.3472
2026-10-10T22:11:03.0421812Z   ...
2026-10-10T22:11:03.0447112Z # Subtest: SAF-02 whole-page deadline rejects unresolved work
2026-10-10T22:11:03.0449010Z ok 374 - SAF-02 whole-page deadline rejects unresolved work
2026-10-10T22:11:03.0449813Z   ---
2026-10-10T22:11:03.0450286Z   duration_ms: 10.9335
2026-10-10T22:11:03.0450796Z   ...
2026-10-10T22:11:03.1399117Z # Subtest: Safari acceptance drives bounded W3C input and thirty true BFCache returns
2026-10-10T22:11:03.1401559Z ok 375 - Safari acceptance drives bounded W3C input and thirty true BFCache returns
2026-10-10T22:11:03.1406959Z   ---
2026-10-10T22:11:03.1407680Z   duration_ms: 16.8345
2026-10-10T22:11:03.1409735Z   ...
2026-10-10T22:11:03.1412311Z # Subtest: Safari BFCache acceptance rejects a restored viewer whose controls do not respond
2026-10-10T22:11:03.1417798Z ok 376 - Safari BFCache acceptance rejects a restored viewer whose controls do not respond
2026-10-10T22:11:03.1418896Z   ---
2026-10-10T22:11:03.1419440Z   duration_ms: 8.4233
2026-10-10T22:11:03.1420077Z   ...
2026-10-10T22:11:03.1421249Z # Subtest: Safari acceptance rejects a complete second input-controller listener set added after initialization
2026-10-10T22:11:03.1422864Z ok 377 - Safari acceptance rejects a complete second input-controller listener set added after initialization
2026-10-10T22:11:03.1423928Z   ---
2026-10-10T22:11:03.1424388Z   duration_ms: 5.3846
2026-10-10T22:11:03.1424921Z   ...
2026-10-10T22:11:03.2246288Z # Subtest: SAF-03 production caller projects run/job bindings to the closed STP identity
2026-10-10T22:11:03.2254645Z ok 378 - SAF-03 production caller projects run/job bindings to the closed STP identity
2026-10-10T22:11:03.2275862Z   ---
2026-10-10T22:11:03.2276434Z   duration_ms: 11.6271
2026-10-10T22:11:03.2277233Z   ...
2026-10-10T22:11:03.2279290Z # Subtest: manual Safari trackpad retains the neutral WebDriver path
2026-10-10T22:11:03.2282811Z ok 379 - manual Safari trackpad retains the neutral WebDriver path
2026-10-10T22:11:03.2283667Z   ---
2026-10-10T22:11:03.2284222Z   duration_ms: 0.4211
2026-10-10T22:11:03.2284805Z   ...
2026-10-10T22:11:03.2290930Z # Subtest: automated Selenium Safari admits near-bound composed work and rejects overrun
2026-10-10T22:11:03.2294184Z ok 380 - automated Selenium Safari admits near-bound composed work and rejects overrun
2026-10-10T22:11:03.2296303Z   ---
2026-10-10T22:11:03.2296762Z   duration_ms: 32.6248
2026-10-10T22:11:03.2298330Z   ...
2026-10-10T22:11:03.2303267Z # Subtest: post-open launch observation failure closes and records SafariDriver cleanup
2026-10-10T22:11:03.2304419Z ok 381 - post-open launch observation failure closes and records SafariDriver cleanup
2026-10-10T22:11:03.2305229Z   ---
2026-10-10T22:11:03.2305544Z   duration_ms: 4.1044
2026-10-10T22:11:03.2305894Z   ...
2026-10-10T22:11:03.2306666Z # Subtest: clean STP launch failure is warning-only while cleanup uncertainty is hard
2026-10-10T22:11:03.2307952Z ok 382 - clean STP launch failure is warning-only while cleanup uncertainty is hard
2026-10-10T22:11:03.2308975Z   ---
2026-10-10T22:11:03.2309479Z   duration_ms: 7.2958
2026-10-10T22:11:03.2310003Z   ...
2026-10-10T22:11:03.2310812Z # Subtest: STP rendered probe errors remain a cleaned product warning
2026-10-10T22:11:03.2313323Z ok 383 - STP rendered probe errors remain a cleaned product warning
2026-10-10T22:11:03.2314198Z   ---
2026-10-10T22:11:03.2315416Z   duration_ms: 4.4881
2026-10-10T22:11:03.2316078Z   ...
2026-10-10T22:11:03.2571449Z # Subtest: manual submission exposes only closed scalar record selectors
2026-10-10T22:11:03.2572981Z ok 384 - manual submission exposes only closed scalar record selectors
2026-10-10T22:11:03.2574143Z   ---
2026-10-10T22:11:03.2575209Z   duration_ms: 2.8941
2026-10-10T22:11:03.2575941Z   ...
2026-10-10T22:11:03.2577079Z # Subtest: observer secret is isolated from independently approved submission
2026-10-10T22:11:03.2578497Z ok 385 - observer secret is isolated from independently approved submission
2026-10-10T22:11:03.2579398Z   ---
2026-10-10T22:11:03.2579909Z   duration_ms: 1.4298
2026-10-10T22:11:03.2580480Z   ...
2026-10-10T22:11:03.2581582Z # Subtest: submission resolves numeric assets, controller session, actors, approvals, and attested bundle
2026-10-10T22:11:03.2583311Z ok 386 - submission resolves numeric assets, controller session, actors, approvals, and attested bundle
2026-10-10T22:11:03.2584440Z   ---
2026-10-10T22:11:03.2585000Z   duration_ms: 0.7709
2026-10-10T22:11:03.2585596Z   ...
2026-10-10T22:11:03.2608975Z # Subtest: submission writer revalidates the exact unexpired observation immediately before attestation
2026-10-10T22:11:03.2620443Z ok 387 - submission writer revalidates the exact unexpired observation immediately before attestation
2026-10-10T22:11:03.2632136Z   ---
2026-10-10T22:11:03.2633444Z   duration_ms: 0.4798
2026-10-10T22:11:03.2633857Z   ...
2026-10-10T22:11:03.2813097Z # Subtest: emits only the allowlisted trackpad inventory fields
2026-10-10T22:11:03.2814703Z ok 388 - emits only the allowlisted trackpad inventory fields
2026-10-10T22:11:03.2815503Z   ---
2026-10-10T22:11:03.2817294Z   duration_ms: 6.7085
2026-10-10T22:11:03.2817935Z   ...
2026-10-10T22:11:03.2822772Z # Subtest: fails when the charging topology includes a hub
2026-10-10T22:11:03.2830574Z ok 389 - fails when the charging topology includes a hub
2026-10-10T22:11:03.2846711Z   ---
2026-10-10T22:11:03.2851451Z   duration_ms: 1.1559
2026-10-10T22:11:03.2852197Z   ...
2026-10-10T22:11:03.2854366Z # Subtest: fails unless both USB and Bluetooth captures contain the fixed asset
2026-10-10T22:11:03.2860336Z ok 390 - fails unless both USB and Bluetooth captures contain the fixed asset
2026-10-10T22:11:03.2881643Z   ---
2026-10-10T22:11:03.2910475Z   duration_ms: 0.2759
2026-10-10T22:11:03.2912524Z   ...
2026-10-10T22:11:03.2914353Z # Subtest: fails closed on duplicate USB or Bluetooth trackpad records
2026-10-10T22:11:03.2919172Z ok 391 - fails closed on duplicate USB or Bluetooth trackpad records
2026-10-10T22:11:03.2942834Z   ---
2026-10-10T22:11:03.2993858Z   duration_ms: 0.7802
2026-10-10T22:11:03.3017228Z   ...
2026-10-10T22:11:03.3070888Z # Subtest: does not double-count the same profile node reached twice
2026-10-10T22:11:03.3088042Z ok 392 - does not double-count the same profile node reached twice
2026-10-10T22:11:03.3110206Z   ---
2026-10-10T22:11:03.3117551Z   duration_ms: 0.5078
2026-10-10T22:11:03.3119458Z   ...
2026-10-10T22:11:03.3120440Z # Subtest: rejects out-of-range and non-integer battery evidence
2026-10-10T22:11:03.3122355Z ok 393 - rejects out-of-range and non-integer battery evidence
2026-10-10T22:11:03.3124802Z   ---
2026-10-10T22:11:03.3145435Z   duration_ms: 0.5912
2026-10-10T22:11:03.3150444Z   ...
2026-10-10T22:11:03.3162675Z # Subtest: rejects a different Magic Trackpad model
2026-10-10T22:11:03.3164479Z ok 394 - rejects a different Magic Trackpad model
2026-10-10T22:11:03.3257548Z   ---
2026-10-10T22:11:03.3316792Z   duration_ms: 0.2825
2026-10-10T22:11:03.3342428Z   ...
2026-10-10T22:11:04.2255093Z # Subtest: accepts only the exact read-only observer permissions and repository
2026-10-10T22:11:04.2367889Z ok 395 - accepts only the exact read-only observer permissions and repository
2026-10-10T22:11:04.2373116Z   ---
2026-10-10T22:11:04.2463172Z   duration_ms: 50.7274
2026-10-10T22:11:04.2472451Z   ...
2026-10-10T22:11:04.2474144Z # Subtest: rejects an observer App with write or excess permissions
2026-10-10T22:11:04.2479058Z ok 396 - rejects an observer App with write or excess permissions
2026-10-10T22:11:04.2511386Z   ---
2026-10-10T22:11:04.2577298Z   duration_ms: 8.848
2026-10-10T22:11:04.2652811Z   ...
2026-10-10T22:11:04.3037018Z # Subtest: rejects an observer installation with another repository
2026-10-10T22:11:04.3041283Z ok 397 - rejects an observer installation with another repository
2026-10-10T22:11:04.3120068Z   ---
2026-10-10T22:11:04.3131846Z   duration_ms: 4.7536
2026-10-10T22:11:04.3134117Z   ...
2026-10-10T22:11:04.3138940Z # Subtest: every observer workflow separates App administration/actions reads from job-token check runs
2026-10-10T22:11:04.3149897Z ok 398 - every observer workflow separates App administration/actions reads from job-token check runs
2026-10-10T22:11:04.3155394Z   ---
2026-10-10T22:11:04.3159033Z   duration_ms: 24.2398
2026-10-10T22:11:04.3206699Z   ...
2026-10-10T22:11:04.3275304Z # Subtest: manual-submission draft lookup uses only the workflow job token
2026-10-10T22:11:04.3294829Z ok 399 - manual-submission draft lookup uses only the workflow job token
2026-10-10T22:11:04.3299016Z   ---
2026-10-10T22:11:04.3347642Z   duration_ms: 0.5179
2026-10-10T22:11:04.3368392Z   ...
2026-10-10T22:11:04.3370864Z # Subtest: browser BFCache helper accepts one controlled persisted restore and rejects unsafe transitions
2026-10-10T22:11:04.3373217Z ok 400 - browser BFCache helper accepts one controlled persisted restore and rejects unsafe transitions
2026-10-10T22:11:04.3381271Z   ---
2026-10-10T22:11:04.3382113Z   duration_ms: 14.8349
2026-10-10T22:11:04.3382955Z   ...
2026-10-10T22:11:04.3601035Z # Subtest: w16-reference-discrete uses the existing exact-host promotion and headed Chrome runtime
2026-10-10T22:11:04.3884783Z ok 401 - w16-reference-discrete uses the existing exact-host promotion and headed Chrome runtime
2026-10-10T22:11:04.4094409Z   ---
2026-10-10T22:11:04.4097686Z   duration_ms: 4.9242
2026-10-10T22:11:04.4101690Z   ...
2026-10-10T22:11:04.4262602Z # Subtest: w16-reference-integrated uses the existing exact-host promotion and headed Chrome runtime
2026-10-10T22:11:04.4420770Z ok 402 - w16-reference-integrated uses the existing exact-host promotion and headed Chrome runtime
2026-10-10T22:11:04.4458028Z   ---
2026-10-10T22:11:04.4582047Z   duration_ms: 0.5923
2026-10-10T22:11:04.4659633Z   ...
2026-10-10T22:11:04.4682418Z # Subtest: W16 matrix remains pending and rejects reassignment to a different host
2026-10-10T22:11:04.4732702Z ok 403 - W16 matrix remains pending and rejects reassignment to a different host
2026-10-10T22:11:04.4746160Z   ---
2026-10-10T22:11:04.4849557Z   duration_ms: 2.9856
2026-10-10T22:11:04.4915560Z   ...
2026-10-10T22:11:04.4963312Z # Subtest: W16 failing, short, missing and wrong-package results cannot become passes
2026-10-10T22:11:04.4965312Z ok 404 - W16 failing, short, missing and wrong-package results cannot become passes
2026-10-10T22:11:04.4966262Z   ---
2026-10-10T22:11:04.4975186Z   duration_ms: 25.2744
2026-10-10T22:11:04.4977674Z   ...
2026-10-10T22:11:04.4995546Z # Subtest: the existing nonce-bound fixture server serves W16 modules and exact byte ranges
2026-10-10T22:11:04.4998506Z ok 405 - the existing nonce-bound fixture server serves W16 modules and exact byte ranges
2026-10-10T22:11:04.5022791Z   ---
2026-10-10T22:11:04.5025745Z   duration_ms: 7.0633
2026-10-10T22:11:04.5296817Z   ...
2026-10-10T22:11:04.5492554Z # Subtest: W16 Windows qualification requires the pinned Iris Xe driver and OS build
2026-10-10T22:11:04.5605154Z ok 406 - W16 Windows qualification requires the pinned Iris Xe driver and OS build
2026-10-10T22:11:04.5613167Z   ---
2026-10-10T22:11:04.5720540Z   duration_ms: 4.0475
2026-10-10T22:11:04.5745024Z   ...
2026-10-10T22:11:04.5778630Z # Subtest: W16 dry runtime and artifact finalization retain proof and reject a failing p95
2026-10-10T22:11:04.6095804Z ok 407 - W16 dry runtime and artifact finalization retain proof and reject a failing p95
2026-10-10T22:11:04.6175172Z   ---
2026-10-10T22:11:04.6247278Z   duration_ms: 39.4246
2026-10-10T22:11:04.6480306Z   ...
2026-10-10T22:11:04.6580818Z # Subtest: W16 host capture measures actual gaps and rejects forged, incomplete or stale captures
2026-10-10T22:11:04.6586815Z ok 408 - W16 host capture measures actual gaps and rejects forged, incomplete or stale captures
2026-10-10T22:11:04.6603339Z   ---
2026-10-10T22:11:04.6610944Z   duration_ms: 59.3224
2026-10-10T22:11:04.6635607Z   ...
2026-10-10T22:11:04.6639839Z # Subtest: W16 NVIDIA samples include graphics processes and fallback never fabricates unsupported metrics
2026-10-10T22:11:04.6712997Z ok 409 - W16 NVIDIA samples include graphics processes and fallback never fabricates unsupported metrics
2026-10-10T22:11:04.6825061Z   ---
2026-10-10T22:11:04.6851478Z   duration_ms: 2.8105
2026-10-10T22:11:04.6977879Z   ...
2026-10-10T22:11:04.7034528Z # Subtest: W16 sampling spans the workload and retains host evidence when the workload throws
2026-10-10T22:11:04.7083705Z ok 410 - W16 sampling spans the workload and retains host evidence when the workload throws
2026-10-10T22:11:04.7132821Z   ---
2026-10-10T22:11:04.7135314Z   duration_ms: 35.185
2026-10-10T22:11:04.7136372Z   ...
2026-10-10T22:11:06.7389757Z # Subtest: supported publication is manual-only and requires target, readiness, and SemVer tag
2026-10-10T22:11:06.7562055Z ok 411 - supported publication is manual-only and requires target, readiness, and SemVer tag
2026-10-10T22:11:06.7563336Z   ---
2026-10-10T22:11:06.7565152Z   duration_ms: 2.92
2026-10-10T22:11:06.7589975Z   ...
2026-10-10T22:11:06.7607580Z # Subtest: release readiness selector rejects surrounding or embedded whitespace
2026-10-10T22:11:06.7630934Z ok 412 - release readiness selector rejects surrounding or embedded whitespace
2026-10-10T22:11:06.7637982Z   ---
2026-10-10T22:11:06.7645361Z   duration_ms: 808.8871
2026-10-10T22:11:06.7676897Z   ...
2026-10-10T22:11:06.7677965Z # Subtest: publisher revalidates the complete observation and exact release environment approvals
2026-10-10T22:11:06.7679389Z ok 413 - publisher revalidates the complete observation and exact release environment approvals
2026-10-10T22:11:06.7681668Z   ---
2026-10-10T22:11:06.7682125Z   duration_ms: 0.5703
2026-10-10T22:11:06.7682627Z   ...
2026-10-10T22:11:06.7683866Z # Subtest: observer secret is isolated from read-only preflight and protected publisher
2026-10-10T22:11:06.7686380Z ok 414 - observer secret is isolated from read-only preflight and protected publisher
2026-10-10T22:11:06.7687562Z   ---
2026-10-10T22:11:06.7688100Z   duration_ms: 0.4824
2026-10-10T22:11:06.7688610Z   ...
2026-10-10T22:11:06.7689873Z # Subtest: immutable-release administration stays in the attested observer boundary
2026-10-10T22:11:06.7691261Z ok 415 - immutable-release administration stays in the attested observer boundary
2026-10-10T22:11:06.7692116Z   ---
2026-10-10T22:11:06.7692560Z   duration_ms: 0.459
2026-10-10T22:11:06.7693002Z   ...
2026-10-10T22:11:06.7693945Z # Subtest: publisher has no checkout and performs approval, draft-first, byte, CLI, and intake gates
2026-10-10T22:11:06.7695526Z ok 416 - publisher has no checkout and performs approval, draft-first, byte, CLI, and intake gates
2026-10-10T22:11:06.7696583Z   ---
2026-10-10T22:11:06.7697091Z   duration_ms: 0.4535
2026-10-10T22:11:06.7697626Z   ...
2026-10-10T22:11:06.7706661Z # Subtest: publisher rechecks both handoff expiries around the final absence race
2026-10-10T22:11:06.7727267Z ok 417 - publisher rechecks both handoff expiries around the final absence race
2026-10-10T22:11:06.7728894Z   ---
2026-10-10T22:11:06.7732421Z   duration_ms: 0.5951
2026-10-10T22:11:06.7767878Z   ...
2026-10-10T22:11:06.7807786Z # Subtest: separate least-privilege job verifies and attests the exact postpublication record
2026-10-10T22:11:06.7820139Z ok 418 - separate least-privilege job verifies and attests the exact postpublication record
2026-10-10T22:11:06.7821052Z   ---
2026-10-10T22:11:06.7821863Z   duration_ms: 2.9108
2026-10-10T22:11:06.7835924Z   ...
2026-10-10T22:11:06.7874196Z # Subtest: every no-checkout gh release command carries exact repository context
2026-10-10T22:11:06.7876249Z ok 419 - every no-checkout gh release command carries exact repository context
2026-10-10T22:11:06.7878860Z   ---
2026-10-10T22:11:06.7889413Z   duration_ms: 2.6784
2026-10-10T22:11:06.7893002Z   ...
2026-10-10T22:11:06.7906415Z # Subtest: preflight, publisher race, and deletion prove absence only through the exact-404 helper
2026-10-10T22:11:06.7939813Z ok 420 - preflight, publisher race, and deletion prove absence only through the exact-404 helper
2026-10-10T22:11:06.7940644Z   ---
2026-10-10T22:11:06.7942098Z   duration_ms: 0.7709
2026-10-10T22:11:06.7943136Z   ...
2026-10-10T22:11:06.7945737Z # Subtest: package manifest provenance is joined to the resolved API run before release assembly
2026-10-10T22:11:06.7947889Z ok 421 - package manifest provenance is joined to the resolved API run before release assembly
2026-10-10T22:11:06.7949044Z   ---
2026-10-10T22:11:06.7950740Z   duration_ms: 0.4272
2026-10-10T22:11:06.7951770Z   ...
2026-10-10T22:11:06.7953308Z # Subtest: manual media is fetched by numeric ID twice and rebound to exact intake metadata
2026-10-10T22:11:06.7955009Z ok 422 - manual media is fetched by numeric ID twice and rebound to exact intake metadata
2026-10-10T22:11:06.7955834Z   ---
2026-10-10T22:11:06.7956269Z   duration_ms: 0.6565
2026-10-10T22:11:06.7956782Z   ...
2026-10-10T22:11:06.7957653Z # Subtest: candidate is schema-backed and contains no impossible post-publication claims
2026-10-10T22:11:06.7958962Z ok 423 - candidate is schema-backed and contains no impossible post-publication claims
2026-10-10T22:11:06.7959882Z   ---
2026-10-10T22:11:06.7960354Z   duration_ms: 0.404
2026-10-10T22:11:06.7960866Z   ...
2026-10-10T22:11:06.7961846Z # Subtest: Chromium support publication closes unique records before candidate and binds exact release bodies
2026-10-10T22:11:06.7963707Z ok 424 - Chromium support publication closes unique records before candidate and binds exact release bodies
2026-10-10T22:11:06.7964715Z   ---
2026-10-10T22:11:06.7966085Z   duration_ms: 1.2111
2026-10-10T22:11:06.7966560Z   ...
2026-10-10T22:11:06.7967666Z # Subtest: publication proof is post-publish, closed, schema-validated, and retained without asset mutation
2026-10-10T22:11:06.7969249Z ok 425 - publication proof is post-publish, closed, schema-validated, and retained without asset mutation
2026-10-10T22:11:06.7970236Z   ---
2026-10-10T22:11:06.7970666Z   duration_ms: 0.6842
2026-10-10T22:11:06.7971133Z   ...
2026-10-10T22:11:06.7971923Z # Subtest: every protected web publisher inline module is syntactically valid
2026-10-10T22:11:06.7973064Z ok 426 - every protected web publisher inline module is syntactically valid
2026-10-10T22:11:06.7973843Z   ---
2026-10-10T22:11:06.7974280Z   duration_ms: 1818.179
2026-10-10T22:11:06.7974762Z   ...
2026-10-10T22:11:06.7975560Z # Subtest: intake deletion derives only from the checked manual-media source plan
2026-10-10T22:11:06.7976747Z ok 427 - intake deletion derives only from the checked manual-media source plan
2026-10-10T22:11:06.7977585Z   ---
2026-10-10T22:11:06.7978054Z   duration_ms: 0.3844
2026-10-10T22:11:06.7978531Z   ...
2026-10-10T22:11:06.7983085Z # Subtest: web workflow exposes exactly the two immutable required checks
2026-10-10T22:11:06.7985370Z ok 428 - web workflow exposes exactly the two immutable required checks
2026-10-10T22:11:06.7987391Z   ---
2026-10-10T22:11:06.7988133Z   duration_ms: 20.8116
2026-10-10T22:11:06.7996119Z   ...
2026-10-10T22:11:06.7999000Z # Subtest: web workflow pins the package job to Windows and source-browser preflight to macOS 15
2026-10-10T22:11:06.8000699Z ok 429 - web workflow pins the package job to Windows and source-browser preflight to macOS 15
2026-10-10T22:11:06.8030688Z   ---
2026-10-10T22:11:06.8033191Z   duration_ms: 1.855
2026-10-10T22:11:06.8034057Z   ...
2026-10-10T22:11:06.8035586Z # Subtest: web workflow keeps privileged triggers and self-hosted routing out
2026-10-10T22:11:06.8043078Z ok 430 - web workflow keeps privileged triggers and self-hosted routing out
2026-10-10T22:11:06.8045438Z   ---
2026-10-10T22:11:06.8046114Z   duration_ms: 0.4945
2026-10-10T22:11:06.8047740Z   ...
2026-10-10T22:11:06.8056453Z # Subtest: hosted source-browser workflow keeps Chromium and Firefox engine preflights explicit
2026-10-10T22:11:06.8057997Z ok 431 - hosted source-browser workflow keeps Chromium and Firefox engine preflights explicit
2026-10-10T22:11:06.8058953Z   ---
2026-10-10T22:11:06.8059429Z   duration_ms: 2.4219
2026-10-10T22:11:06.8059918Z   ...
2026-10-10T22:11:06.8060847Z # Subtest: hosted source-browser workflow rejects generic invocation and flagged Chrome wording
2026-10-10T22:11:06.8062305Z ok 432 - hosted source-browser workflow rejects generic invocation and flagged Chrome wording
2026-10-10T22:11:06.8063644Z   ---
2026-10-10T22:11:06.8064089Z   duration_ms: 26.2165
2026-10-10T22:11:06.8064611Z   ...
2026-10-10T22:11:06.8065513Z # Subtest: macOS source-browser diagnostics reject stale PowerShell environment syntax
2026-10-10T22:11:06.8066857Z ok 433 - macOS source-browser diagnostics reject stale PowerShell environment syntax
2026-10-10T22:11:06.8067731Z   ---
2026-10-10T22:11:06.8068177Z   duration_ms: 1.4916
2026-10-10T22:11:06.8068644Z   ...
2026-10-10T22:11:06.8069645Z # Subtest: hosted Firefox preflight rejects generic commands, preference overrides, and merged evidence
2026-10-10T22:11:06.8071159Z ok 434 - hosted Firefox preflight rejects generic commands, preference overrides, and merged evidence
2026-10-10T22:11:06.8072105Z   ---
2026-10-10T22:11:06.8072629Z   duration_ms: 9.0009
2026-10-10T22:11:06.8073159Z   ...
2026-10-10T22:11:06.8073997Z # Subtest: Playwright WebKit engine preflight is the only non-blocking web job
2026-10-10T22:11:06.8075213Z ok 435 - Playwright WebKit engine preflight is the only non-blocking web job
2026-10-10T22:11:06.8076032Z   ---
2026-10-10T22:11:06.8076477Z   duration_ms: 1.414
2026-10-10T22:11:06.8077034Z   ...
2026-10-10T22:11:06.8077901Z # Subtest: Playwright WebKit engine preflight rejects blocking or wrong-host execution
2026-10-10T22:11:06.8080170Z ok 436 - Playwright WebKit engine preflight rejects blocking or wrong-host execution
2026-10-10T22:11:06.8081086Z   ---
2026-10-10T22:11:06.8081524Z   duration_ms: 1.5815
2026-10-10T22:11:06.8082026Z   ...
2026-10-10T22:11:06.8083331Z # Subtest: Playwright WebKit engine preflight rejects the wrong project or engine wording
2026-10-10T22:11:06.8084709Z ok 437 - Playwright WebKit engine preflight rejects the wrong project or engine wording
2026-10-10T22:11:06.8085602Z   ---
2026-10-10T22:11:06.8086066Z   duration_ms: 2.0882
2026-10-10T22:11:06.8086578Z   ...
2026-10-10T22:11:06.8087456Z # Subtest: Playwright WebKit engine preflight rejects Chromium flags and support claims
2026-10-10T22:11:06.8088809Z ok 438 - Playwright WebKit engine preflight rejects Chromium flags and support claims
2026-10-10T22:11:06.8089690Z   ---
2026-10-10T22:11:06.8090139Z   duration_ms: 1.8301
2026-10-10T22:11:06.8090615Z   ...
2026-10-10T22:11:06.8091364Z # Subtest: Playwright WebKit report and classifier steps are mandatory
2026-10-10T22:11:06.8092456Z ok 439 - Playwright WebKit report and classifier steps are mandatory
2026-10-10T22:11:06.8093210Z   ---
2026-10-10T22:11:06.8093672Z   duration_ms: 43.3931
2026-10-10T22:11:06.8094177Z   ...
2026-10-10T22:11:06.8095021Z # Subtest: Playwright WebKit raw failure is classified but cannot unlock ENGINE_PASS
2026-10-10T22:11:06.8096254Z ok 440 - Playwright WebKit raw failure is classified but cannot unlock ENGINE_PASS
2026-10-10T22:11:06.8097561Z   ---
2026-10-10T22:11:06.8098032Z   duration_ms: 5.8016
2026-10-10T22:11:06.8098885Z   ...
2026-10-10T22:11:06.8099644Z # Subtest: hosted exact-tarball probe explicitly selects bundled Chromium
2026-10-10T22:11:06.8101662Z ok 441 - hosted exact-tarball probe explicitly selects bundled Chromium
2026-10-10T22:11:06.8102573Z   ---
2026-10-10T22:11:06.8103398Z   duration_ms: 0.5861
2026-10-10T22:11:06.8103875Z   ...
2026-10-10T22:11:06.8104737Z # Subtest: hosted exact-tarball probe rejects an implicit or branded channel
2026-10-10T22:11:06.8105945Z ok 442 - hosted exact-tarball probe rejects an implicit or branded channel
2026-10-10T22:11:06.8106735Z   ---
2026-10-10T22:11:06.8107210Z   duration_ms: 0.6584
2026-10-10T22:11:06.8107705Z   ...
2026-10-10T22:11:06.8108602Z # Subtest: web workflow verifier rejects renamed, duplicate, missing, and runner mutations
2026-10-10T22:11:06.8109947Z ok 443 - web workflow verifier rejects renamed, duplicate, missing, and runner mutations
2026-10-10T22:11:06.8110849Z   ---
2026-10-10T22:11:06.8111306Z   duration_ms: 4.4012
2026-10-10T22:11:06.8111803Z   ...
2026-10-10T22:11:06.8112530Z # Subtest: every external action is immutable and lockfile reviewed
2026-10-10T22:11:06.8113528Z ok 444 - every external action is immutable and lockfile reviewed
2026-10-10T22:11:06.8114268Z   ---
2026-10-10T22:11:06.8114697Z   duration_ms: 823.7215
2026-10-10T22:11:06.8115180Z   ...
2026-10-10T22:11:06.8116076Z # Subtest: action verifier rejects movable, local, unreviewed, and container references
2026-10-10T22:11:06.8117410Z ok 445 - action verifier rejects movable, local, unreviewed, and container references
2026-10-10T22:11:06.8118722Z   ---
2026-10-10T22:11:06.8119230Z   duration_ms: 5.4812
2026-10-10T22:11:06.8119725Z   ...
2026-10-10T22:11:06.8120651Z # Subtest: action verifier structurally accepts only digest-pinned job and service images
2026-10-10T22:11:06.8122003Z ok 446 - action verifier structurally accepts only digest-pinned job and service images
2026-10-10T22:11:06.8122891Z   ---
2026-10-10T22:11:06.8123352Z   duration_ms: 0.947
2026-10-10T22:11:06.8123824Z   ...
2026-10-10T22:11:06.8124527Z # Subtest: WebDriver health reads live session URL on every probe
2026-10-10T22:11:06.8125552Z ok 447 - WebDriver health reads live session URL on every probe
2026-10-10T22:11:06.8126283Z   ---
2026-10-10T22:11:06.8126709Z   duration_ms: 7.4125
2026-10-10T22:11:06.8127195Z   ...
2026-10-10T22:11:06.8170057Z # Subtest: WebDriver health fails closed on disappearance, HTTP, malformed, and timeout
2026-10-10T22:11:06.8171636Z ok 448 - WebDriver health fails closed on disappearance, HTTP, malformed, and timeout
2026-10-10T22:11:06.8172625Z   ---
2026-10-10T22:11:06.8173087Z   duration_ms: 14.7844
2026-10-10T22:11:06.8173587Z   ...
2026-10-10T22:11:06.8174332Z # Subtest: WebDriver W3C actions are bounded and use standard endpoints
2026-10-10T22:11:06.8175424Z ok 449 - WebDriver W3C actions are bounded and use standard endpoints
2026-10-10T22:11:06.8176166Z   ---
2026-10-10T22:11:06.8176627Z   duration_ms: 3.3485
2026-10-10T22:11:06.8177103Z   ...
2026-10-10T22:11:06.8177937Z # Subtest: WebDriver BFCache actions use the exact async-script and history endpoints
2026-10-10T22:11:06.8179621Z ok 450 - WebDriver BFCache actions use the exact async-script and history endpoints
2026-10-10T22:11:06.8180494Z   ---
2026-10-10T22:11:06.8180936Z   duration_ms: 1.4994
2026-10-10T22:11:06.8181306Z   ...
2026-10-10T22:11:06.8181939Z # Subtest: WebDriver BFCache actions fail closed on page failure and timeout
2026-10-10T22:11:06.8182937Z ok 451 - WebDriver BFCache actions fail closed on page failure and timeout
2026-10-10T22:11:06.8183862Z   ---
2026-10-10T22:11:06.8184319Z   duration_ms: 6.5411
2026-10-10T22:11:06.8184837Z   ...
2026-10-10T22:11:06.8185668Z # Subtest: raw success and a complete passing report are ENGINE_PASS eligible
2026-10-10T22:11:06.8186793Z ok 452 - raw success and a complete passing report are ENGINE_PASS eligible
2026-10-10T22:11:06.8187583Z   ---
2026-10-10T22:11:06.8188032Z   duration_ms: 46.0718
2026-10-10T22:11:06.8188525Z   ...
2026-10-10T22:11:06.8189725Z # Subtest: only exact missing-WebGPU failures classify as NOT_PROVEN
2026-10-10T22:11:06.8191099Z ok 453 - only exact missing-WebGPU failures classify as NOT_PROVEN
2026-10-10T22:11:06.8191912Z   ---
2026-10-10T22:11:06.8192345Z   duration_ms: 2.1191
2026-10-10T22:11:06.8192809Z   ...
2026-10-10T22:11:06.8193622Z # Subtest: a partial pass plus a capability failure cannot classify as NOT_PROVEN
2026-10-10T22:11:06.8194836Z ok 454 - a partial pass plus a capability failure cannot classify as NOT_PROVEN
2026-10-10T22:11:06.8195646Z   ---
2026-10-10T22:11:06.8196087Z   duration_ms: 1.3427
2026-10-10T22:11:06.8196570Z   ...
2026-10-10T22:11:06.8197309Z # Subtest: zero, fewer, extra, duplicate, or incomplete tests fail closed
2026-10-10T22:11:06.8198363Z ok 455 - zero, fewer, extra, duplicate, or incomplete tests fail closed
2026-10-10T22:11:06.8199117Z   ---
2026-10-10T22:11:06.8199931Z   duration_ms: 5.2658
2026-10-10T22:11:06.8200425Z   ...
2026-10-10T22:11:06.8201001Z # Subtest: unexpected or mixed failures fail closed
2026-10-10T22:11:06.8201795Z ok 456 - unexpected or mixed failures fail closed
2026-10-10T22:11:06.8202420Z   ---
2026-10-10T22:11:06.8202855Z   duration_ms: 1.8143
2026-10-10T22:11:06.8203324Z   ...
2026-10-10T22:11:06.8203980Z # Subtest: retries and non-fixture error locations fail closed
2026-10-10T22:11:06.8204906Z ok 457 - retries and non-fixture error locations fail closed
2026-10-10T22:11:06.8205601Z   ---
2026-10-10T22:11:06.8206042Z   duration_ms: 1.2276
2026-10-10T22:11:06.8206512Z   ...
2026-10-10T22:11:06.8207331Z # Subtest: missing, duplicate, or malformed WebGPU probe attachments fail closed
2026-10-10T22:11:06.8208582Z ok 458 - missing, duplicate, or malformed WebGPU probe attachments fail closed
2026-10-10T22:11:06.8209387Z   ---
2026-10-10T22:11:06.8209849Z   duration_ms: 10.3999
2026-10-10T22:11:06.8210337Z   ...
2026-10-10T22:11:06.8211070Z # Subtest: a WebGPU probe with the wrong capability facts fails closed
2026-10-10T22:11:06.8212171Z ok 459 - a WebGPU probe with the wrong capability facts fails closed
2026-10-10T22:11:06.8212928Z   ---
2026-10-10T22:11:06.8213358Z   duration_ms: 1.7614
2026-10-10T22:11:06.8213854Z   ...
2026-10-10T22:11:06.8214440Z # Subtest: report stats disagreement fails closed
2026-10-10T22:11:06.8215210Z ok 460 - report stats disagreement fails closed
2026-10-10T22:11:06.8216101Z   ---
2026-10-10T22:11:06.8216536Z   duration_ms: 2.3417
2026-10-10T22:11:06.8217011Z   ...
2026-10-10T22:11:06.8217656Z # Subtest: raw outcome and report disagreement fails closed
2026-10-10T22:11:06.8218545Z ok 461 - raw outcome and report disagreement fails closed
2026-10-10T22:11:06.8219182Z   ---
2026-10-10T22:11:06.8219962Z   duration_ms: 1.5596
2026-10-10T22:11:06.8220484Z   ...
2026-10-10T22:11:06.8221283Z # Subtest: malformed reports, top-level errors, and project drift fail closed
2026-10-10T22:11:06.8222448Z ok 462 - malformed reports, top-level errors, and project drift fail closed
2026-10-10T22:11:06.8223250Z   ---
2026-10-10T22:11:06.8223686Z   duration_ms: 2.6434
2026-10-10T22:11:06.8224144Z   ...
2026-10-10T22:11:06.8224931Z # Subtest: classification outputs and summaries contain only bounded results
2026-10-10T22:11:06.8226068Z ok 463 - classification outputs and summaries contain only bounded results
2026-10-10T22:11:06.8226849Z   ---
2026-10-10T22:11:06.8227296Z   duration_ms: 11.8189
2026-10-10T22:11:06.8227790Z   ...
2026-10-10T22:11:06.8228539Z # Subtest: every Playwright spec uses the automatic shared WebGPU guard
2026-10-10T22:11:06.8229610Z ok 464 - every Playwright spec uses the automatic shared WebGPU guard
2026-10-10T22:11:06.8230349Z   ---
2026-10-10T22:11:06.8230778Z   duration_ms: 13.7597
2026-10-10T22:11:06.8231217Z   ...
2026-10-10T22:11:06.8231980Z # Subtest: issuance accepts the current canonical runner-authorization schema
2026-10-10T22:11:06.8233133Z ok 465 - issuance accepts the current canonical runner-authorization schema
2026-10-10T22:11:06.8233921Z   ---
2026-10-10T22:11:06.8234383Z   duration_ms: 75.9158
2026-10-10T22:11:06.8234905Z   ...
2026-10-10T22:11:06.8236043Z # Subtest: cleanup mode verifies the exact completed ledger job without issuance-only gates
2026-10-10T22:11:06.8237435Z ok 466 - cleanup mode verifies the exact completed ledger job without issuance-only gates
2026-10-10T22:11:06.8238313Z   ---
2026-10-10T22:11:06.8238767Z   duration_ms: 32.7196
2026-10-10T22:11:06.8239248Z   ...
2026-10-10T22:11:06.8240448Z # Subtest: authorization rejects missing or malformed laboratory manifest digests
2026-10-10T22:11:06.8241691Z ok 467 - authorization rejects missing or malformed laboratory manifest digests
2026-10-10T22:11:06.8242515Z   ---
2026-10-10T22:11:06.8242981Z   duration_ms: 27.2012
2026-10-10T22:11:06.8243518Z   ...
2026-10-10T22:11:06.8244457Z # Subtest: authorization rejects a manifest digest changed after its canonical digest was bound
2026-10-10T22:11:06.8245865Z ok 468 - authorization rejects a manifest digest changed after its canonical digest was bound
2026-10-10T22:11:06.8246851Z   ---
2026-10-10T22:11:06.8247332Z   duration_ms: 20.6336
2026-10-10T22:11:06.8247790Z   ...
2026-10-10T22:11:06.8248542Z # Subtest: issuance mode still rejects a live job that is no longer queued
2026-10-10T22:11:06.8249638Z ok 469 - issuance mode still rejects a live job that is no longer queued
2026-10-10T22:11:06.8250401Z   ---
2026-10-10T22:11:06.8250822Z   duration_ms: 31.3902
2026-10-10T22:11:06.8251293Z   ...
2026-10-10T22:11:06.8252069Z # Subtest: issuance rejects live review requirements that exceed checked policy
2026-10-10T22:11:06.8253249Z ok 470 - issuance rejects live review requirements that exceed checked policy
2026-10-10T22:11:06.8288400Z   ---
2026-10-10T22:11:06.8288935Z   duration_ms: 3.4531
2026-10-10T22:11:06.8289473Z   ...
2026-10-10T22:11:06.8290278Z # Subtest: issuance rejects a required check run from the wrong app
2026-10-10T22:11:06.8291337Z ok 471 - issuance rejects a required check run from the wrong app
2026-10-10T22:11:06.8292083Z   ---
2026-10-10T22:11:06.8292550Z   duration_ms: 3.5867
2026-10-10T22:11:06.8293114Z   ...
2026-10-10T22:11:06.8293778Z # Subtest: issuance rejects a stale required-check SHA
2026-10-10T22:11:06.8294644Z ok 472 - issuance rejects a stale required-check SHA
2026-10-10T22:11:06.8295316Z   ---
2026-10-10T22:11:06.8296181Z   duration_ms: 24.2696
2026-10-10T22:11:06.8297025Z   ...
2026-10-10T22:11:06.8297786Z # Subtest: issuance rejects a missing required workflow job
2026-10-10T22:11:06.8298732Z ok 473 - issuance rejects a missing required workflow job
2026-10-10T22:11:06.8299408Z   ---
2026-10-10T22:11:06.8299861Z   duration_ms: 3.8623
2026-10-10T22:11:06.8300342Z   ...
2026-10-10T22:11:06.8300957Z # Subtest: issuance rejects a missing required check run
2026-10-10T22:11:06.8302115Z ok 474 - issuance rejects a missing required check run
2026-10-10T22:11:06.8302822Z   ---
2026-10-10T22:11:06.8303268Z   duration_ms: 4.3055
2026-10-10T22:11:06.8303747Z   ...
2026-10-10T22:11:06.8304423Z # Subtest: issuance rejects a duplicate required workflow job
2026-10-10T22:11:06.8305344Z ok 475 - issuance rejects a duplicate required workflow job
2026-10-10T22:11:06.8306023Z   ---
2026-10-10T22:11:06.8307363Z   duration_ms: 6.5465
2026-10-10T22:11:06.8311106Z   ...
2026-10-10T22:11:06.8344058Z # Subtest: issuance rejects a duplicate required check run
2026-10-10T22:11:06.8344937Z ok 476 - issuance rejects a duplicate required check run
2026-10-10T22:11:06.8345463Z   ---
2026-10-10T22:11:06.8345760Z   duration_ms: 3.6704
2026-10-10T22:11:06.8346079Z   ...
2026-10-10T22:11:06.8346652Z # Subtest: issuance rejects a mismatched workflow-job/check-run URL
2026-10-10T22:11:06.8347535Z ok 477 - issuance rejects a mismatched workflow-job/check-run URL
2026-10-10T22:11:06.8348105Z   ---
2026-10-10T22:11:06.8348398Z   duration_ms: 7.671
2026-10-10T22:11:06.8348723Z   ...
2026-10-10T22:11:06.8349231Z # Subtest: issuance rejects a mismatched check-run ID and URL
2026-10-10T22:11:06.8349990Z ok 478 - issuance rejects a mismatched check-run ID and URL
2026-10-10T22:11:06.8350507Z   ---
2026-10-10T22:11:06.8351064Z   duration_ms: 5.7194
2026-10-10T22:11:06.8351398Z   ...
2026-10-10T22:11:06.8351980Z # Subtest: issuance rejects matching check-run URLs from a look-alike origin
2026-10-10T22:11:06.8352970Z ok 479 - issuance rejects matching check-run URLs from a look-alike origin
2026-10-10T22:11:06.8353604Z   ---
2026-10-10T22:11:06.8353888Z   duration_ms: 5.0387
2026-10-10T22:11:06.8354213Z   ...
2026-10-10T22:11:06.8354735Z # Subtest: issuance rejects a truncated workflow-runs response
2026-10-10T22:11:06.8355512Z ok 480 - issuance rejects a truncated workflow-runs response
2026-10-10T22:11:06.8356044Z   ---
2026-10-10T22:11:06.8356712Z   duration_ms: 14.0061
2026-10-10T22:11:06.8357069Z   ...
2026-10-10T22:11:06.8357596Z # Subtest: issuance rejects a truncated workflow-jobs response
2026-10-10T22:11:06.8358376Z ok 481 - issuance rejects a truncated workflow-jobs response
2026-10-10T22:11:06.8358919Z   ---
2026-10-10T22:11:06.8359202Z   duration_ms: 4.6332
2026-10-10T22:11:06.8359532Z   ...
2026-10-10T22:11:06.8360026Z # Subtest: issuance rejects a truncated check-runs response
2026-10-10T22:11:06.8361076Z ok 482 - issuance rejects a truncated check-runs response
2026-10-10T22:11:06.8363614Z   ---
2026-10-10T22:11:06.8367000Z   duration_ms: 3.2272
2026-10-10T22:11:06.8367388Z   ...
2026-10-10T22:11:06.8367930Z # Subtest: issuance rejects a failed Web Runtime workflow run
2026-10-10T22:11:06.8368703Z ok 483 - issuance rejects a failed Web Runtime workflow run
2026-10-10T22:11:06.8369214Z   ---
2026-10-10T22:11:06.8369506Z   duration_ms: 3.4769
2026-10-10T22:11:06.8369839Z   ...
2026-10-10T22:11:06.8370475Z # Subtest: derives one exact JIT runner and never persists encoded configuration
2026-10-10T22:11:06.8371499Z ok 484 - derives one exact JIT runner and never persists encoded configuration
2026-10-10T22:11:06.8372132Z   ---
2026-10-10T22:11:06.8372414Z   duration_ms: 11.3805
2026-10-10T22:11:06.8372829Z   ...
2026-10-10T22:11:06.8374065Z # Subtest: lost JIT response reconciles one exact runner and never posts a second configuration
2026-10-10T22:11:06.8375276Z ok 485 - lost JIT response reconciles one exact runner and never posts a second configuration
2026-10-10T22:11:06.8376006Z   ---
2026-10-10T22:11:06.8376906Z   duration_ms: 4.6442
2026-10-10T22:11:06.8377253Z   ...
2026-10-10T22:11:06.8378754Z # Subtest: ambiguous JIT failure keeps an early zero quarantined and closes absent after the deadline
2026-10-10T22:11:06.8380360Z ok 486 - ambiguous JIT failure keeps an early zero quarantined and closes absent after the deadline
2026-10-10T22:11:06.8394096Z   ---
2026-10-10T22:11:06.8394411Z   duration_ms: 4.6189
2026-10-10T22:11:06.8394733Z   ...
2026-10-10T22:11:06.8397998Z # Subtest: ambiguous JIT reconciliation quarantines multiple deterministic matches without deletion
2026-10-10T22:11:06.8400011Z ok 487 - ambiguous JIT reconciliation quarantines multiple deterministic matches without deletion
2026-10-10T22:11:06.8401233Z   ---
2026-10-10T22:11:06.8401778Z   duration_ms: 1.7489
2026-10-10T22:11:06.8402287Z   ...
2026-10-10T22:11:06.8403295Z # Subtest: ambiguous JIT reconciliation keeps incomplete listings and busy runners quarantined
2026-10-10T22:11:06.8404571Z ok 488 - ambiguous JIT reconciliation keeps incomplete listings and busy runners quarantined
2026-10-10T22:11:06.8405343Z   ---
2026-10-10T22:11:06.8405974Z   duration_ms: 4.212
2026-10-10T22:11:06.8406521Z   ...
2026-10-10T22:11:06.8407418Z # Subtest: ambiguous JIT reconciliation rejects changed identity and non-queued jobs
2026-10-10T22:11:06.8408509Z ok 489 - ambiguous JIT reconciliation rejects changed identity and non-queued jobs
2026-10-10T22:11:06.8409198Z   ---
2026-10-10T22:11:06.8409488Z   duration_ms: 3.2218
2026-10-10T22:11:06.8409809Z   ...
2026-10-10T22:11:06.8410740Z # Subtest: ambiguous JIT reconciliation quarantines when a listed runner disappears and the job is no longer queued
2026-10-10T22:11:06.8412543Z ok 490 - ambiguous JIT reconciliation quarantines when a listed runner disappears and the job is no longer queued
2026-10-10T22:11:06.8413816Z   ---
2026-10-10T22:11:06.8414125Z   duration_ms: 2.1014
2026-10-10T22:11:06.8414458Z   ...
2026-10-10T22:11:06.8415593Z # Subtest: durable issuing intent survives restart and reconciles without another JIT POST
2026-10-10T22:11:06.8416775Z ok 491 - durable issuing intent survives restart and reconciles without another JIT POST
2026-10-10T22:11:06.8417489Z   ---
2026-10-10T22:11:06.8417769Z   duration_ms: 24.4704
2026-10-10T22:11:06.8418103Z   ...
2026-10-10T22:11:06.8418678Z # Subtest: initial host-canary mode accepts only a host-bound canary
2026-10-10T22:11:06.8419535Z ok 492 - initial host-canary mode accepts only a host-bound canary
2026-10-10T22:11:06.8420095Z   ---
2026-10-10T22:11:06.8420394Z   duration_ms: 3.2454
2026-10-10T22:11:06.8420717Z   ...
2026-10-10T22:11:06.8421482Z # Subtest: rejects request nonce and authorization replay before another JIT call
2026-10-10T22:11:06.8422528Z ok 493 - rejects request nonce and authorization replay before another JIT call
2026-10-10T22:11:06.8423189Z   ---
2026-10-10T22:11:06.8423481Z   duration_ms: 2.5013
2026-10-10T22:11:06.8423822Z   ...
2026-10-10T22:11:06.8424504Z # Subtest: rejects controller signature, mTLS identity, and returned-label mismatch
2026-10-10T22:11:06.8425568Z ok 494 - rejects controller signature, mTLS identity, and returned-label mismatch
2026-10-10T22:11:06.8426236Z   ---
2026-10-10T22:11:06.8426540Z   duration_ms: 3.2659
2026-10-10T22:11:06.8426870Z   ...
2026-10-10T22:11:06.8427563Z # Subtest: terminal cleanup deletes only the ledger runner without cancelling a run
2026-10-10T22:11:06.8428657Z ok 495 - terminal cleanup deletes only the ledger runner without cancelling a run
2026-10-10T22:11:06.8429329Z   ---
2026-10-10T22:11:06.8429629Z   duration_ms: 2.7894
2026-10-10T22:11:06.8429959Z   ...
2026-10-10T22:11:06.8430558Z # Subtest: watchdog exact-ID deletes a runner as soon as its job completes
2026-10-10T22:11:06.8431513Z ok 496 - watchdog exact-ID deletes a runner as soon as its job completes
2026-10-10T22:11:06.8432140Z   ---
2026-10-10T22:11:06.8432431Z   duration_ms: 1.67
2026-10-10T22:11:06.8432744Z   ...
2026-10-10T22:11:06.8433377Z # Subtest: watchdog retries exact-ID deletion from a persisted terminal state
2026-10-10T22:11:06.8434684Z ok 497 - watchdog retries exact-ID deletion from a persisted terminal state
2026-10-10T22:11:06.8435716Z   ---
2026-10-10T22:11:06.8436020Z   duration_ms: 2.2671
2026-10-10T22:11:06.8436354Z   ...
2026-10-10T22:11:06.8436984Z # Subtest: launch failure and start timeout use exact-ID cleanup before online
2026-10-10T22:11:06.8437959Z ok 498 - launch failure and start timeout use exact-ID cleanup before online
2026-10-10T22:11:06.8438582Z   ---
2026-10-10T22:11:06.8438857Z   duration_ms: 5.4542
2026-10-10T22:11:06.8439172Z   ...
2026-10-10T22:11:06.8439893Z # Subtest: online-unassigned cleanup requires stopped listener and queued non-busy job
2026-10-10T22:11:06.8441039Z ok 499 - online-unassigned cleanup requires stopped listener and queued non-busy job
2026-10-10T22:11:06.8441726Z   ---
2026-10-10T22:11:06.8442017Z   duration_ms: 3.9748
2026-10-10T22:11:06.8442370Z   ...
2026-10-10T22:11:06.8443013Z # Subtest: absent runner cannot bypass the online-unassigned cleanup predicate
2026-10-10T22:11:06.8444014Z ok 500 - absent runner cannot bypass the online-unassigned cleanup predicate
2026-10-10T22:11:06.8444647Z   ---
2026-10-10T22:11:06.8444921Z   duration_ms: 5.2138
2026-10-10T22:11:06.8445231Z   ...
2026-10-10T22:11:06.8445906Z # Subtest: busy or no-longer-queued controls permit neither deletion nor cancellation
2026-10-10T22:11:06.8446994Z ok 501 - busy or no-longer-queued controls permit neither deletion nor cancellation
2026-10-10T22:11:06.8447658Z   ---
2026-10-10T22:11:06.8447947Z   duration_ms: 4.8731
2026-10-10T22:11:06.8448273Z   ...
2026-10-10T22:11:06.8448918Z # Subtest: already-absent cleanup is idempotent and does not cancel another run
2026-10-10T22:11:06.8450175Z ok 502 - already-absent cleanup is idempotent and does not cancel another run
2026-10-10T22:11:06.8450854Z   ---
2026-10-10T22:11:06.8451145Z   duration_ms: 2.0391
2026-10-10T22:11:06.8451476Z   ...
2026-10-10T22:11:06.8452071Z # Subtest: retries bound-run cancellation after exact runner deletion
2026-10-10T22:11:06.8452975Z ok 503 - retries bound-run cancellation after exact runner deletion
2026-10-10T22:11:06.8456257Z   ---
2026-10-10T22:11:06.8456568Z   duration_ms: 3.9731
2026-10-10T22:11:06.8456889Z   ...
2026-10-10T22:11:06.8457565Z # Subtest: watchdog severs exact runner/run and quarantines an unreachable controller
2026-10-10T22:11:06.8458971Z ok 504 - watchdog severs exact runner/run and quarantines an unreachable controller
2026-10-10T22:11:06.8459713Z   ---
2026-10-10T22:11:06.8460032Z   duration_ms: 2.2531
2026-10-10T22:11:06.8460381Z   ...
2026-10-10T22:11:06.8461094Z # Subtest: accepted cancellation advances once per watchdog cycle until terminal
2026-10-10T22:11:06.8462173Z ok 505 - accepted cancellation advances once per watchdog cycle until terminal
2026-10-10T22:11:06.8462841Z   ---
2026-10-10T22:11:06.8463149Z   duration_ms: 3.2173
2026-10-10T22:11:06.8463477Z   ...
2026-10-10T22:11:06.8464175Z # Subtest: pending cancellation survives runner deletion and completes on a later tick
2026-10-10T22:11:06.8465316Z ok 506 - pending cancellation survives runner deletion and completes on a later tick
2026-10-10T22:11:06.8466006Z   ---
2026-10-10T22:11:06.8466295Z   duration_ms: 1.8633
2026-10-10T22:11:06.8466613Z   ...
2026-10-10T22:11:06.8467315Z # Subtest: early runner absence remains nonterminal until watchdog quarantine is decidable
2026-10-10T22:11:06.8468458Z ok 507 - early runner absence remains nonterminal until watchdog quarantine is decidable
2026-10-10T22:11:06.8469163Z   ---
2026-10-10T22:11:06.8469446Z   duration_ms: 1.8149
2026-10-10T22:11:06.8469786Z   ...
2026-10-10T22:11:06.8470450Z # Subtest: controller loss while busy remains quarantined after terminal cleanup
2026-10-10T22:11:06.8471468Z ok 508 - controller loss while busy remains quarantined after terminal cleanup
2026-10-10T22:11:06.8472132Z   ---
2026-10-10T22:11:06.8472435Z   duration_ms: 10.8369
2026-10-10T22:11:06.8472832Z   ...
2026-10-10T22:11:06.8473739Z # Subtest: quarantined host blocks new issuance until signed stop and wipe recovery
2026-10-10T22:11:06.8474810Z ok 509 - quarantined host blocks new issuance until signed stop and wipe recovery
2026-10-10T22:11:06.8475788Z   ---
2026-10-10T22:11:06.8476085Z   duration_ms: 6.3115
2026-10-10T22:11:06.8476423Z   ...
2026-10-10T22:11:06.8477047Z # Subtest: queued runner assignment is persisted separately from active work
2026-10-10T22:11:06.8478014Z ok 510 - queued runner assignment is persisted separately from active work
2026-10-10T22:11:06.8478635Z   ---
2026-10-10T22:11:06.8478931Z   duration_ms: 2.4522
2026-10-10T22:11:06.8479256Z   ...
2026-10-10T22:11:06.8479930Z # Subtest: first-observed assignment gets an escape deadline before disappearance
2026-10-10T22:11:06.8481008Z ok 511 - first-observed assignment gets an escape deadline before disappearance
2026-10-10T22:11:06.8481703Z   ---
2026-10-10T22:11:06.8482026Z   duration_ms: 1.7053
2026-10-10T22:11:06.8482381Z   ...
2026-10-10T22:11:06.8483023Z # Subtest: first-observed active job gets an escape deadline before requeue
2026-10-10T22:11:06.8483988Z ok 512 - first-observed active job gets an escape deadline before requeue
2026-10-10T22:11:06.8484607Z   ---
2026-10-10T22:11:06.8484900Z   duration_ms: 2.0028
2026-10-10T22:11:06.8485225Z   ...
2026-10-10T22:11:06.8485864Z # Subtest: offline non-busy runner is quarantined after the assignment deadline
2026-10-10T22:11:06.8486915Z ok 513 - offline non-busy runner is quarantined after the assignment deadline
2026-10-10T22:11:06.8487554Z   ---
2026-10-10T22:11:06.8487844Z   duration_ms: 2.0958
2026-10-10T22:11:06.8488192Z   ...
2026-10-10T22:11:06.8489097Z # Subtest: re-queued assigned runner disappearance uses the persisted deadline
2026-10-10T22:11:06.8490189Z ok 514 - re-queued assigned runner disappearance uses the persisted deadline
2026-10-10T22:11:06.8490847Z   ---
2026-10-10T22:11:06.8491136Z   duration_ms: 1.7815
2026-10-10T22:11:06.8491459Z   ...
2026-10-10T22:11:06.8492046Z # Subtest: re-queued busy runner offline uses the persisted deadline
2026-10-10T22:11:06.8492887Z ok 515 - re-queued busy runner offline uses the persisted deadline
2026-10-10T22:11:06.8493453Z   ---
2026-10-10T22:11:06.8493755Z   duration_ms: 1.9168
2026-10-10T22:11:06.8494119Z   ...
2026-10-10T22:11:06.8494695Z # Subtest: unexpected live runner label fails closed before cleanup
2026-10-10T22:11:06.8495902Z ok 516 - unexpected live runner label fails closed before cleanup
2026-10-10T22:11:06.8496511Z   ---
2026-10-10T22:11:06.8496810Z   duration_ms: 1.4149
2026-10-10T22:11:06.8497136Z   ...
2026-10-10T22:11:06.8497836Z # Subtest: watchdog never deletes an unassigned runner while its controller is reachable
2026-10-10T22:11:06.8498945Z ok 517 - watchdog never deletes an unassigned runner while its controller is reachable
2026-10-10T22:11:06.8499633Z   ---
2026-10-10T22:11:06.8499919Z   duration_ms: 1.5388
2026-10-10T22:11:06.8500223Z   ...
2026-10-10T22:11:06.8501018Z # Subtest: watchdog deletes, cancels, and quarantines when controller disappears before runner online
2026-10-10T22:11:06.8502357Z ok 518 - watchdog deletes, cancels, and quarantines when controller disappears before runner online
2026-10-10T22:11:06.8503134Z   ---
2026-10-10T22:11:06.8503418Z   duration_ms: 1.921
2026-10-10T22:11:06.8503730Z   ...
2026-10-10T22:11:06.8504281Z # Subtest: accepts only exact checked mTLS controller health targets
2026-10-10T22:11:06.8505134Z ok 519 - accepts only exact checked mTLS controller health targets
2026-10-10T22:11:06.8505679Z   ---
2026-10-10T22:11:06.8505976Z   duration_ms: 4.3874
2026-10-10T22:11:06.8506288Z   ...
2026-10-10T22:11:06.8506921Z # Subtest: valid exact-identity health responses keep the controller reachable
2026-10-10T22:11:06.8507936Z ok 520 - valid exact-identity health responses keep the controller reachable
2026-10-10T22:11:06.8508571Z   ---
2026-10-10T22:11:06.8508826Z   duration_ms: 3.7214
2026-10-10T22:11:06.8509139Z   ...
2026-10-10T22:11:06.8510052Z # Subtest: watchdog sees unreachable only after consecutive failed health proofs
2026-10-10T22:11:06.8511069Z ok 521 - watchdog sees unreachable only after consecutive failed health proofs
2026-10-10T22:11:06.8511705Z   ---
2026-10-10T22:11:06.8511995Z   duration_ms: 1.3241
2026-10-10T22:11:06.8512313Z   ...
2026-10-10T22:11:06.8512876Z # Subtest: a healthy response resets accumulated reachability failures
2026-10-10T22:11:06.8513748Z ok 522 - a healthy response resets accumulated reachability failures
2026-10-10T22:11:06.8514318Z   ---
2026-10-10T22:11:06.8514590Z   duration_ms: 0.9407
2026-10-10T22:11:06.8514912Z   ...
2026-10-10T22:11:06.8515497Z # Subtest: broker token is exact-permission and single-repository scoped
2026-10-10T22:11:06.8516812Z ok 523 - broker token is exact-permission and single-repository scoped
2026-10-10T22:11:06.8517414Z   ---
2026-10-10T22:11:06.8517712Z   duration_ms: 321.7394
2026-10-10T22:11:06.8518038Z   ...
2026-10-10T22:11:06.8518601Z # Subtest: broker token rejects excess permission and repository scope
2026-10-10T22:11:06.8519497Z ok 524 - broker token rejects excess permission and repository scope
2026-10-10T22:11:06.8520075Z   ---
2026-10-10T22:11:06.8520354Z   duration_ms: 351.8223
2026-10-10T22:11:06.8520683Z   ...
2026-10-10T22:11:06.8521470Z # Subtest: runner reconciliation lists the fixed repository and deletes only one exact numeric ID
2026-10-10T22:11:06.8522741Z ok 525 - runner reconciliation lists the fixed repository and deletes only one exact numeric ID
2026-10-10T22:11:06.8523501Z   ---
2026-10-10T22:11:06.8523790Z   duration_ms: 3.1829
2026-10-10T22:11:06.8524106Z   ...
2026-10-10T22:11:06.8524709Z # Subtest: repository trust fetches all check runs for one exact commit SHA
2026-10-10T22:11:06.8525864Z ok 526 - repository trust fetches all check runs for one exact commit SHA
2026-10-10T22:11:06.8526485Z   ---
2026-10-10T22:11:06.8526771Z   duration_ms: 0.8164
2026-10-10T22:11:06.8527092Z   ...
2026-10-10T22:11:06.8527700Z # Subtest: binds broker archive, exact source, configuration, and protocols
2026-10-10T22:11:06.8528627Z ok 527 - binds broker archive, exact source, configuration, and protocols
2026-10-10T22:11:06.8529232Z   ---
2026-10-10T22:11:06.8529512Z   duration_ms: 50.3548
2026-10-10T22:11:06.8529833Z   ...
2026-10-10T22:11:06.8530455Z # Subtest: production server verifies separately provisioned authorizations
2026-10-10T22:11:06.8531453Z ok 528 - production server verifies separately provisioned authorizations
2026-10-10T22:11:06.8532080Z   ---
2026-10-10T22:11:06.8532366Z   duration_ms: 2.9121
2026-10-10T22:11:06.8532691Z   ...
2026-10-10T22:11:06.8533291Z # Subtest: broker startup exposes only active or initial host-canary modes
2026-10-10T22:11:06.8534231Z ok 529 - broker startup exposes only active or initial host-canary modes
2026-10-10T22:11:06.8534853Z   ---
2026-10-10T22:11:06.8535159Z   duration_ms: 0.9659
2026-10-10T22:11:06.8535505Z   ...
2026-10-10T22:11:06.8536511Z # Subtest: production watchdog uses the live controller reachability result
2026-10-10T22:11:06.8537500Z ok 530 - production watchdog uses the live controller reachability result
2026-10-10T22:11:06.8538121Z   ---
2026-10-10T22:11:06.8538420Z   duration_ms: 1.7246
2026-10-10T22:11:06.8538755Z   ...
2026-10-10T22:11:06.8539428Z # Subtest: production watchdog probes issued records before the runner is online
2026-10-10T22:11:06.8540503Z ok 531 - production watchdog probes issued records before the runner is online
2026-10-10T22:11:06.8541167Z   ---
2026-10-10T22:11:06.8541466Z   duration_ms: 0.5191
2026-10-10T22:11:06.8541789Z   ...
2026-10-10T22:11:06.8542678Z # Subtest: production watchdog keeps issuing, terminal, and cancellation-pending records out of health probes
2026-10-10T22:11:06.8544162Z ok 532 - production watchdog keeps issuing, terminal, and cancellation-pending records out of health probes
2026-10-10T22:11:06.8545010Z   ---
2026-10-10T22:11:06.8545308Z   duration_ms: 21.6395
2026-10-10T22:11:06.8545917Z   ...
2026-10-10T22:11:06.8546535Z # Subtest: a slow record cannot suppress five-second work for other records
2026-10-10T22:11:06.8547476Z ok 533 - a slow record cannot suppress five-second work for other records
2026-10-10T22:11:06.8548075Z   ---
2026-10-10T22:11:06.8548357Z   duration_ms: 12.7505
2026-10-10T22:11:06.8548670Z   ...
2026-10-10T22:11:06.8549324Z # Subtest: pinned Android Appium opens exact HTTPS route without exposing serial
2026-10-10T22:11:06.8550330Z ok 534 - pinned Android Appium opens exact HTTPS route without exposing serial
2026-10-10T22:11:06.8550957Z   ---
2026-10-10T22:11:06.8551239Z   duration_ms: 3.7718
2026-10-10T22:11:06.8551548Z   ...
2026-10-10T22:11:06.8552221Z # Subtest: iOS requires dedicated signing and disconnected/trust-prompt states fail
2026-10-10T22:11:06.8553300Z ok 535 - iOS requires dedicated signing and disconnected/trust-prompt states fail
2026-10-10T22:11:06.8553966Z   ---
2026-10-10T22:11:06.8554252Z   duration_ms: 1.3979
2026-10-10T22:11:06.8554600Z   ...
2026-10-10T22:11:06.8555151Z # Subtest: Appium cannot weaken public certificate verification
2026-10-10T22:11:06.8555950Z ok 536 - Appium cannot weaken public certificate verification
2026-10-10T22:11:06.8556886Z   ---
2026-10-10T22:11:06.8557195Z   duration_ms: 1.6594
2026-10-10T22:11:06.8557522Z   ...
2026-10-10T22:11:06.8558138Z # Subtest: Appium must expose current physical platform and browser versions
2026-10-10T22:11:06.8559100Z ok 537 - Appium must expose current physical platform and browser versions
2026-10-10T22:11:06.8559722Z   ---
2026-10-10T22:11:06.8560012Z   duration_ms: 0.7648
2026-10-10T22:11:06.8560343Z   ...
2026-10-10T22:11:06.8561254Z # Subtest: controller resolves one exact-ID authorization and cross-checks every API job
2026-10-10T22:11:06.8562412Z ok 538 - controller resolves one exact-ID authorization and cross-checks every API job
2026-10-10T22:11:06.8563110Z   ---
2026-10-10T22:11:06.8574809Z   duration_ms: 4.5835
2026-10-10T22:11:06.8575188Z   ...
2026-10-10T22:11:06.8576010Z # Subtest: controller rejects duplicate queued jobs, name lookup substitution, and API mismatch
2026-10-10T22:11:06.8577267Z ok 539 - controller rejects duplicate queued jobs, name lookup substitution, and API mismatch
2026-10-10T22:11:06.8578061Z   ---
2026-10-10T22:11:06.8578388Z   duration_ms: 2.1677
2026-10-10T22:11:06.8578734Z   ...
2026-10-10T22:11:06.8579537Z # Subtest: controller rejects a selected API run or attempt that disagrees with the attested record
2026-10-10T22:11:06.8580840Z ok 540 - controller rejects a selected API run or attempt that disagrees with the attested record
2026-10-10T22:11:06.8581631Z   ---
2026-10-10T22:11:06.8581954Z   duration_ms: 1.2499
2026-10-10T22:11:06.8582293Z   ...
2026-10-10T22:11:06.8583041Z # Subtest: controller rejects a signed workflow SHA that disagrees with the selected API run
2026-10-10T22:11:06.8584237Z ok 541 - controller rejects a signed workflow SHA that disagrees with the selected API run
2026-10-10T22:11:06.8584988Z   ---
2026-10-10T22:11:06.8585286Z   duration_ms: 0.793
2026-10-10T22:11:06.8585608Z   ...
2026-10-10T22:11:06.8586197Z # Subtest: controller rejects missing, extra, or duplicate API labels
2026-10-10T22:11:06.8587121Z ok 542 - controller rejects missing, extra, or duplicate API labels
2026-10-10T22:11:06.8587721Z   ---
2026-10-10T22:11:06.8588019Z   duration_ms: 1.6205
2026-10-10T22:11:06.8588366Z   ...
2026-10-10T22:11:06.8589060Z # Subtest: controller rejects the wrong attempt-derived authorization artifact name
2026-10-10T22:11:06.8590178Z ok 543 - controller rejects the wrong attempt-derived authorization artifact name
2026-10-10T22:11:06.8590871Z   ---
2026-10-10T22:11:06.8591168Z   duration_ms: 0.5549
2026-10-10T22:11:06.8591496Z   ...
2026-10-10T22:11:06.8592209Z # Subtest: controller rejects an authorization whose attestation signature is invalid
2026-10-10T22:11:06.8593300Z ok 544 - controller rejects an authorization whose attestation signature is invalid
2026-10-10T22:11:06.8594604Z   ---
2026-10-10T22:11:06.8594913Z   duration_ms: 0.9593
2026-10-10T22:11:06.8595253Z   ...
2026-10-10T22:11:06.8596000Z # Subtest: controller-resolved authorization satisfies the current broker field contract
2026-10-10T22:11:06.8597166Z ok 545 - controller-resolved authorization satisfies the current broker field contract
2026-10-10T22:11:06.8597890Z   ---
2026-10-10T22:11:06.8598195Z   duration_ms: 3.8673
2026-10-10T22:11:06.8598524Z   ...
2026-10-10T22:11:06.8599125Z # Subtest: controller broker client signs mTLS issue and cleanup requests
2026-10-10T22:11:06.8600058Z ok 546 - controller broker client signs mTLS issue and cleanup requests
2026-10-10T22:11:06.8600687Z   ---
2026-10-10T22:11:06.8600996Z   duration_ms: 11.3019
2026-10-10T22:11:06.8601332Z   ...
2026-10-10T22:11:06.8601990Z # Subtest: controller polling resolves an attested authorization and executes it
2026-10-10T22:11:06.8603043Z ok 547 - controller polling resolves an attested authorization and executes it
2026-10-10T22:11:06.8603702Z   ---
2026-10-10T22:11:06.8603986Z   duration_ms: 8.0544
2026-10-10T22:11:06.8604304Z   ...
2026-10-10T22:11:06.9102132Z # Subtest: controller health record exposes only public identity and version
2026-10-10T22:11:06.9116737Z ok 548 - controller health record exposes only public identity and version
2026-10-10T22:11:06.9159560Z   ---
2026-10-10T22:11:06.9192129Z   duration_ms: 7.2388
2026-10-10T22:11:06.9193541Z   ...
2026-10-10T22:11:06.9199957Z # Subtest: broker mTLS health probe delivers the exact assignment lifecycle
2026-10-10T22:11:06.9203332Z ok 549 - broker mTLS health probe delivers the exact assignment lifecycle
2026-10-10T22:11:06.9205982Z   ---
2026-10-10T22:11:06.9210311Z   duration_ms: 1.9658
2026-10-10T22:11:06.9212102Z   ...
2026-10-10T22:11:06.9214518Z # Subtest: lifecycle headers from any non-broker mTLS identity fail closed
2026-10-10T22:11:06.9234606Z ok 550 - lifecycle headers from any non-broker mTLS identity fail closed
2026-10-10T22:11:06.9258384Z   ---
2026-10-10T22:11:06.9299010Z   duration_ms: 0.3535
2026-10-10T22:11:06.9407661Z   ...
2026-10-10T22:11:06.9421928Z # Subtest: controller receipt store binds immutable run and record identity
2026-10-10T22:11:06.9428540Z ok 551 - controller receipt store binds immutable run and record identity
2026-10-10T22:11:06.9501970Z   ---
2026-10-10T22:11:06.9505492Z   duration_ms: 8.0128
2026-10-10T22:11:06.9507111Z   ...
2026-10-10T22:11:06.9511086Z # Subtest: manual-session receipt is immutable and bound to the exact run attempt
2026-10-10T22:11:06.9519596Z ok 552 - manual-session receipt is immutable and bound to the exact run attempt
2026-10-10T22:11:06.9522121Z   ---
2026-10-10T22:11:06.9523622Z   duration_ms: 2.2611
2026-10-10T22:11:06.9546084Z   ...
2026-10-10T22:11:06.9798758Z # Subtest: controller signs RFC8785-compatible canonical bytes with P-256 SHA-256
2026-10-10T22:11:06.9801716Z ok 553 - controller signs RFC8785-compatible canonical bytes with P-256 SHA-256
2026-10-10T22:11:06.9824999Z   ---
2026-10-10T22:11:06.9825721Z   duration_ms: 7.6834
2026-10-10T22:11:06.9826500Z   ...
2026-10-10T22:11:07.1787238Z # Subtest: controller validates exact host, workflow, nonce labels, and ten-minute expiry
2026-10-10T22:11:07.1789304Z ok 554 - controller validates exact host, workflow, nonce labels, and ten-minute expiry
2026-10-10T22:11:07.1904311Z   ---
2026-10-10T22:11:07.1915531Z   duration_ms: 4.022
2026-10-10T22:11:07.1916854Z   ...
2026-10-10T22:11:07.1919318Z # Subtest: runner receives only checked runtime controls including dedicated WDA signing
2026-10-10T22:11:07.1922971Z ok 555 - runner receives only checked runtime controls including dedicated WDA signing
2026-10-10T22:11:07.1923891Z   ---
2026-10-10T22:11:07.1924323Z   duration_ms: 0.447
2026-10-10T22:11:07.1924835Z   ...
2026-10-10T22:11:07.1925654Z # Subtest: controller starts only run.sh --jitconfig, scrubs argv, and proves cleanup
2026-10-10T22:11:07.1926862Z ok 556 - controller starts only run.sh --jitconfig, scrubs argv, and proves cleanup
2026-10-10T22:11:07.1927996Z   ---
2026-10-10T22:11:07.1928414Z   duration_ms: 5.9106
2026-10-10T22:11:07.1928863Z   ...
2026-10-10T22:11:07.1929699Z # Subtest: controller stores a signed host canary only after broker-proven runner absence
2026-10-10T22:11:07.1930946Z ok 557 - controller stores a signed host canary only after broker-proven runner absence
2026-10-10T22:11:07.1931767Z   ---
2026-10-10T22:11:07.1932183Z   duration_ms: 13.593
2026-10-10T22:11:07.1932623Z   ...
2026-10-10T22:11:07.1933435Z # Subtest: controller creates the signed manual session after hardware and runner cleanup
2026-10-10T22:11:07.1934667Z ok 558 - controller creates the signed manual session after hardware and runner cleanup
2026-10-10T22:11:07.1936402Z   ---
2026-10-10T22:11:07.1936863Z   duration_ms: 8.151
2026-10-10T22:11:07.1937327Z   ...
2026-10-10T22:11:07.1938124Z # Subtest: manual terminal success cannot precede the controller capture deadline
2026-10-10T22:11:07.1939306Z ok 559 - manual terminal success cannot precede the controller capture deadline
2026-10-10T22:11:07.1940095Z   ---
2026-10-10T22:11:07.1940849Z   duration_ms: 0.3744
2026-10-10T22:11:07.1941283Z   ...
2026-10-10T22:11:07.1942239Z # Subtest: online-unassigned requires stopped listener, queued job, non-busy runner, and cancellation
2026-10-10T22:11:07.1943678Z ok 560 - online-unassigned requires stopped listener, queued job, non-busy runner, and cancellation
2026-10-10T22:11:07.1944574Z   ---
2026-10-10T22:11:07.1944999Z   duration_ms: 2.9075
2026-10-10T22:11:07.1945460Z   ...
2026-10-10T22:11:07.1946218Z # Subtest: busy or unproven broker cleanup quarantines and retains the host lock
2026-10-10T22:11:07.1947582Z ok 561 - busy or unproven broker cleanup quarantines and retains the host lock
2026-10-10T22:11:07.1948372Z   ---
2026-10-10T22:11:07.1948792Z   duration_ms: 1.556
2026-10-10T22:11:07.1949242Z   ...
2026-10-10T22:11:07.1950160Z # Subtest: unproven local runner absence quarantines without wiping its job root
2026-10-10T22:11:07.1951292Z ok 562 - unproven local runner absence quarantines without wiping its job root
2026-10-10T22:11:07.1952053Z   ---
2026-10-10T22:11:07.1952468Z   duration_ms: 1.7539
2026-10-10T22:11:07.1952911Z   ...
2026-10-10T22:11:07.1953716Z # Subtest: diagnostic retention failures quarantine without wipe, unlock, or receipt
2026-10-10T22:11:07.1954922Z ok 563 - diagnostic retention failures quarantine without wipe, unlock, or receipt
2026-10-10T22:11:07.1955705Z   ---
2026-10-10T22:11:07.1956115Z   duration_ms: 3.7257
2026-10-10T22:11:07.1978204Z   ...
2026-10-10T22:11:07.1983673Z # Subtest: lost JIT issuance response reconciles the broker before wipe and lock release
2026-10-10T22:11:07.1986715Z ok 564 - lost JIT issuance response reconciles the broker before wipe and lock release
2026-10-10T22:11:07.2011419Z   ---
2026-10-10T22:11:07.2026611Z   duration_ms: 1.3501
2026-10-10T22:11:07.2062388Z   ...
2026-10-10T22:11:07.2063859Z # Subtest: unreconciled JIT issuance quarantines without wipe or lock release
2026-10-10T22:11:07.2065031Z ok 565 - unreconciled JIT issuance quarantines without wipe or lock release
2026-10-10T22:11:07.2065799Z   ---
2026-10-10T22:11:07.2066223Z   duration_ms: 1.4103
2026-10-10T22:11:07.2066748Z   ...
2026-10-10T22:11:07.2067624Z # Subtest: failed launch handshake cannot clean the broker or wipe without bridge absence proof
2026-10-10T22:11:07.2068934Z ok 566 - failed launch handshake cannot clean the broker or wipe without bridge absence proof
2026-10-10T22:11:07.2069773Z   ---
2026-10-10T22:11:07.2070190Z   duration_ms: 1.5239
2026-10-10T22:11:07.2070646Z   ...
2026-10-10T22:11:07.2071487Z # Subtest: failed launch handshake cleans only after checked bridge termination evidence
2026-10-10T22:11:07.2072619Z ok 567 - failed launch handshake cleans only after checked bridge termination evidence
2026-10-10T22:11:07.2073606Z   ---
2026-10-10T22:11:07.2138547Z   duration_ms: 3.8943
2026-10-10T22:11:07.2165886Z   ...
2026-10-10T22:11:07.2169472Z # Subtest: failed unconditional host cleanup cannot release the lock
2026-10-10T22:11:07.2281004Z ok 568 - failed unconditional host cleanup cannot release the lock
2026-10-10T22:11:07.2377896Z   ---
2026-10-10T22:11:07.2379523Z   duration_ms: 8.2558
2026-10-10T22:11:07.2380642Z   ...
2026-10-10T22:11:07.3466914Z # Subtest: runner diagnostics are copied externally and produce a bound hash receipt
2026-10-10T22:11:07.3508558Z ok 569 - runner diagnostics are copied externally and produce a bound hash receipt
2026-10-10T22:11:07.3548618Z   ---
2026-10-10T22:11:07.3550986Z   duration_ms: 77.4897
2026-10-10T22:11:07.3580811Z   ...
2026-10-10T22:11:07.3581849Z # Subtest: required diagnostic classes are redacted before receipt hashes are computed
2026-10-10T22:11:07.3584348Z ok 570 - required diagnostic classes are redacted before receipt hashes are computed
2026-10-10T22:11:07.3606152Z   ---
2026-10-10T22:11:07.3630942Z   duration_ms: 13.2194
2026-10-10T22:11:07.3634111Z   ...
2026-10-10T22:11:07.3648094Z # Subtest: namespaced mobile IDs and environment token keys are redacted exactly
2026-10-10T22:11:07.3705197Z ok 571 - namespaced mobile IDs and environment token keys are redacted exactly
2026-10-10T22:11:07.3714995Z   ---
2026-10-10T22:11:07.3732263Z   duration_ms: 12.5455
2026-10-10T22:11:07.3735289Z   ...
2026-10-10T22:11:07.3781804Z # Subtest: diagnostic redaction is idempotent
2026-10-10T22:11:07.3812063Z ok 572 - diagnostic redaction is idempotent
2026-10-10T22:11:07.3852381Z   ---
2026-10-10T22:11:07.3853838Z   duration_ms: 54.8355
2026-10-10T22:11:07.3854507Z   ...
2026-10-10T22:11:07.3856777Z # Subtest: absent, empty, and unknown runner diagnostics fail closed
2026-10-10T22:11:07.3864033Z ok 573 - absent, empty, and unknown runner diagnostics fail closed
2026-10-10T22:11:07.3865969Z   ---
2026-10-10T22:11:07.3867336Z   duration_ms: 13.357
2026-10-10T22:11:07.3868873Z   ...
2026-10-10T22:11:07.3911628Z # Subtest: write failure removes the partial external destination without leaking details
2026-10-10T22:11:07.3913624Z ok 574 - write failure removes the partial external destination without leaking details
2026-10-10T22:11:07.3948233Z   ---
2026-10-10T22:11:07.3953520Z   duration_ms: 7.3378
2026-10-10T22:11:07.3956575Z   ...
2026-10-10T22:11:07.3963976Z # Subtest: non-text diagnostics and ambiguous residual secret syntax fail closed
2026-10-10T22:11:07.3966911Z ok 575 - non-text diagnostics and ambiguous residual secret syntax fail closed
2026-10-10T22:11:07.3969222Z   ---
2026-10-10T22:11:07.3971911Z   duration_ms: 78.5018
2026-10-10T22:11:07.3972586Z   ...
2026-10-10T22:11:07.3973836Z # Subtest: post-write changes fail validation and remove retained diagnostics
2026-10-10T22:11:07.3975478Z ok 576 - post-write changes fail validation and remove retained diagnostics
2026-10-10T22:11:07.3976543Z   ---
2026-10-10T22:11:07.4025969Z   duration_ms: 10.433
2026-10-10T22:11:07.4026779Z   ...
2026-10-10T22:11:07.4030460Z # Subtest: receipt validation recomputes digests and rejects extra or private fields
2026-10-10T22:11:07.4123161Z ok 577 - receipt validation recomputes digests and rejects extra or private fields
2026-10-10T22:11:07.4181724Z   ---
2026-10-10T22:11:07.4183483Z   duration_ms: 16.0794
2026-10-10T22:11:07.4184363Z   ...
2026-10-10T22:11:07.8508596Z # Subtest: controller requests one-repository read-only Actions and Attestations token
2026-10-10T22:11:07.8513156Z ok 578 - controller requests one-repository read-only Actions and Attestations token
2026-10-10T22:11:07.8516347Z   ---
2026-10-10T22:11:07.8520858Z   duration_ms: 721.2246
2026-10-10T22:11:07.8522526Z   ...
2026-10-10T22:11:07.8524836Z # Subtest: production client maps the exact API run attempt and ignores malformed candidates
2026-10-10T22:11:07.8549473Z ok 579 - production client maps the exact API run attempt and ignores malformed candidates
2026-10-10T22:11:07.8560942Z   ---
2026-10-10T22:11:07.8563804Z   duration_ms: 2.2106
2026-10-10T22:11:07.8566088Z   ...
2026-10-10T22:11:07.8572285Z # Subtest: production artifact mapper does not use optional workflow run-attempt metadata
2026-10-10T22:11:07.8575438Z ok 580 - production artifact mapper does not use optional workflow run-attempt metadata
2026-10-10T22:11:07.8576605Z   ---
2026-10-10T22:11:07.8577942Z   duration_ms: 1.4134
2026-10-10T22:11:07.8578353Z   ...
2026-10-10T22:11:07.8829294Z # Subtest: active helper allowlist closes every external identity on every platform
2026-10-10T22:11:07.8832599Z ok 581 - active helper allowlist closes every external identity on every platform
2026-10-10T22:11:07.8839723Z   ---
2026-10-10T22:11:07.8840270Z   duration_ms: 5.4713
2026-10-10T22:11:07.8840791Z   ...
2026-10-10T22:11:07.8841419Z # Subtest: checked helper policy has a closed schema
2026-10-10T22:11:07.8842260Z ok 582 - checked helper policy has a closed schema
2026-10-10T22:11:07.8842887Z   ---
2026-10-10T22:11:07.8843325Z   duration_ms: 2.4064
2026-10-10T22:11:07.8843803Z   ...
2026-10-10T22:11:07.8844506Z # Subtest: pending or incomplete helper allowlists fail closed
2026-10-10T22:11:07.8846870Z ok 583 - pending or incomplete helper allowlists fail closed
2026-10-10T22:11:07.8885942Z   ---
2026-10-10T22:11:07.8894228Z   duration_ms: 1.527
2026-10-10T22:11:07.8895214Z   ...
2026-10-10T22:11:07.8896925Z # Subtest: cleanup receipt requires explicit closure of every requested capability
2026-10-10T22:11:07.8898369Z ok 584 - cleanup receipt requires explicit closure of every requested capability
2026-10-10T22:11:07.8899524Z   ---
2026-10-10T22:11:07.8900190Z   duration_ms: 3.1516
2026-10-10T22:11:07.8900681Z   ...
2026-10-10T22:11:07.8901431Z # Subtest: cleanup receipt rejects incomplete requests and unrelated hosts
2026-10-10T22:11:07.8902847Z ok 585 - cleanup receipt rejects incomplete requests and unrelated hosts
2026-10-10T22:11:07.8903927Z   ---
2026-10-10T22:11:07.8904390Z   duration_ms: 0.3932
2026-10-10T22:11:07.8904878Z   ...
2026-10-10T22:11:07.8905609Z # Subtest: exclusive host lock serializes every asset owned by one host
2026-10-10T22:11:07.8906628Z ok 586 - exclusive host lock serializes every asset owned by one host
2026-10-10T22:11:07.8907363Z   ---
2026-10-10T22:11:07.8907812Z   duration_ms: 9.2281
2026-10-10T22:11:07.8908282Z   ...
2026-10-10T22:11:07.8909098Z # Subtest: reviewed helper digest rejects a substituted file and self-rewritten receipt
2026-10-10T22:11:07.8910358Z ok 587 - reviewed helper digest rejects a substituted file and self-rewritten receipt
2026-10-10T22:11:07.8911161Z   ---
2026-10-10T22:11:07.8911680Z   duration_ms: 49.5751
2026-10-10T22:11:07.8914860Z   ...
2026-10-10T22:11:07.8916095Z # Subtest: host canary is controller-signed, non-support, and signature-verifiable
2026-10-10T22:11:07.8917415Z ok 588 - host canary is controller-signed, non-support, and signature-verifiable
2026-10-10T22:11:07.8919361Z   ---
2026-10-10T22:11:07.8919891Z   duration_ms: 46.3592
2026-10-10T22:11:07.8920439Z   ...
2026-10-10T22:11:07.8921144Z # Subtest: fallback adapter cannot produce a host canary
2026-10-10T22:11:07.8922130Z ok 589 - fallback adapter cannot produce a host canary
2026-10-10T22:11:07.8922871Z   ---
2026-10-10T22:11:07.8923349Z   duration_ms: 0.6513
2026-10-10T22:11:07.8924309Z   ...
2026-10-10T22:11:07.8925149Z # Subtest: Mac controller cannot sign without the complete mobile route evidence
2026-10-10T22:11:07.8926563Z ok 590 - Mac controller cannot sign without the complete mobile route evidence
2026-10-10T22:11:07.8927495Z   ---
2026-10-10T22:11:07.8931868Z   duration_ms: 3.6232
2026-10-10T22:11:07.8932450Z   ...
2026-10-10T22:11:07.8933232Z # Subtest: controller-record verifier rejects non-host record contracts
2026-10-10T22:11:07.8934396Z ok 591 - controller-record verifier rejects non-host record contracts
2026-10-10T22:11:07.8935765Z   ---
2026-10-10T22:11:07.8936279Z   duration_ms: 0.3775
2026-10-10T22:11:07.8937115Z   ...
2026-10-10T22:11:07.8938212Z # Subtest: native signer requires the pinned Windows CNG non-exportable key
2026-10-10T22:11:07.8940218Z ok 592 - native signer requires the pinned Windows CNG non-exportable key
2026-10-10T22:11:07.8947133Z   ---
2026-10-10T22:11:07.8947981Z   duration_ms: 12.8526
2026-10-10T22:11:07.8948535Z   ...
2026-10-10T22:11:07.8949196Z # Subtest: native signer never surfaces provider stderr
2026-10-10T22:11:07.8950081Z ok 593 - native signer never surfaces provider stderr
2026-10-10T22:11:07.8950726Z   ---
2026-10-10T22:11:07.8951166Z   duration_ms: 3.7204
2026-10-10T22:11:07.8951620Z   ...
2026-10-10T22:11:07.8952510Z # Subtest: native signer rejects exportable, wrong-backend, and substituted providers
2026-10-10T22:11:07.8953857Z ok 594 - native signer rejects exportable, wrong-backend, and substituted providers
2026-10-10T22:11:07.8954785Z   ---
2026-10-10T22:11:07.8955295Z   duration_ms: 4.0545
2026-10-10T22:11:07.8955830Z   ...
2026-10-10T22:11:07.8956767Z # Subtest: Unix run.sh launches only through the digest-pinned graphical-session bridge
2026-10-10T22:11:07.8958183Z ok 595 - Unix run.sh launches only through the digest-pinned graphical-session bridge
2026-10-10T22:11:07.8959128Z   ---
2026-10-10T22:11:07.8959626Z   duration_ms: 8.8069
2026-10-10T22:11:07.8960099Z   ...
2026-10-10T22:11:07.8960979Z # Subtest: Unix runner rejects a missing, modified, or wrong-user session bridge
2026-10-10T22:11:07.8962251Z ok 596 - Unix runner rejects a missing, modified, or wrong-user session bridge
2026-10-10T22:11:07.8963130Z   ---
2026-10-10T22:11:07.8963607Z   duration_ms: 3.911
2026-10-10T22:11:07.8964059Z   ...
2026-10-10T22:11:07.8965234Z # Subtest: Unix failed launch returns only checked process-group absence evidence
2026-10-10T22:11:07.8966502Z ok 597 - Unix failed launch returns only checked process-group absence evidence
2026-10-10T22:11:07.8967320Z   ---
2026-10-10T22:11:07.8968112Z   duration_ms: 2.4561
2026-10-10T22:11:07.8968735Z   ...
2026-10-10T22:11:07.8969602Z # Subtest: Windows run.cmd launches only through the digest-pinned console bridge
2026-10-10T22:11:07.8970829Z ok 598 - Windows run.cmd launches only through the digest-pinned console bridge
2026-10-10T22:11:07.8971788Z   ---
2026-10-10T22:11:07.8972225Z   duration_ms: 2.1462
2026-10-10T22:11:07.8972670Z   ...
2026-10-10T22:11:07.8973421Z # Subtest: Windows runner rejects a missing or modified session bridge
2026-10-10T22:11:07.8974574Z ok 599 - Windows runner rejects a missing or modified session bridge
2026-10-10T22:11:07.8975387Z   ---
2026-10-10T22:11:07.8975852Z   duration_ms: 0.8246
2026-10-10T22:11:07.8976345Z   ...
2026-10-10T22:11:07.8977127Z # Subtest: Windows failed launch returns job-object tree termination evidence
2026-10-10T22:11:07.8978975Z ok 600 - Windows failed launch returns job-object tree termination evidence
2026-10-10T22:11:07.8980068Z   ---
2026-10-10T22:11:07.8980542Z   duration_ms: 1.2335
2026-10-10T22:11:07.8981004Z   ...
2026-10-10T22:11:07.8982164Z # Subtest: Windows stop terminates the interactive runner tree before its bridge
2026-10-10T22:11:07.8983201Z ok 601 - Windows stop terminates the interactive runner tree before its bridge
2026-10-10T22:11:07.8984105Z   ---
2026-10-10T22:11:07.8984699Z   duration_ms: 2.1179
2026-10-10T22:11:07.8985681Z   ...
2026-10-10T22:11:07.8986636Z # Subtest: assignment timeout waits for broker-observed online-idle deadline evidence
2026-10-10T22:11:07.8987906Z ok 602 - assignment timeout waits for broker-observed online-idle deadline evidence
2026-10-10T22:11:07.8988784Z   ---
2026-10-10T22:11:07.8989251Z   duration_ms: 17.3284
2026-10-10T22:11:07.8989752Z   ...
2026-10-10T22:11:07.8990570Z # Subtest: assignment timeout rejects stale or ever-busy broker observations
2026-10-10T22:11:07.8991910Z ok 603 - assignment timeout rejects stale or ever-busy broker observations
2026-10-10T22:11:07.8992717Z   ---
2026-10-10T22:11:07.8993198Z   duration_ms: 10.1563
2026-10-10T22:11:07.8993703Z   ...
2026-10-10T22:11:07.8994529Z # Subtest: Unix stop terminates the interactive runner group through its bridge
2026-10-10T22:11:07.8995742Z ok 604 - Unix stop terminates the interactive runner group through its bridge
2026-10-10T22:11:07.8996903Z   ---
2026-10-10T22:11:07.8997383Z   duration_ms: 0.948
2026-10-10T22:11:07.8997849Z   ...
2026-10-10T22:11:07.8998593Z # Subtest: Unix stop checks the runner group after the launch bridge exits
2026-10-10T22:11:07.8999713Z ok 605 - Unix stop checks the runner group after the launch bridge exits
2026-10-10T22:11:07.9000487Z   ---
2026-10-10T22:11:07.9000915Z   duration_ms: 0.7094
2026-10-10T22:11:07.9001371Z   ...
2026-10-10T22:11:07.9002136Z # Subtest: Unix stop escalates to checked process-group SIGKILL after timeout
2026-10-10T22:11:07.9003232Z ok 606 - Unix stop escalates to checked process-group SIGKILL after timeout
2026-10-10T22:11:07.9003972Z   ---
2026-10-10T22:11:07.9004460Z   duration_ms: 0.5789
2026-10-10T22:11:07.9004970Z   ...
2026-10-10T22:11:07.9005995Z # Subtest: Unix stop bounds force-kill absence and leaves cleanup unproven
2026-10-10T22:11:07.9007202Z ok 607 - Unix stop bounds force-kill absence and leaves cleanup unproven
2026-10-10T22:11:07.9008091Z   ---
2026-10-10T22:11:07.9008630Z   duration_ms: 0.6513
2026-10-10T22:11:07.9009135Z   ...
2026-10-10T22:11:07.9009929Z # Subtest: Unix stop rejects an unproven force kill even if the bridge exits
2026-10-10T22:11:07.9011042Z ok 608 - Unix stop rejects an unproven force kill even if the bridge exits
2026-10-10T22:11:07.9012148Z   ---
2026-10-10T22:11:07.9012553Z   duration_ms: 0.7226
2026-10-10T22:11:07.9012977Z   ...
2026-10-10T22:11:07.9345075Z # Subtest: every installed service launches polling orchestration, not health-only mode
2026-10-10T22:11:07.9346203Z ok 609 - every installed service launches polling orchestration, not health-only mode
2026-10-10T22:11:07.9355545Z   ---
2026-10-10T22:11:07.9356520Z   duration_ms: 3.9785
2026-10-10T22:11:07.9357151Z   ...
2026-10-10T22:11:07.9362321Z # Subtest: Windows service delegates runner launch to the pinned physical-console bridge
2026-10-10T22:11:07.9365263Z ok 610 - Windows service delegates runner launch to the pinned physical-console bridge
2026-10-10T22:11:07.9367604Z   ---
2026-10-10T22:11:07.9368095Z   duration_ms: 2.1583
2026-10-10T22:11:07.9368635Z   ...
2026-10-10T22:11:07.9371801Z # Subtest: macOS and Linux services delegate to the pinned graphical-login bridge
2026-10-10T22:11:07.9375783Z ok 611 - macOS and Linux services delegate to the pinned graphical-login bridge
2026-10-10T22:11:07.9376473Z   ---
2026-10-10T22:11:07.9377036Z   duration_ms: 2.3705
2026-10-10T22:11:07.9377639Z   ...
2026-10-10T22:11:08.0368169Z # Subtest: loaded service runtime controls cross the sanitized JIT boundary
2026-10-10T22:11:08.0370215Z ok 612 - loaded service runtime controls cross the sanitized JIT boundary
2026-10-10T22:11:08.0371164Z   ---
2026-10-10T22:11:08.0371518Z   duration_ms: 34.4104
2026-10-10T22:11:08.0371843Z   ...
2026-10-10T22:11:08.0538536Z # Subtest: Linux discovery requires the checked unlocked local GNOME Wayland login
2026-10-10T22:11:08.0539916Z ok 613 - Linux discovery requires the checked unlocked local GNOME Wayland login
2026-10-10T22:11:08.0540712Z   ---
2026-10-10T22:11:08.0541035Z   duration_ms: 2.9745
2026-10-10T22:11:08.0541407Z   ...
2026-10-10T22:11:08.0542091Z # Subtest: macOS discovery requires the checked unlocked on-console Aqua login
2026-10-10T22:11:08.0543139Z ok 614 - macOS discovery requires the checked unlocked on-console Aqua login
2026-10-10T22:11:08.0543836Z   ---
2026-10-10T22:11:08.0544150Z   duration_ms: 0.5636
2026-10-10T22:11:08.0544490Z   ...
2026-10-10T22:11:08.0545275Z # Subtest: interactive environment keeps runtime controls but replaces controller identity
2026-10-10T22:11:08.0546534Z ok 615 - interactive environment keeps runtime controls but replaces controller identity
2026-10-10T22:11:08.0547311Z   ---
2026-10-10T22:11:08.0547606Z   duration_ms: 0.393
2026-10-10T22:11:08.0547916Z   ...
2026-10-10T22:11:08.0548621Z # Subtest: runner handoff preserves the verified distribution ownership boundary
2026-10-10T22:11:08.0550958Z ok 616 - runner handoff preserves the verified distribution ownership boundary
2026-10-10T22:11:08.0551641Z   ---
2026-10-10T22:11:08.0551939Z   duration_ms: 19.5403
2026-10-10T22:11:08.0552275Z   ...
2026-10-10T22:11:08.0552943Z # Subtest: job-root traversal is granted only to the checked graphical identity
2026-10-10T22:11:08.0553994Z ok 617 - job-root traversal is granted only to the checked graphical identity
2026-10-10T22:11:08.0554666Z   ---
2026-10-10T22:11:08.0554976Z   duration_ms: 6.0386
2026-10-10T22:11:08.0555305Z   ...
2026-10-10T22:11:08.0555923Z # Subtest: job-root ACL supports launch and cleanup across real Unix UIDs
2026-10-10T22:11:08.0557333Z ok 618 - job-root ACL supports launch and cleanup across real Unix UIDs # SKIP
2026-10-10T22:11:08.0558045Z   ---
2026-10-10T22:11:08.0558345Z   duration_ms: 0.1881
2026-10-10T22:11:08.0558684Z   ...
2026-10-10T22:11:08.0559342Z # Subtest: transient handoff has no privileged recursive reclamation surface
2026-10-10T22:11:08.0560362Z ok 619 - transient handoff has no privileged recursive reclamation surface
2026-10-10T22:11:08.0561026Z   ---
2026-10-10T22:11:08.0561338Z   duration_ms: 0.4374
2026-10-10T22:11:08.0561663Z   ...
2026-10-10T22:11:08.0562274Z # Subtest: forced runner cleanup requires bounded process-group absence
2026-10-10T22:11:08.0563239Z ok 620 - forced runner cleanup requires bounded process-group absence
2026-10-10T22:11:08.0563851Z   ---
2026-10-10T22:11:08.0564147Z   duration_ms: 1.1618
2026-10-10T22:11:08.0564482Z   ...
2026-10-10T22:11:08.0564748Z 1..620
2026-10-10T22:11:08.0565027Z # tests 620
2026-10-10T22:11:08.0565332Z # suites 0
2026-10-10T22:11:08.0565629Z # pass 619
2026-10-10T22:11:08.0565898Z # fail 0
2026-10-10T22:11:08.0566178Z # cancelled 0
2026-10-10T22:11:08.0566822Z # skipped 1
2026-10-10T22:11:08.0567161Z # todo 0
2026-10-10T22:11:08.0567485Z # duration_ms 15886.6532
2026-10-10T22:11:27.5069805Z 
2026-10-10T22:11:27.5071102Z added 18 packages, and audited 19 packages in 13s
2026-10-10T22:11:27.5071625Z 
2026-10-10T22:11:27.5071821Z 1 package is looking for funding
2026-10-10T22:11:27.5072182Z   run `npm fund` for details
2026-10-10T22:11:27.5081665Z 
2026-10-10T22:11:27.5082049Z found 0 vulnerabilities
2026-10-10T22:15:01.2835868Z {
2026-10-10T22:15:01.2836544Z   "package": "@forge3d/web",
2026-10-10T22:15:01.2837154Z   "tarball": "forge3d-web-1.26.3.tgz",
2026-10-10T22:15:01.2838058Z   "packageSha256": "ed478c7b7b80178c7e60220a8324980c37c730160d35b822c652f49e91ddca1f",
2026-10-10T22:15:01.2839007Z   "installedFromAbsoluteTarball": true,
2026-10-10T22:15:01.2839618Z   "fixtureServedFromConsumer": true,
2026-10-10T22:15:01.2840518Z   "browserGatePassed": true,
2026-10-10T22:15:01.2841070Z   "evidenceMode": "probe"
2026-10-10T22:15:01.2841617Z }
2026-10-10T22:15:01.7423969Z ##[group]Run npm run test:package-consumer:w13
2026-10-10T22:15:01.7424516Z [36;1mnpm run test:package-consumer:w13[0m
2026-10-10T22:15:01.7502767Z shell: C:\Program Files\PowerShell\7\pwsh.EXE -command ". '{0}'"
2026-10-10T22:15:01.7503270Z env:
2026-10-10T22:15:01.7503523Z   CARGO_TERM_COLOR: always
2026-10-10T22:15:01.7503813Z   RUST_BACKTRACE: 1
2026-10-10T22:15:01.7504125Z   CARGO_HOME: C:\Users\runneradmin\.cargo
2026-10-10T22:15:01.7504451Z   CARGO_INCREMENTAL: 0
2026-10-10T22:15:01.7504718Z ##[endgroup]
2026-10-10T22:15:02.4084176Z 
2026-10-10T22:15:02.4084920Z > @forge3d/web@1.26.3 test:package-consumer:w13
2026-10-10T22:15:02.4085778Z > node scripts/test-w13-package-consumer.mjs
2026-10-10T22:15:02.4086211Z 
2026-10-10T22:16:01.6911128Z Installed W13 render: verified
2026-10-10T22:16:01.7947115Z Installed W13 outline: verified
2026-10-10T22:16:02.5226677Z Installed W13 depth: verified
2026-10-10T22:16:02.8833158Z Installed W13 session: verified
2026-10-10T22:16:03.1148856Z Installed W13 viewer: verified
2026-10-10T22:16:04.6108415Z Installed W13 viewerReview: verified
2026-10-10T22:16:04.8866195Z Installed W13 viewerBudget: verified
2026-10-10T22:16:05.0046056Z Installed W13 lineReview: verified
2026-10-10T22:16:05.0271264Z Installed W13 contracts: verified
2026-10-10T22:16:05.9863877Z Vite-built installed W13 shaping/asset graph: verified
2026-10-10T22:16:05.9872430Z W13 installed tarball acceptance passed: ed478c7b7b80178c7e60220a8324980c37c730160d35b822c652f49e91ddca1f
2026-10-10T22:16:06.3830195Z ##[group]Run npm run test:package-consumer:w14
2026-10-10T22:16:06.3830882Z [36;1mnpm run test:package-consumer:w14[0m
2026-10-10T22:16:06.3910892Z shell: C:\Program Files\PowerShell\7\pwsh.EXE -command ". '{0}'"
2026-10-10T22:16:06.3911318Z env:
2026-10-10T22:16:06.3911610Z   CARGO_TERM_COLOR: always
2026-10-10T22:16:06.3911905Z   RUST_BACKTRACE: 1
2026-10-10T22:16:06.3912191Z   CARGO_HOME: C:\Users\runneradmin\.cargo
2026-10-10T22:16:06.3912519Z   CARGO_INCREMENTAL: 0
2026-10-10T22:16:06.3912822Z ##[endgroup]
2026-10-10T22:16:07.0663506Z 
2026-10-10T22:16:07.0664204Z > @forge3d/web@1.26.3 test:package-consumer:w14
2026-10-10T22:16:07.0666529Z > node scripts/test-w14-package-consumer.mjs
2026-10-10T22:16:07.0667067Z 
2026-10-10T22:16:58.2647882Z Installed W14 coordinates: executed
2026-10-10T22:16:58.6131546Z Installed W14 geometry: executed
2026-10-10T22:17:02.2075982Z Installed W14 alignment: executed
2026-10-10T22:17:02.6468305Z Installed W14 grids: executed
2026-10-10T22:17:02.6798149Z Installed W14 datasets: executed
2026-10-10T22:17:02.9758180Z Installed W14 lifetime: executed
2026-10-10T22:17:03.3132715Z Installed W14 lostDevice: executed
2026-10-10T22:17:03.6578400Z W14 installed tarball, strict CSP, public declarations and fully offline fresh worker: PASS
2026-10-10T22:17:04.0641084Z ##[group]Run npm run test:package-consumer:w15
2026-10-10T22:17:04.0641663Z [36;1mnpm run test:package-consumer:w15[0m
2026-10-10T22:17:04.0722594Z shell: C:\Program Files\PowerShell\7\pwsh.EXE -command ". '{0}'"
2026-10-10T22:17:04.0723067Z env:
2026-10-10T22:17:04.0723341Z   CARGO_TERM_COLOR: always
2026-10-10T22:17:04.0723653Z   RUST_BACKTRACE: 1
2026-10-10T22:17:04.0724010Z   CARGO_HOME: C:\Users\runneradmin\.cargo
2026-10-10T22:17:04.0724367Z   CARGO_INCREMENTAL: 0
2026-10-10T22:17:04.0724659Z ##[endgroup]
2026-10-10T22:17:04.7019182Z 
2026-10-10T22:17:04.7019856Z > @forge3d/web@1.26.3 test:package-consumer:w15
2026-10-10T22:17:04.7020512Z > node scripts/test-w15-package-consumer.mjs
2026-10-10T22:17:04.7023732Z 
2026-10-10T22:18:03.3284360Z {
2026-10-10T22:18:03.3285479Z   "schemaVersion": 1,
2026-10-10T22:18:03.3286054Z   "verifiedAt": "2026-10-10T22:18:03.325Z",
2026-10-10T22:18:03.3286555Z   "browserVersion": "148.0.7778.96",
2026-10-10T22:18:03.3287055Z   "platform": "win32",
2026-10-10T22:18:03.3287754Z   "packageSha256": "ed478c7b7b80178c7e60220a8324980c37c730160d35b822c652f49e91ddca1f",
2026-10-10T22:18:03.3288458Z   "io": {
2026-10-10T22:18:03.3288772Z     "familyRoundtrips": [
2026-10-10T22:18:03.3289135Z       {
2026-10-10T22:18:03.3289420Z         "name": "cube",
2026-10-10T22:18:03.3289761Z         "format": "obj",
2026-10-10T22:18:03.3290139Z         "triangles": 12,
2026-10-10T22:18:03.3290540Z         "expectedTriangles": 12,
2026-10-10T22:18:03.3290952Z         "vertices": 24,
2026-10-10T22:18:03.3291327Z         "expectedVertices": 24,
2026-10-10T22:18:03.3291721Z         "topology": true,
2026-10-10T22:18:03.3292071Z         "boundsError": 0,
2026-10-10T22:18:03.3292677Z         "positionError": 0,
2026-10-10T22:18:03.3293089Z         "normalError": 0,
2026-10-10T22:18:03.3293428Z         "uvError": 0,
2026-10-10T22:18:03.3293756Z         "tangentError": null
2026-10-10T22:18:03.3294112Z       },
2026-10-10T22:18:03.3294386Z       {
2026-10-10T22:18:03.3294659Z         "name": "cube",
2026-10-10T22:18:03.3294995Z         "format": "stl",
2026-10-10T22:18:03.3295347Z         "triangles": 12,
2026-10-10T22:18:03.3295731Z         "expectedTriangles": 12,
2026-10-10T22:18:03.3296129Z         "vertices": 36,
2026-10-10T22:18:03.3296516Z         "expectedVertices": 36,
2026-10-10T22:18:03.3296898Z         "topology": true,
2026-10-10T22:18:03.3297600Z         "boundsError": 0,
2026-10-10T22:18:03.3297963Z         "positionError": 0,
2026-10-10T22:18:03.3298332Z         "normalError": 0,
2026-10-10T22:18:03.3298683Z         "uvError": null,
2026-10-10T22:18:03.3299035Z         "tangentError": null
2026-10-10T22:18:03.3299399Z       },
2026-10-10T22:18:03.3299660Z       {
2026-10-10T22:18:03.3299937Z         "name": "cube",
2026-10-10T22:18:03.3300284Z         "format": "glb",
2026-10-10T22:18:03.3300633Z         "triangles": 12,
2026-10-10T22:18:03.3301019Z         "expectedTriangles": 12,
2026-10-10T22:18:03.3301432Z         "vertices": 24,
2026-10-10T22:18:03.3301806Z         "expectedVertices": 24,
2026-10-10T22:18:03.3302194Z         "topology": true,
2026-10-10T22:18:03.3302546Z         "boundsError": 0,
2026-10-10T22:18:03.3302910Z         "positionError": 0,
2026-10-10T22:18:03.3303279Z         "normalError": 0,
2026-10-10T22:18:03.3303623Z         "uvError": 0,
2026-10-10T22:18:03.3303970Z         "tangentError": 0
2026-10-10T22:18:03.3304954Z       },
2026-10-10T22:18:03.3305224Z       {
2026-10-10T22:18:03.3314627Z         "name": "plane",
2026-10-10T22:18:03.3315059Z         "format": "obj",
2026-10-10T22:18:03.3316001Z         "triangles": 8,
2026-10-10T22:18:03.3316754Z         "expectedTriangles": 8,
2026-10-10T22:18:03.3317195Z         "vertices": 9,
2026-10-10T22:18:03.3319076Z         "expectedVertices": 9,
2026-10-10T22:18:03.3319594Z         "topology": true,
2026-10-10T22:18:03.3319995Z         "boundsError": 0,
2026-10-10T22:18:03.3320379Z         "positionError": 0,
2026-10-10T22:18:03.3324833Z         "normalError": 0,
2026-10-10T22:18:03.3372267Z         "uvError": 0,
2026-10-10T22:18:03.3374979Z         "tangentError": null
2026-10-10T22:18:03.3375399Z       },
2026-10-10T22:18:03.3376420Z       {
2026-10-10T22:18:03.3377015Z         "name": "plane",
2026-10-10T22:18:03.3377699Z         "format": "stl",
2026-10-10T22:18:03.3378092Z         "triangles": 8,
2026-10-10T22:18:03.3378533Z         "expectedTriangles": 8,
2026-10-10T22:18:03.3382320Z         "vertices": 24,
2026-10-10T22:18:03.3382783Z         "expectedVertices": 24,
2026-10-10T22:18:03.3383224Z         "topology": true,
2026-10-10T22:18:03.3383903Z         "boundsError": 0,
2026-10-10T22:18:03.3384395Z         "positionError": 0,
2026-10-10T22:18:03.3384783Z         "normalError": 0,
2026-10-10T22:18:03.3385158Z         "uvError": null,
2026-10-10T22:18:03.3385524Z         "tangentError": null
2026-10-10T22:18:03.3385881Z       },
2026-10-10T22:18:03.3386151Z       {
2026-10-10T22:18:03.3386450Z         "name": "plane",
2026-10-10T22:18:03.3386800Z         "format": "glb",
2026-10-10T22:18:03.3387161Z         "triangles": 8,
2026-10-10T22:18:03.3387554Z         "expectedTriangles": 8,
2026-10-10T22:18:03.3387935Z         "vertices": 9,
2026-10-10T22:18:03.3389894Z         "expectedVertices": 9,
2026-10-10T22:18:03.3390539Z         "topology": true,
2026-10-10T22:18:03.3390895Z         "boundsError": 0,
2026-10-10T22:18:03.3391268Z         "positionError": 0,
2026-10-10T22:18:03.3391640Z         "normalError": 0,
2026-10-10T22:18:03.3391994Z         "uvError": 0,
2026-10-10T22:18:03.3392536Z         "tangentError": 0
2026-10-10T22:18:03.3393339Z       },
2026-10-10T22:18:03.3393620Z       {
2026-10-10T22:18:03.3394324Z         "name": "tube",
2026-10-10T22:18:03.3394682Z         "format": "obj",
2026-10-10T22:18:03.3396102Z         "triangles": 48,
2026-10-10T22:18:03.3396500Z         "expectedTriangles": 48,
2026-10-10T22:18:03.3397381Z         "vertices": 26,
2026-10-10T22:18:03.3397815Z         "expectedVertices": 26,
2026-10-10T22:18:03.3398208Z         "topology": true,
2026-10-10T22:18:03.3398564Z         "boundsError": 0,
2026-10-10T22:18:03.3399191Z         "positionError": 0,
2026-10-10T22:18:03.3399571Z         "normalError": 0,
2026-10-10T22:18:03.3399917Z         "uvError": 0,
2026-10-10T22:18:03.3400256Z         "tangentError": null
2026-10-10T22:18:03.3400977Z       },
2026-10-10T22:18:03.3401243Z       {
2026-10-10T22:18:03.3401525Z         "name": "tube",
2026-10-10T22:18:03.3401878Z         "format": "stl",
2026-10-10T22:18:03.3402226Z         "triangles": 48,
2026-10-10T22:18:03.3402617Z         "expectedTriangles": 48,
2026-10-10T22:18:03.3403015Z         "vertices": 144,
2026-10-10T22:18:03.3404139Z         "expectedVertices": 144,
2026-10-10T22:18:03.3405192Z         "topology": true,
2026-10-10T22:18:03.3405570Z         "boundsError": 0,
2026-10-10T22:18:03.3405964Z         "positionError": 0,
2026-10-10T22:18:03.3406488Z         "normalError": 2.7798061852379874e-8,
2026-10-10T22:18:03.3407002Z         "uvError": null,
2026-10-10T22:18:03.3407519Z         "tangentError": null
2026-10-10T22:18:03.3408263Z       },
2026-10-10T22:18:03.3408664Z       {
2026-10-10T22:18:03.3409596Z         "name": "tube",
2026-10-10T22:18:03.3410076Z         "format": "glb",
2026-10-10T22:18:03.3410748Z         "triangles": 48,
2026-10-10T22:18:03.3411641Z         "expectedTriangles": 48,
2026-10-10T22:18:03.3412244Z         "vertices": 26,
2026-10-10T22:18:03.3412860Z         "expectedVertices": 26,
2026-10-10T22:18:03.3413333Z         "topology": true,
2026-10-10T22:18:03.3413824Z         "boundsError": 0,
2026-10-10T22:18:03.3414305Z         "positionError": 0,
2026-10-10T22:18:03.3414791Z         "normalError": 0,
2026-10-10T22:18:03.3415344Z         "uvError": 0,
2026-10-10T22:18:03.3415775Z         "tangentError": 0
2026-10-10T22:18:03.3416187Z       },
2026-10-10T22:18:03.3416564Z       {
2026-10-10T22:18:03.3416903Z         "name": "ribbon",
2026-10-10T22:18:03.3419196Z         "format": "obj",
2026-10-10T22:18:03.3419804Z         "triangles": 4,
2026-10-10T22:18:03.3420347Z         "expectedTriangles": 4,
2026-10-10T22:18:03.3421250Z         "vertices": 6,
2026-10-10T22:18:03.3421783Z         "expectedVertices": 6,
2026-10-10T22:18:03.3422312Z         "topology": true,
2026-10-10T22:18:03.3422791Z         "boundsError": 0,
2026-10-10T22:18:03.3423875Z         "positionError": 0,
2026-10-10T22:18:03.3424709Z         "normalError": 0,
2026-10-10T22:18:03.3425209Z         "uvError": 0,
2026-10-10T22:18:03.3425694Z         "tangentError": null
2026-10-10T22:18:03.3426162Z       },
2026-10-10T22:18:03.3426553Z       {
2026-10-10T22:18:03.3426949Z         "name": "ribbon",
2026-10-10T22:18:03.3427463Z         "format": "stl",
2026-10-10T22:18:03.3427983Z         "triangles": 4,
2026-10-10T22:18:03.3428495Z         "expectedTriangles": 4,
2026-10-10T22:18:03.3428992Z         "vertices": 12,
2026-10-10T22:18:03.3429603Z         "expectedVertices": 12,
2026-10-10T22:18:03.3430165Z         "topology": true,
2026-10-10T22:18:03.3430630Z         "boundsError": 0,
2026-10-10T22:18:03.3431106Z         "positionError": 0,
2026-10-10T22:18:03.3431654Z         "normalError": 0,
2026-10-10T22:18:03.3433125Z         "uvError": null,
2026-10-10T22:18:03.3435065Z         "tangentError": null
2026-10-10T22:18:03.3435627Z       },
2026-10-10T22:18:03.3436818Z       {
2026-10-10T22:18:03.3437222Z         "name": "ribbon",
2026-10-10T22:18:03.3437710Z         "format": "glb",
2026-10-10T22:18:03.3438148Z         "triangles": 4,
2026-10-10T22:18:03.3438983Z         "expectedTriangles": 4,
2026-10-10T22:18:03.3440158Z         "vertices": 6,
2026-10-10T22:18:03.3440834Z         "expectedVertices": 6,
2026-10-10T22:18:03.3441294Z         "topology": true,
2026-10-10T22:18:03.3441700Z         "boundsError": 0,
2026-10-10T22:18:03.3442357Z         "positionError": 0,
2026-10-10T22:18:03.3442753Z         "normalError": 0,
2026-10-10T22:18:03.3443379Z         "uvError": 0,
2026-10-10T22:18:03.3443805Z         "tangentError": 0
2026-10-10T22:18:03.3444168Z       },
2026-10-10T22:18:03.3444479Z       {
2026-10-10T22:18:03.3444835Z         "name": "extrusion",
2026-10-10T22:18:03.3445317Z         "format": "obj",
2026-10-10T22:18:03.3445737Z         "triangles": 12,
2026-10-10T22:18:03.3446197Z         "expectedTriangles": 12,
2026-10-10T22:18:03.3446935Z         "vertices": 24,
2026-10-10T22:18:03.3447360Z         "expectedVertices": 24,
2026-10-10T22:18:03.3447796Z         "topology": true,
2026-10-10T22:18:03.3448246Z         "boundsError": 0,
2026-10-10T22:18:03.3448662Z         "positionError": 0,
2026-10-10T22:18:03.3449077Z         "normalError": 0,
2026-10-10T22:18:03.3449478Z         "uvError": 0,
2026-10-10T22:18:03.3449900Z         "tangentError": null
2026-10-10T22:18:03.3450306Z       },
2026-10-10T22:18:03.3450634Z       {
2026-10-10T22:18:03.3451008Z         "name": "extrusion",
2026-10-10T22:18:03.3451458Z         "format": "stl",
2026-10-10T22:18:03.3451898Z         "triangles": 12,
2026-10-10T22:18:03.3452434Z         "expectedTriangles": 12,
2026-10-10T22:18:03.3452877Z         "vertices": 36,
2026-10-10T22:18:03.3453331Z         "expectedVertices": 36,
2026-10-10T22:18:03.3453783Z         "topology": true,
2026-10-10T22:18:03.3454259Z         "boundsError": 0,
2026-10-10T22:18:03.3454706Z         "positionError": 0,
2026-10-10T22:18:03.3455166Z         "normalError": 0,
2026-10-10T22:18:03.3455629Z         "uvError": null,
2026-10-10T22:18:03.3456040Z         "tangentError": null
2026-10-10T22:18:03.3456459Z       },
2026-10-10T22:18:03.3456825Z       {
2026-10-10T22:18:03.3457185Z         "name": "extrusion",
2026-10-10T22:18:03.3457609Z         "format": "glb",
2026-10-10T22:18:03.3458016Z         "triangles": 12,
2026-10-10T22:18:03.3459312Z         "expectedTriangles": 12,
2026-10-10T22:18:03.3459947Z         "vertices": 24,
2026-10-10T22:18:03.3461026Z         "expectedVertices": 24,
2026-10-10T22:18:03.3462006Z         "topology": true,
2026-10-10T22:18:03.3462476Z         "boundsError": 0,
2026-10-10T22:18:03.3462924Z         "positionError": 0,
2026-10-10T22:18:03.3463418Z         "normalError": 0,
2026-10-10T22:18:03.3463848Z         "uvError": 0,
2026-10-10T22:18:03.3464327Z         "tangentError": 0
2026-10-10T22:18:03.3464742Z       }
2026-10-10T22:18:03.3465120Z     ],
2026-10-10T22:18:03.3465496Z     "roundtrips": [
2026-10-10T22:18:03.3465886Z       {
2026-10-10T22:18:03.3466284Z         "format": "obj",
2026-10-10T22:18:03.3466705Z         "vertices": 3,
2026-10-10T22:18:03.3467120Z         "triangles": 1,
2026-10-10T22:18:03.3467579Z         "topology": true,
2026-10-10T22:18:03.3468033Z         "positionError": 0,
2026-10-10T22:18:03.3468891Z         "normalError": 0,
2026-10-10T22:18:03.3470205Z         "uvError": 0
2026-10-10T22:18:03.3470818Z       },
2026-10-10T22:18:03.3471213Z       {
2026-10-10T22:18:03.3471621Z         "format": "stl",
2026-10-10T22:18:03.3472136Z         "vertices": 3,
2026-10-10T22:18:03.3472597Z         "triangles": 1,
2026-10-10T22:18:03.3473077Z         "topology": true,
2026-10-10T22:18:03.3473583Z         "positionError": 0,
2026-10-10T22:18:03.3474028Z         "normalError": 0,
2026-10-10T22:18:03.3474471Z         "uvError": null
2026-10-10T22:18:03.3474856Z       },
2026-10-10T22:18:03.3475232Z       {
2026-10-10T22:18:03.3475593Z         "format": "glb",
2026-10-10T22:18:03.3475991Z         "vertices": 3,
2026-10-10T22:18:03.3476421Z         "triangles": 1,
2026-10-10T22:18:03.3476805Z         "topology": true,
2026-10-10T22:18:03.3477215Z         "positionError": 0,
2026-10-10T22:18:03.3477625Z         "normalError": 0,
2026-10-10T22:18:03.3478044Z         "uvError": 0
2026-10-10T22:18:03.3478404Z       }
2026-10-10T22:18:03.3478717Z     ],
2026-10-10T22:18:03.3479098Z     "plainCounts": [
2026-10-10T22:18:03.3479466Z       1,
2026-10-10T22:18:03.3479781Z       1,
2026-10-10T22:18:03.3480154Z       1
2026-10-10T22:18:03.3480492Z     ],
2026-10-10T22:18:03.3480894Z     "mtl": "facade.png",
2026-10-10T22:18:03.3481655Z     "sinkBytes": 864,
2026-10-10T22:18:03.3482128Z     "pngExact": true,
2026-10-10T22:18:03.3482538Z     "hdrError": 0,
2026-10-10T22:18:03.3483009Z     "cancelled": "REQUEST_CANCELLED",
2026-10-10T22:18:03.3483582Z     "budget": "RESOURCE_LIMIT_EXCEEDED",
2026-10-10T22:18:03.3484066Z     "diagnostics": {
2026-10-10T22:18:03.3484693Z       "status": "error",
2026-10-10T22:18:03.3485311Z       "supportLevel": "placeholder/fallback",
2026-10-10T22:18:03.3485971Z       "texturedMaterialStatus": "placeholder/fallback",
2026-10-10T22:18:03.3486531Z       "diagnostics": [
2026-10-10T22:18:03.3486941Z         {
2026-10-10T22:18:03.3487418Z           "code": "placeholder_fallback",
2026-10-10T22:18:03.3487993Z           "objectId": "house",
2026-10-10T22:18:03.3488478Z           "severity": "error",
2026-10-10T22:18:03.3488961Z           "details": {
2026-10-10T22:18:03.3489416Z             "material_id": "wall",
2026-10-10T22:18:03.3490145Z             "feature": "building textured material scalar fallback"
2026-10-10T22:18:03.3490749Z           }
2026-10-10T22:18:03.3491087Z         }
2026-10-10T22:18:03.3491515Z       ],
2026-10-10T22:18:03.3491955Z       "unsupportedFeatures": {
2026-10-10T22:18:03.3492580Z         "buildings.textured_pbr": "unsupported"
2026-10-10T22:18:03.3493156Z       },
2026-10-10T22:18:03.3509094Z       "texturedMaterials": [
2026-10-10T22:18:03.3512044Z         {
2026-10-10T22:18:03.3512631Z           "materialId": "wall",
2026-10-10T22:18:03.3513317Z           "objectId": "house",
2026-10-10T22:18:03.3513770Z           "albedoTexture": "wall.png",
2026-10-10T22:18:03.3514225Z           "uvAvailable": true,
2026-10-10T22:18:03.3514638Z           "assetAvailable": true,
2026-10-10T22:18:03.3515088Z           "scalarFallback": true
2026-10-10T22:18:03.3515437Z         }
2026-10-10T22:18:03.3515680Z       ]
2026-10-10T22:18:03.3515967Z     }
2026-10-10T22:18:03.3516456Z   },
2026-10-10T22:18:03.3516728Z   "worker": {
2026-10-10T22:18:03.3517027Z     "inputDetached": true,
2026-10-10T22:18:03.3517471Z     "ownedIntact": true,
2026-10-10T22:18:03.3517822Z     "returnedDetached": true,
2026-10-10T22:18:03.3518250Z     "vertices": 81,
2026-10-10T22:18:03.3518571Z     "triangles": 128,
2026-10-10T22:18:03.3518893Z     "mode": "transferable",
2026-10-10T22:18:03.3519239Z     "valid": true
2026-10-10T22:18:03.3519515Z   },
2026-10-10T22:18:03.3519758Z   "geometry": {
2026-10-10T22:18:03.3520051Z     "projectedBounds": {
2026-10-10T22:18:03.3520375Z       "min": [
2026-10-10T22:18:03.3520652Z         0,
2026-10-10T22:18:03.3520904Z         0,
2026-10-10T22:18:03.3521161Z         0
2026-10-10T22:18:03.3521459Z       ],
2026-10-10T22:18:03.3521716Z       "max": [
2026-10-10T22:18:03.3522338Z         3414.387939453125,
2026-10-10T22:18:03.3522737Z         3330.4814453125,
2026-10-10T22:18:03.3523338Z         4
2026-10-10T22:18:03.3523634Z       ]
2026-10-10T22:18:03.3523918Z     },
2026-10-10T22:18:03.3524201Z     "counts": {
2026-10-10T22:18:03.3524504Z       "1048576": 1581,
2026-10-10T22:18:03.3524822Z       "1048577": 785
2026-10-10T22:18:03.3525138Z     },
2026-10-10T22:18:03.3525401Z     "colors": {
2026-10-10T22:18:03.3525696Z       "1048576": [
2026-10-10T22:18:03.3526001Z         0.5499999523162842,
2026-10-10T22:18:03.3526360Z         0.2499999850988388,
2026-10-10T22:18:03.3526738Z         0.17999999225139618
2026-10-10T22:18:03.3527078Z       ],
2026-10-10T22:18:03.3527366Z       "1048577": [
2026-10-10T22:18:03.3527675Z         0.03999999910593033,
2026-10-10T22:18:03.3528023Z         0.03999999910593033,
2026-10-10T22:18:03.3528375Z         0.05000000074505806
2026-10-10T22:18:03.3528701Z       ]
2026-10-10T22:18:03.3528963Z     },
2026-10-10T22:18:03.3529255Z     "materialIndices": [
2026-10-10T22:18:03.3529615Z       2,
2026-10-10T22:18:03.3529874Z       3
2026-10-10T22:18:03.3530134Z     ],
2026-10-10T22:18:03.3530394Z     "near": {
2026-10-10T22:18:03.3530698Z       "batchCount": 2,
2026-10-10T22:18:03.3531042Z       "totalInstances": 2,
2026-10-10T22:18:03.3531415Z       "visibleInstances": 2,
2026-10-10T22:18:03.3531806Z       "culledInstances": 0,
2026-10-10T22:18:03.3532184Z       "lodInstanceCounts": [
2026-10-10T22:18:03.3532537Z         2,
2026-10-10T22:18:03.3532808Z         0
2026-10-10T22:18:03.3533338Z       ],
2026-10-10T22:18:03.3533627Z       "hlodClusterDraws": 0,
2026-10-10T22:18:03.3534051Z       "hlodCoveredInstances": 0,
2026-10-10T22:18:03.3534474Z       "effectiveDraws": 2
2026-10-10T22:18:03.3534815Z     },
2026-10-10T22:18:03.3535083Z     "far": {
2026-10-10T22:18:03.3535385Z       "batchCount": 2,
2026-10-10T22:18:03.3535725Z       "totalInstances": 2,
2026-10-10T22:18:03.3536093Z       "visibleInstances": 2,
2026-10-10T22:18:03.3536487Z       "culledInstances": 0,
2026-10-10T22:18:03.3536855Z       "lodInstanceCounts": [
2026-10-10T22:18:03.3537214Z         0,
2026-10-10T22:18:03.3537485Z         2
2026-10-10T22:18:03.3537763Z       ],
2026-10-10T22:18:03.3538049Z       "hlodClusterDraws": 0,
2026-10-10T22:18:03.3538467Z       "hlodCoveredInstances": 0,
2026-10-10T22:18:03.3538875Z       "effectiveDraws": 2
2026-10-10T22:18:03.3539214Z     },
2026-10-10T22:18:03.3539487Z     "cityBounds": {
2026-10-10T22:18:03.3539799Z       "min": [
2026-10-10T22:18:03.3540073Z         0,
2026-10-10T22:18:03.3540341Z         0,
2026-10-10T22:18:03.3540600Z         0
2026-10-10T22:18:03.3540863Z       ],
2026-10-10T22:18:03.3541119Z       "max": [
2026-10-10T22:18:03.3541401Z         2,
2026-10-10T22:18:03.3541670Z         1.5,
2026-10-10T22:18:03.3541939Z         2
2026-10-10T22:18:03.3542197Z       ]
2026-10-10T22:18:03.3542452Z     },
2026-10-10T22:18:03.3542734Z     "triangles": 24
2026-10-10T22:18:03.3543025Z   },
2026-10-10T22:18:03.3543637Z   "textures": {
2026-10-10T22:18:03.3543966Z     "covered": 1152,
2026-10-10T22:18:03.3544285Z     "colors": 1046,
2026-10-10T22:18:03.3545691Z     "normalError": 0,
2026-10-10T22:18:03.3546095Z     "albedoError": 0,
2026-10-10T22:18:03.3546446Z     "idsEqual": true,
2026-10-10T22:18:03.3546894Z     "uvNegativeDelta": 0.5896534621715546
2026-10-10T22:18:03.3547322Z   },
2026-10-10T22:18:03.3547604Z   "resources": {
2026-10-10T22:18:03.3547909Z     "stable": true,
2026-10-10T22:18:03.3548222Z     "bytes": 12620,
2026-10-10T22:18:03.3548622Z     "rejected": "RESOURCE_LIMIT_EXCEEDED",
2026-10-10T22:18:03.3549045Z     "atomic": true,
2026-10-10T22:18:03.3549355Z     "resized": 40960,
2026-10-10T22:18:03.3549678Z     "cleared": 0,
2026-10-10T22:18:03.3549990Z     "budget": 8388608
2026-10-10T22:18:03.3550294Z   },
2026-10-10T22:18:03.3550556Z   "recovery": {
2026-10-10T22:18:03.3550863Z     "same": true,
2026-10-10T22:18:03.3551165Z     "created": 2,
2026-10-10T22:18:03.3551461Z     "stats": {
2026-10-10T22:18:03.3551771Z       "batchCount": 2,
2026-10-10T22:18:03.3552113Z       "totalInstances": 2,
2026-10-10T22:18:03.3552497Z       "visibleInstances": 2,
2026-10-10T22:18:03.3552883Z       "culledInstances": 0,
2026-10-10T22:18:03.3553259Z       "lodInstanceCounts": [
2026-10-10T22:18:03.3553612Z         2
2026-10-10T22:18:03.3553874Z       ],
2026-10-10T22:18:03.3554172Z       "hlodClusterDraws": 0,
2026-10-10T22:18:03.3554579Z       "hlodCoveredInstances": 0,
2026-10-10T22:18:03.3554979Z       "effectiveDraws": 2
2026-10-10T22:18:03.3555334Z     },
2026-10-10T22:18:03.3555614Z     "status": "ready"
2026-10-10T22:18:03.3555913Z   },
2026-10-10T22:18:03.3556192Z   "pageErrors": [],
2026-10-10T22:18:03.3556537Z   "externalRequests": []
2026-10-10T22:18:03.3556881Z }
2026-10-10T22:18:03.3557860Z W15 installed-package evidence: D:\a\forge3d-web\forge3d-web\crates\forge3d-web\test-results\w15-package-consumer.json
2026-10-10T22:18:03.5497274Z ##[group]Run npm run test:package-consumer:w16
2026-10-10T22:18:03.5497763Z [36;1mnpm run test:package-consumer:w16[0m
2026-10-10T22:18:03.5570749Z shell: C:\Program Files\PowerShell\7\pwsh.EXE -command ". '{0}'"
2026-10-10T22:18:03.5571401Z env:
2026-10-10T22:18:03.5571700Z   CARGO_TERM_COLOR: always
2026-10-10T22:18:03.5572047Z   RUST_BACKTRACE: 1
2026-10-10T22:18:03.5572394Z   CARGO_HOME: C:\Users\runneradmin\.cargo
2026-10-10T22:18:03.5572828Z   CARGO_INCREMENTAL: 0
2026-10-10T22:18:03.5573160Z ##[endgroup]
2026-10-10T22:18:04.2310357Z 
2026-10-10T22:18:04.2311475Z > @forge3d/web@1.26.3 test:package-consumer:w16
2026-10-10T22:18:04.2312182Z > node scripts/test-w16-package-consumer.mjs
2026-10-10T22:18:04.2312541Z 
2026-10-10T22:19:17.1736623Z {
2026-10-10T22:19:17.1737512Z   "packageSha256": "ed478c7b7b80178c7e60220a8324980c37c730160d35b822c652f49e91ddca1f",
2026-10-10T22:19:17.1738548Z   "counts": [
2026-10-10T22:19:17.1738909Z     110000,
2026-10-10T22:19:17.1739452Z     100000,
2026-10-10T22:19:17.1739900Z     128,
2026-10-10T22:19:17.1740230Z     1000000
2026-10-10T22:19:17.1740599Z   ],
2026-10-10T22:19:17.1741048Z   "rangeFraction": 0.026244226428474193,
2026-10-10T22:19:17.1741615Z   "deviceLoss": true,
2026-10-10T22:19:17.1742103Z   "pageErrors": [],
2026-10-10T22:19:17.1742504Z   "externalRequests": []
2026-10-10T22:19:17.1742969Z }
2026-10-10T22:19:17.4390937Z ##[group]Run node scripts/fuzz-w16-laz.mjs
2026-10-10T22:19:17.4391547Z [36;1mnode scripts/fuzz-w16-laz.mjs[0m
2026-10-10T22:19:17.4472466Z shell: C:\Program Files\PowerShell\7\pwsh.EXE -command ". '{0}'"
2026-10-10T22:19:17.4472820Z env:
2026-10-10T22:19:17.4472998Z   CARGO_TERM_COLOR: always
2026-10-10T22:19:17.4473212Z   RUST_BACKTRACE: 1
2026-10-10T22:19:17.4473425Z   CARGO_HOME: C:\Users\runneradmin\.cargo
2026-10-10T22:19:17.4473682Z   CARGO_INCREMENTAL: 0
2026-10-10T22:19:17.4473955Z   FORGE3D_REVIEW_SHA: 741efd94080cfd7135c4b85e94a219a7962d31e3
2026-10-10T22:19:17.4474326Z   FORGE3D_W16_FUZZ_REPORT: test-results/w16-laz-fuzz.json
2026-10-10T22:19:17.4474625Z ##[endgroup]
2026-10-10T22:19:20.8558247Z W16 fuzz: 32/260
2026-10-10T22:19:22.5751752Z W16 fuzz: 64/260
2026-10-10T22:20:28.5030314Z W16 fuzz: 96/260
2026-10-10T22:21:37.1198782Z W16 fuzz: 128/260
2026-10-10T22:22:36.1942975Z W16 fuzz: 160/260
2026-10-10T22:23:34.6736652Z W16 fuzz: 192/260
2026-10-10T22:25:18.6509998Z W16 fuzz: 224/260
2026-10-10T22:27:01.3157121Z W16 fuzz: 256/260
2026-10-10T22:27:14.7664426Z {
2026-10-10T22:27:14.7665956Z   "cases": 260,
2026-10-10T22:27:14.7726845Z   "valid": 120,
2026-10-10T22:27:14.8327282Z   "typedErrors": 140,
2026-10-10T22:27:14.8643818Z   "maxElapsedMs": 266.39999999990687,
2026-10-10T22:27:14.8679865Z   "peakObservedWasmBytes": 7274496,
2026-10-10T22:27:14.8751233Z   "recovery": {
2026-10-10T22:27:14.8940178Z     "count": 512,
2026-10-10T22:27:14.8966065Z     "created": 1,
2026-10-10T22:27:14.9042779Z     "terminated": 0,
2026-10-10T22:27:14.9187799Z     "diagnostics": {
2026-10-10T22:27:14.9377723Z       "mode": "transferable",
2026-10-10T22:27:14.9509356Z       "size": 1,
2026-10-10T22:27:14.9648003Z       "active": 0,
2026-10-10T22:27:14.9945119Z       "queued": 0,
2026-10-10T22:27:14.9971319Z       "disposed": false
2026-10-10T22:27:14.9972271Z     }
2026-10-10T22:27:14.9972906Z   }
2026-10-10T22:27:14.9973530Z }
2026-10-10T22:27:18.7850107Z ##[group]Run npm run test:datasets:remote
2026-10-10T22:27:18.7851066Z [36;1mnpm run test:datasets:remote[0m
2026-10-10T22:27:18.9133051Z shell: C:\Program Files\PowerShell\7\pwsh.EXE -command ". '{0}'"
2026-10-10T22:27:18.9134061Z env:
2026-10-10T22:27:18.9134762Z   CARGO_TERM_COLOR: always
2026-10-10T22:27:18.9135438Z   RUST_BACKTRACE: 1
2026-10-10T22:27:18.9136186Z   CARGO_HOME: C:\Users\runneradmin\.cargo
2026-10-10T22:27:18.9136881Z   CARGO_INCREMENTAL: 0
2026-10-10T22:27:18.9137607Z ##[endgroup]
2026-10-10T22:27:22.2232122Z 
2026-10-10T22:27:22.2233311Z > @forge3d/web@1.26.3 test:datasets:remote
2026-10-10T22:27:22.2234900Z > npm run build:ts && node scripts/test-w14-remote-datasets.mjs
2026-10-10T22:27:22.2236001Z 
2026-10-10T22:27:22.7900733Z 
2026-10-10T22:27:22.7901870Z > @forge3d/web@1.26.3 build:ts
2026-10-10T22:27:22.7903338Z > tsc -p tsconfig.json && node scripts/embed-proj-worker.mjs
2026-10-10T22:27:22.7904390Z 
2026-10-10T22:27:35.1884061Z {"name":"fuji","url":"https://media.githubusercontent.com/media/milos-agathon/forge3d/043a032cf00bee20a2299514484f811de8a53e9f/assets/tif/Mount_Fuji_30m.tif","byteLength":28077356,"sha256":"cff39b4e02d7ba13c48f3d8b1a4080d40ada753ade62fa951459fe4e01e98b48"}
2026-10-10T22:27:35.6222380Z {"name":"luxembourg","url":"https://media.githubusercontent.com/media/milos-agathon/forge3d/043a032cf00bee20a2299514484f811de8a53e9f/assets/tif/luxembourg_dem.tif","byteLength":7835392,"sha256":"c332f7abb41a911449596f86277e05ef340cef37620115c1c78a56af35cc83e8"}
2026-10-10T22:27:35.8376828Z {"name":"luxembourg-rail","url":"https://raw.githubusercontent.com/milos-agathon/forge3d/043a032cf00bee20a2299514484f811de8a53e9f/assets/gpkg/luxembourg_rail.gpkg","byteLength":1454080,"sha256":"980dc1659c712c67a80c9b57acf31eb3b26b14213f69a5c6c7f7ffb84385e1ec"}
2026-10-10T22:27:35.9062839Z {"name":"mount-fuji-buildings","url":"https://raw.githubusercontent.com/milos-agathon/forge3d/043a032cf00bee20a2299514484f811de8a53e9f/assets/geojson/mount_fuji_buildings.geojson","byteLength":13257,"sha256":"3e2b88beb62b74517208e93433d7beff6d3017115485be5f5899a80f9e8b9f6e"}
2026-10-10T22:27:36.0201767Z {"name":"mount-fuji-places","url":"https://raw.githubusercontent.com/milos-agathon/forge3d/043a032cf00bee20a2299514484f811de8a53e9f/assets/gpkg/Mount_Fuji_places.gpkg","byteLength":106496,"sha256":"9e46ad2e55ba9b945b3dc5c29ad29e80d881a32d4a90ecf8a2637f864567a530"}
2026-10-10T22:27:36.3226426Z {"name":"mt-st-helens","url":"https://raw.githubusercontent.com/milos-agathon/forge3d/043a032cf00bee20a2299514484f811de8a53e9f/assets/lidar/MtStHelens.laz","byteLength":9493209,"sha256":"4474530433fda8c40fbb621ed4dd78b02c9c90cbe4ef33588a73883663d5bd57"}
2026-10-10T22:27:36.8340094Z {"name":"rainier","url":"https://media.githubusercontent.com/media/milos-agathon/forge3d/043a032cf00bee20a2299514484f811de8a53e9f/assets/tif/dem_rainier.tif","byteLength":9455957,"sha256":"875b243474b151175f76037acd60c2149ac2e46fba9ba2bbce0c9a6998015dd3"}
2026-10-10T22:27:36.9092191Z {"name":"sample-buildings","url":"https://raw.githubusercontent.com/milos-agathon/forge3d/043a032cf00bee20a2299514484f811de8a53e9f/assets/geojson/sample_buildings.city.json","byteLength":3382,"sha256":"b580f03628a86da237a0c5b9bb023a3893ec72d7422170ab02a48bb150db2f17"}
2026-10-10T22:27:37.9044409Z {"name":"swiss","url":"https://media.githubusercontent.com/media/milos-agathon/forge3d/043a032cf00bee20a2299514484f811de8a53e9f/assets/tif/switzerland_dem.tif","byteLength":29156558,"sha256":"d09d229fa265749720a6b4bd40c440799f43286bf2d401d732ea77f89d0bd478"}
2026-10-10T22:28:48.1476477Z file:///D:/a/forge3d-web/forge3d-web/crates/forge3d-web/dist/verified-assets.js:107
2026-10-10T22:28:48.1478287Z             throw new Forge3DError("IO_ERROR", "Asset storage or verification failed", {
2026-10-10T22:28:48.1482552Z                   ^
2026-10-10T22:28:48.1483107Z 
2026-10-10T22:28:48.1483644Z Forge3DError: Asset storage or verification failed
2026-10-10T22:28:48.1488223Z     at VerifiedAssetStore.read (file:///D:/a/forge3d-web/forge3d-web/crates/forge3d-web/dist/verified-assets.js:107:19)
2026-10-10T22:28:48.1491799Z     at process.processTicksAndRejections (node:internal/process/task_queues:95:5)
2026-10-10T22:28:48.1493408Z     at async DatasetRegistry.fetch (file:///D:/a/forge3d-web/forge3d-web/crates/forge3d-web/dist/datasets.js:121:20)
2026-10-10T22:28:48.1495090Z     at async file:///D:/a/forge3d-web/forge3d-web/crates/forge3d-web/scripts/test-w14-remote-datasets.mjs:12:19 {
2026-10-10T22:28:48.1496205Z   code: 'IO_ERROR',
2026-10-10T22:28:48.1496820Z   details: {
2026-10-10T22:28:48.1497975Z     kind: 'asset-io',
2026-10-10T22:28:48.1498803Z     asset: 'swiss-land-cover',
2026-10-10T22:28:48.1499573Z     reason: 'TypeError: terminated'
2026-10-10T22:28:48.1500719Z   }
2026-10-10T22:28:48.1501289Z }
2026-10-10T22:28:48.1505114Z 
2026-10-10T22:28:48.1505575Z Node.js v20.19.0
2026-10-10T22:28:48.3126483Z ##[error]Process completed with exit code 1.
2026-10-10T22:28:48.3460318Z Post job cleanup.
2026-10-10T22:28:49.2651824Z [command]"C:\Program Files\Git\bin\git.exe" version
2026-10-10T22:28:49.2983730Z git version 2.55.0.windows.5
2026-10-10T22:28:49.3091076Z Temporarily overriding HOME='D:\a\_temp\5ba64b4c-8d39-44d3-aaa1-9f59353a4564' before making global git config changes
2026-10-10T22:28:49.3092883Z Adding repository directory to the temporary git global config as a safe directory
2026-10-10T22:28:49.3107306Z [command]"C:\Program Files\Git\bin\git.exe" config --global --add safe.directory D:\a\forge3d-web\forge3d-web
2026-10-10T22:28:49.3456567Z [command]"C:\Program Files\Git\bin\git.exe" config --local --name-only --get-regexp core\.sshCommand
2026-10-10T22:28:49.3795694Z [command]"C:\Program Files\Git\bin\git.exe" submodule foreach --recursive "sh -c \"git config --local --name-only --get-regexp 'core\.sshCommand' && git config --local --unset-all 'core.sshCommand' || :\""
2026-10-10T22:28:50.0186989Z [command]"C:\Program Files\Git\bin\git.exe" config --local --name-only --get-regexp http\.https\:\/\/github\.com\/\.extraheader
2026-10-10T22:28:50.0456847Z http.https://github.com/.extraheader
2026-10-10T22:28:50.0502951Z [command]"C:\Program Files\Git\bin\git.exe" config --local --unset-all http.https://github.com/.extraheader
2026-10-10T22:28:50.0878182Z [command]"C:\Program Files\Git\bin\git.exe" submodule foreach --recursive "sh -c \"git config --local --name-only --get-regexp 'http\.https\:\/\/github\.com\/\.extraheader' && git config --local --unset-all 'http.https://github.com/.extraheader' || :\""
2026-10-10T22:28:50.6606287Z [command]"C:\Program Files\Git\bin\git.exe" config --local --name-only --get-regexp ^includeIf\.gitdir:
2026-10-10T22:28:50.6969570Z [command]"C:\Program Files\Git\bin\git.exe" submodule foreach --recursive "git config --local --show-origin --name-only --get-regexp remote.origin.url"
2026-10-10T22:28:51.3150931Z Cleaning up orphan processes
2026-10-10T22:28:51.3663132Z ##[warning]Node.js 20 is deprecated. The following actions target Node.js 20 but are being forced to run on Node.js 24: actions/checkout@11d5960a326750d5838078e36cf38b85af677262, actions/setup-node@49933ea5288caeca8642d1e84afbd3f7d6820020. For more information see: https://github.blog/changelog/2025-09-19-deprecation-of-node-20-on-github-actions-runners/
