Web Runtime / Build And Contract Tests	UNKNOWN STEP	﻿2026-10-10T18:43:17.2419859Z Current runner version: '2.337.0'
Web Runtime / Build And Contract Tests	UNKNOWN STEP	2026-10-10T18:43:17.2457534Z ##[group]Runner Image Provisioner
Web Runtime / Build And Contract Tests	UNKNOWN STEP	2026-10-10T18:43:17.2458935Z Hosted Compute Agent
Web Runtime / Build And Contract Tests	UNKNOWN STEP	2026-10-10T18:43:17.2460056Z Version: 20260901.588
Web Runtime / Build And Contract Tests	UNKNOWN STEP	2026-10-10T18:43:17.2461159Z Commit: f88ec8081b781fac6c440065ac7ff9e710ce3d0b
Web Runtime / Build And Contract Tests	UNKNOWN STEP	2026-10-10T18:43:17.2462506Z Build Date: 2026-09-01T19:56:44Z
Web Runtime / Build And Contract Tests	UNKNOWN STEP	2026-10-10T18:43:17.2463685Z Worker ID: {62ad3527-489f-493b-b3b4-188acfb3fc26}
Web Runtime / Build And Contract Tests	UNKNOWN STEP	2026-10-10T18:43:17.2464999Z Azure Region: westus2
Web Runtime / Build And Contract Tests	UNKNOWN STEP	2026-10-10T18:43:17.2465990Z ##[endgroup]
Web Runtime / Build And Contract Tests	UNKNOWN STEP	2026-10-10T18:43:17.2468357Z ##[group]Operating System
Web Runtime / Build And Contract Tests	UNKNOWN STEP	2026-10-10T18:43:17.2469527Z Microsoft Windows Server 2025
Web Runtime / Build And Contract Tests	UNKNOWN STEP	2026-10-10T18:43:17.2470586Z 10.0.26100
Web Runtime / Build And Contract Tests	UNKNOWN STEP	2026-10-10T18:43:17.2471567Z Datacenter
Web Runtime / Build And Contract Tests	UNKNOWN STEP	2026-10-10T18:43:17.2472464Z ##[endgroup]
Web Runtime / Build And Contract Tests	UNKNOWN STEP	2026-10-10T18:43:17.2473425Z ##[group]Runner Image
Web Runtime / Build And Contract Tests	UNKNOWN STEP	2026-10-10T18:43:17.2474474Z Image: windows-2025-vs2026
Web Runtime / Build And Contract Tests	UNKNOWN STEP	2026-10-10T18:43:17.2476045Z Version: 20260925.250.1
Web Runtime / Build And Contract Tests	UNKNOWN STEP	2026-10-10T18:43:17.2478674Z Included Software: https://github.com/actions/runner-images/blob/win25-vs2026/20260925.250/images/windows/Windows2025-VS2026-Readme.md
Web Runtime / Build And Contract Tests	UNKNOWN STEP	2026-10-10T18:43:17.2481664Z Image Release: https://github.com/actions/runner-images/releases/tag/win25-vs2026%2F20260925.250
Web Runtime / Build And Contract Tests	UNKNOWN STEP	2026-10-10T18:43:17.2483450Z ##[endgroup]
Web Runtime / Build And Contract Tests	UNKNOWN STEP	2026-10-10T18:43:17.2485247Z ##[group]GITHUB_TOKEN Permissions
Web Runtime / Build And Contract Tests	UNKNOWN STEP	2026-10-10T18:43:17.2487821Z Contents: read
Web Runtime / Build And Contract Tests	UNKNOWN STEP	2026-10-10T18:43:17.2488759Z Metadata: read
Web Runtime / Build And Contract Tests	UNKNOWN STEP	2026-10-10T18:43:17.2489623Z ##[endgroup]
Web Runtime / Build And Contract Tests	UNKNOWN STEP	2026-10-10T18:43:17.2492494Z Secret source: Actions
Web Runtime / Build And Contract Tests	UNKNOWN STEP	2026-10-10T18:43:17.2494451Z Cache mode: write
Web Runtime / Build And Contract Tests	UNKNOWN STEP	2026-10-10T18:43:17.2495700Z Prepare workflow directory
Web Runtime / Build And Contract Tests	UNKNOWN STEP	2026-10-10T18:43:17.2997637Z Prepare all required actions
Web Runtime / Build And Contract Tests	UNKNOWN STEP	2026-10-10T18:43:17.3045875Z Getting action download info
Web Runtime / Build And Contract Tests	UNKNOWN STEP	2026-10-10T18:43:17.6509001Z Download action repository 'actions/checkout@11d5960a326750d5838078e36cf38b85af677262' (SHA:11d5960a326750d5838078e36cf38b85af677262)
Web Runtime / Build And Contract Tests	UNKNOWN STEP	2026-10-10T18:43:17.7781131Z Download action repository 'dtolnay/rust-toolchain@4cda84d5c5c54efe2404f9d843567869ab1699d4' (SHA:4cda84d5c5c54efe2404f9d843567869ab1699d4)
Web Runtime / Build And Contract Tests	UNKNOWN STEP	2026-10-10T18:43:17.9251638Z Download action repository 'actions/setup-node@49933ea5288caeca8642d1e84afbd3f7d6820020' (SHA:49933ea5288caeca8642d1e84afbd3f7d6820020)
Web Runtime / Build And Contract Tests	UNKNOWN STEP	2026-10-10T18:43:18.1029558Z Download action repository 'actions/upload-artifact@ea165f8d65b6e75b540449e92b4886f43607fa02' (SHA:ea165f8d65b6e75b540449e92b4886f43607fa02)
Web Runtime / Build And Contract Tests	UNKNOWN STEP	2026-10-10T18:43:18.5385310Z Complete job name: Web Runtime / Build And Contract Tests
Web Runtime / Build And Contract Tests	UNKNOWN STEP	2026-10-10T18:43:18.7184583Z ##[group]Run actions/checkout@11d5960a326750d5838078e36cf38b85af677262
Web Runtime / Build And Contract Tests	UNKNOWN STEP	2026-10-10T18:43:18.7186224Z with:
Web Runtime / Build And Contract Tests	UNKNOWN STEP	2026-10-10T18:43:18.7187016Z   repository: milos-agathon/forge3d-web
Web Runtime / Build And Contract Tests	UNKNOWN STEP	2026-10-10T18:43:18.7193624Z   token: ***
Web Runtime / Build And Contract Tests	UNKNOWN STEP	2026-10-10T18:43:18.7194379Z   ssh-strict: true
Web Runtime / Build And Contract Tests	UNKNOWN STEP	2026-10-10T18:43:18.7195146Z   ssh-user: git
Web Runtime / Build And Contract Tests	UNKNOWN STEP	2026-10-10T18:43:18.7195918Z   persist-credentials: true
Web Runtime / Build And Contract Tests	UNKNOWN STEP	2026-10-10T18:43:18.7196748Z   clean: true
Web Runtime / Build And Contract Tests	UNKNOWN STEP	2026-10-10T18:43:18.7197572Z   sparse-checkout-cone-mode: true
Web Runtime / Build And Contract Tests	UNKNOWN STEP	2026-10-10T18:43:18.7198450Z   fetch-depth: 1
Web Runtime / Build And Contract Tests	UNKNOWN STEP	2026-10-10T18:43:18.7199227Z   fetch-tags: false
Web Runtime / Build And Contract Tests	UNKNOWN STEP	2026-10-10T18:43:18.7199983Z   show-progress: true
Web Runtime / Build And Contract Tests	UNKNOWN STEP	2026-10-10T18:43:18.7200755Z   lfs: false
Web Runtime / Build And Contract Tests	UNKNOWN STEP	2026-10-10T18:43:18.7201483Z   submodules: false
Web Runtime / Build And Contract Tests	UNKNOWN STEP	2026-10-10T18:43:18.7202256Z   set-safe-directory: true
Web Runtime / Build And Contract Tests	UNKNOWN STEP	2026-10-10T18:43:18.7203303Z   allow-unsafe-pr-checkout: false
Web Runtime / Build And Contract Tests	UNKNOWN STEP	2026-10-10T18:43:18.7204483Z env:
Web Runtime / Build And Contract Tests	UNKNOWN STEP	2026-10-10T18:43:18.7205211Z   CARGO_TERM_COLOR: always
Web Runtime / Build And Contract Tests	UNKNOWN STEP	2026-10-10T18:43:18.7206015Z   RUST_BACKTRACE: 1
Web Runtime / Build And Contract Tests	UNKNOWN STEP	2026-10-10T18:43:18.7206815Z ##[endgroup]
Web Runtime / Build And Contract Tests	UNKNOWN STEP	2026-10-10T18:43:18.8847977Z Syncing repository: milos-agathon/forge3d-web
Web Runtime / Build And Contract Tests	UNKNOWN STEP	2026-10-10T18:43:18.8851519Z ##[group]Getting Git version info
Web Runtime / Build And Contract Tests	UNKNOWN STEP	2026-10-10T18:43:18.8853204Z Working directory is 'D:\a\forge3d-web\forge3d-web'
Web Runtime / Build And Contract Tests	UNKNOWN STEP	2026-10-10T18:43:18.9899599Z [command]"C:\Program Files\Git\bin\git.exe" version
Web Runtime / Build And Contract Tests	UNKNOWN STEP	2026-10-10T18:43:19.3387722Z git version 2.55.0.windows.5
Web Runtime / Build And Contract Tests	UNKNOWN STEP	2026-10-10T18:43:19.3444219Z ##[endgroup]
Web Runtime / Build And Contract Tests	UNKNOWN STEP	2026-10-10T18:43:19.3466891Z Temporarily overriding HOME='D:\a\_temp\35469931-da17-4ebf-b2e2-18dd3c9914a5' before making global git config changes
Web Runtime / Build And Contract Tests	UNKNOWN STEP	2026-10-10T18:43:19.3475909Z Adding repository directory to the temporary git global config as a safe directory
Web Runtime / Build And Contract Tests	UNKNOWN STEP	2026-10-10T18:43:19.3484928Z [command]"C:\Program Files\Git\bin\git.exe" config --global --add safe.directory D:\a\forge3d-web\forge3d-web
Web Runtime / Build And Contract Tests	UNKNOWN STEP	2026-10-10T18:43:19.4187893Z Deleting the contents of 'D:\a\forge3d-web\forge3d-web'
Web Runtime / Build And Contract Tests	UNKNOWN STEP	2026-10-10T18:43:19.4194658Z ##[group]Initializing the repository
Web Runtime / Build And Contract Tests	UNKNOWN STEP	2026-10-10T18:43:19.4202937Z [command]"C:\Program Files\Git\bin\git.exe" init D:\a\forge3d-web\forge3d-web
Web Runtime / Build And Contract Tests	UNKNOWN STEP	2026-10-10T18:43:19.5051780Z Initialized empty Git repository in D:/a/forge3d-web/forge3d-web/.git/
Web Runtime / Build And Contract Tests	UNKNOWN STEP	2026-10-10T18:43:19.5095924Z [command]"C:\Program Files\Git\bin\git.exe" remote add origin https://github.com/milos-agathon/forge3d-web
Web Runtime / Build And Contract Tests	UNKNOWN STEP	2026-10-10T18:43:19.5699166Z ##[endgroup]
Web Runtime / Build And Contract Tests	UNKNOWN STEP	2026-10-10T18:43:19.5700513Z ##[group]Disabling automatic garbage collection
Web Runtime / Build And Contract Tests	UNKNOWN STEP	2026-10-10T18:43:19.5708221Z [command]"C:\Program Files\Git\bin\git.exe" config --local gc.auto 0
Web Runtime / Build And Contract Tests	UNKNOWN STEP	2026-10-10T18:43:19.6009926Z ##[endgroup]
Web Runtime / Build And Contract Tests	UNKNOWN STEP	2026-10-10T18:43:19.6011238Z ##[group]Setting up auth
Web Runtime / Build And Contract Tests	UNKNOWN STEP	2026-10-10T18:43:19.6012575Z [command]"C:\Program Files\Git\bin\git.exe" config --local --name-only --get-regexp core\.sshCommand
Web Runtime / Build And Contract Tests	UNKNOWN STEP	2026-10-10T18:43:19.6314431Z [command]"C:\Program Files\Git\bin\git.exe" submodule foreach --recursive "sh -c \"git config --local --name-only --get-regexp 'core\.sshCommand' && git config --local --unset-all 'core.sshCommand' || :\""
Web Runtime / Build And Contract Tests	UNKNOWN STEP	2026-10-10T18:43:21.1109219Z [command]"C:\Program Files\Git\bin\git.exe" config --local --name-only --get-regexp http\.https\:\/\/github\.com\/\.extraheader
Web Runtime / Build And Contract Tests	UNKNOWN STEP	2026-10-10T18:43:21.1419804Z [command]"C:\Program Files\Git\bin\git.exe" submodule foreach --recursive "sh -c \"git config --local --name-only --get-regexp 'http\.https\:\/\/github\.com\/\.extraheader' && git config --local --unset-all 'http.https://github.com/.extraheader' || :\""
Web Runtime / Build And Contract Tests	UNKNOWN STEP	2026-10-10T18:43:21.7048550Z [command]"C:\Program Files\Git\bin\git.exe" config --local --name-only --get-regexp ^includeIf\.gitdir:
Web Runtime / Build And Contract Tests	UNKNOWN STEP	2026-10-10T18:43:21.7348828Z [command]"C:\Program Files\Git\bin\git.exe" submodule foreach --recursive "git config --local --show-origin --name-only --get-regexp remote.origin.url"
Web Runtime / Build And Contract Tests	UNKNOWN STEP	2026-10-10T18:43:22.2738971Z [command]"C:\Program Files\Git\bin\git.exe" config --local http.https://github.com/.extraheader "AUTHORIZATION: basic ***"
Web Runtime / Build And Contract Tests	UNKNOWN STEP	2026-10-10T18:43:22.3056638Z ##[endgroup]
Web Runtime / Build And Contract Tests	UNKNOWN STEP	2026-10-10T18:43:22.3058294Z ##[group]Fetching the repository
Web Runtime / Build And Contract Tests	UNKNOWN STEP	2026-10-10T18:43:22.3073530Z [command]"C:\Program Files\Git\bin\git.exe" -c protocol.version=2 fetch --no-tags --prune --no-recurse-submodules --depth=1 origin +de2faff29b76a581b3f046c8bd43fef7bd891262:refs/remotes/pull/46/merge
Web Runtime / Build And Contract Tests	UNKNOWN STEP	2026-10-10T18:43:24.5566396Z From https://github.com/milos-agathon/forge3d-web
Web Runtime / Build And Contract Tests	UNKNOWN STEP	2026-10-10T18:43:24.5567332Z  * [new ref]         de2faff29b76a581b3f046c8bd43fef7bd891262 -> pull/46/merge
Web Runtime / Build And Contract Tests	UNKNOWN STEP	2026-10-10T18:43:24.5608592Z ##[endgroup]
Web Runtime / Build And Contract Tests	UNKNOWN STEP	2026-10-10T18:43:24.5608975Z ##[group]Determining the checkout info
Web Runtime / Build And Contract Tests	UNKNOWN STEP	2026-10-10T18:43:24.5612040Z ##[endgroup]
Web Runtime / Build And Contract Tests	UNKNOWN STEP	2026-10-10T18:43:24.5627022Z [command]"C:\Program Files\Git\bin\git.exe" sparse-checkout disable
Web Runtime / Build And Contract Tests	UNKNOWN STEP	2026-10-10T18:43:24.6060102Z [command]"C:\Program Files\Git\bin\git.exe" config --local --unset-all extensions.worktreeConfig
Web Runtime / Build And Contract Tests	UNKNOWN STEP	2026-10-10T18:43:24.6344551Z ##[group]Checking out the ref
Web Runtime / Build And Contract Tests	UNKNOWN STEP	2026-10-10T18:43:24.6352675Z [command]"C:\Program Files\Git\bin\git.exe" checkout --progress --force refs/remotes/pull/46/merge
Web Runtime / Build And Contract Tests	UNKNOWN STEP	2026-10-10T18:43:25.6786256Z Updating files:  84% (2835/3336)
Web Runtime / Build And Contract Tests	UNKNOWN STEP	2026-10-10T18:43:25.6881893Z Updating files:  85% (2836/3336)
Web Runtime / Build And Contract Tests	UNKNOWN STEP	2026-10-10T18:43:25.6975493Z Updating files:  86% (2869/3336)
Web Runtime / Build And Contract Tests	UNKNOWN STEP	2026-10-10T18:43:25.7173609Z Updating files:  87% (2903/3336)
Web Runtime / Build And Contract Tests	UNKNOWN STEP	2026-10-10T18:43:25.7364658Z Updating files:  88% (2936/3336)
Web Runtime / Build And Contract Tests	UNKNOWN STEP	2026-10-10T18:43:25.7455855Z Updating files:  89% (2970/3336)
Web Runtime / Build And Contract Tests	UNKNOWN STEP	2026-10-10T18:43:25.7548977Z Updating files:  90% (3003/3336)
Web Runtime / Build And Contract Tests	UNKNOWN STEP	2026-10-10T18:43:25.7662996Z Updating files:  91% (3036/3336)
Web Runtime / Build And Contract Tests	UNKNOWN STEP	2026-10-10T18:43:25.7762150Z Updating files:  92% (3070/3336)
Web Runtime / Build And Contract Tests	UNKNOWN STEP	2026-10-10T18:43:25.7907961Z Updating files:  93% (3103/3336)
Web Runtime / Build And Contract Tests	UNKNOWN STEP	2026-10-10T18:43:25.8004715Z Updating files:  94% (3136/3336)
Web Runtime / Build And Contract Tests	UNKNOWN STEP	2026-10-10T18:43:25.8073300Z Updating files:  95% (3170/3336)
Web Runtime / Build And Contract Tests	UNKNOWN STEP	2026-10-10T18:43:25.8144435Z Updating files:  96% (3203/3336)
Web Runtime / Build And Contract Tests	UNKNOWN STEP	2026-10-10T18:43:25.8252534Z Updating files:  97% (3236/3336)
Web Runtime / Build And Contract Tests	UNKNOWN STEP	2026-10-10T18:43:25.8349517Z Updating files:  98% (3270/3336)
Web Runtime / Build And Contract Tests	UNKNOWN STEP	2026-10-10T18:43:25.8430837Z Updating files:  99% (3303/3336)
Web Runtime / Build And Contract Tests	UNKNOWN STEP	2026-10-10T18:43:25.8431230Z Updating files: 100% (3336/3336)
Web Runtime / Build And Contract Tests	UNKNOWN STEP	2026-10-10T18:43:25.8431570Z Updating files: 100% (3336/3336), done.
Web Runtime / Build And Contract Tests	UNKNOWN STEP	2026-10-10T18:43:25.8729862Z Note: switching to 'refs/remotes/pull/46/merge'.
Web Runtime / Build And Contract Tests	UNKNOWN STEP	2026-10-10T18:43:25.8730120Z 
Web Runtime / Build And Contract Tests	UNKNOWN STEP	2026-10-10T18:43:25.8730336Z You are in 'detached HEAD' state. You can look around, make experimental
Web Runtime / Build And Contract Tests	UNKNOWN STEP	2026-10-10T18:43:25.8730811Z changes and commit them, and you can discard any commits you make in this
Web Runtime / Build And Contract Tests	UNKNOWN STEP	2026-10-10T18:43:25.8731274Z state without impacting any branches by switching back to a branch.
Web Runtime / Build And Contract Tests	UNKNOWN STEP	2026-10-10T18:43:25.8731544Z 
Web Runtime / Build And Contract Tests	UNKNOWN STEP	2026-10-10T18:43:25.8731717Z If you want to create a new branch to retain commits you create, you may
Web Runtime / Build And Contract Tests	UNKNOWN STEP	2026-10-10T18:43:25.8732201Z do so (now or later) by using -c with the switch command. Example:
Web Runtime / Build And Contract Tests	UNKNOWN STEP	2026-10-10T18:43:25.8732449Z 
Web Runtime / Build And Contract Tests	UNKNOWN STEP	2026-10-10T18:43:25.8732554Z   git switch -c <new-branch-name>
Web Runtime / Build And Contract Tests	UNKNOWN STEP	2026-10-10T18:43:25.8732722Z 
Web Runtime / Build And Contract Tests	UNKNOWN STEP	2026-10-10T18:43:25.8732818Z Or undo this operation with:
Web Runtime / Build And Contract Tests	UNKNOWN STEP	2026-10-10T18:43:25.8732966Z 
Web Runtime / Build And Contract Tests	UNKNOWN STEP	2026-10-10T18:43:25.8733043Z   git switch -
Web Runtime / Build And Contract Tests	UNKNOWN STEP	2026-10-10T18:43:25.8733155Z 
Web Runtime / Build And Contract Tests	UNKNOWN STEP	2026-10-10T18:43:25.8733376Z Turn off this advice by setting config variable advice.detachedHead to false
Web Runtime / Build And Contract Tests	UNKNOWN STEP	2026-10-10T18:43:25.8733677Z 
Web Runtime / Build And Contract Tests	UNKNOWN STEP	2026-10-10T18:43:25.9320492Z HEAD is now at de2faff Merge aa91f6c9b507812a4db4cdb98b7eab55b43f90ea into fafac36f4061f8a9e556d70c4be5d5a33e052239
Web Runtime / Build And Contract Tests	UNKNOWN STEP	2026-10-10T18:43:25.9475592Z ##[endgroup]
Web Runtime / Build And Contract Tests	UNKNOWN STEP	2026-10-10T18:43:26.0122115Z [command]"C:\Program Files\Git\bin\git.exe" log -1 --format=%H
Web Runtime / Build And Contract Tests	UNKNOWN STEP	2026-10-10T18:43:26.0389483Z de2faff29b76a581b3f046c8bd43fef7bd891262
Web Runtime / Build And Contract Tests	UNKNOWN STEP	2026-10-10T18:43:26.1015847Z ##[group]Run dtolnay/rust-toolchain@4cda84d5c5c54efe2404f9d843567869ab1699d4
Web Runtime / Build And Contract Tests	UNKNOWN STEP	2026-10-10T18:43:26.1016321Z with:
Web Runtime / Build And Contract Tests	UNKNOWN STEP	2026-10-10T18:43:26.1016520Z   targets: wasm32-unknown-unknown
Web Runtime / Build And Contract Tests	UNKNOWN STEP	2026-10-10T18:43:26.1016751Z   toolchain: stable
Web Runtime / Build And Contract Tests	UNKNOWN STEP	2026-10-10T18:43:26.1016931Z env:
Web Runtime / Build And Contract Tests	UNKNOWN STEP	2026-10-10T18:43:26.1017092Z   CARGO_TERM_COLOR: always
Web Runtime / Build And Contract Tests	UNKNOWN STEP	2026-10-10T18:43:26.1017292Z   RUST_BACKTRACE: 1
Web Runtime / Build And Contract Tests	UNKNOWN STEP	2026-10-10T18:43:26.1017468Z ##[endgroup]
Web Runtime / Build And Contract Tests	UNKNOWN STEP	2026-10-10T18:43:26.1113307Z ##[start-action display=Run : parse toolchain version;id=__dtolnay_rust-toolchain.parse]
Web Runtime / Build And Contract Tests	UNKNOWN STEP	2026-10-10T18:43:26.1275489Z ##[group]Run : parse toolchain version
Web Runtime / Build And Contract Tests	UNKNOWN STEP	2026-10-10T18:43:26.1275843Z [36;1m: parse toolchain version[0m
Web Runtime / Build And Contract Tests	UNKNOWN STEP	2026-10-10T18:43:26.1276121Z [36;1mif [[ -z $toolchain ]]; then[0m
Web Runtime / Build And Contract Tests	UNKNOWN STEP	2026-10-10T18:43:26.1276647Z [36;1m  # GitHub does not enforce `required: true` inputs itself. https://github.com/actions/runner/issues/1070[0m
Web Runtime / Build And Contract Tests	UNKNOWN STEP	2026-10-10T18:43:26.1277184Z [36;1m  echo "'toolchain' is a required input" >&2[0m
Web Runtime / Build And Contract Tests	UNKNOWN STEP	2026-10-10T18:43:26.1277512Z [36;1m  exit 1[0m
Web Runtime / Build And Contract Tests	UNKNOWN STEP	2026-10-10T18:43:26.1277831Z [36;1melif [[ $toolchain =~ ^stable' '[0-9]+' '(year|month|week|day)s?' 'ago$ ]]; then[0m
Web Runtime / Build And Contract Tests	UNKNOWN STEP	2026-10-10T18:43:26.1278238Z [36;1m  if [[ Windows == macOS ]]; then[0m
Web Runtime / Build And Contract Tests	UNKNOWN STEP	2026-10-10T18:43:26.1278748Z [36;1m    echo "toolchain=1.$((($(date -v-$(sed 's/stable \([0-9]*\) \(.\).*/\1\2/' <<< $toolchain) +%s)/60/60/24-16569)/7/6))" >> $GITHUB_OUTPUT[0m
Web Runtime / Build And Contract Tests	UNKNOWN STEP	2026-10-10T18:43:26.1279235Z [36;1m  else[0m
Web Runtime / Build And Contract Tests	UNKNOWN STEP	2026-10-10T18:43:26.1279608Z [36;1m    echo "toolchain=1.$((($(date --date "${toolchain#stable }" +%s)/60/60/24-16569)/7/6))" >> $GITHUB_OUTPUT[0m
Web Runtime / Build And Contract Tests	UNKNOWN STEP	2026-10-10T18:43:26.1280038Z [36;1m  fi[0m
Web Runtime / Build And Contract Tests	UNKNOWN STEP	2026-10-10T18:43:26.1280313Z [36;1melif [[ $toolchain =~ ^stable' 'minus' '[0-9]+' 'releases?$ ]]; then[0m
Web Runtime / Build And Contract Tests	UNKNOWN STEP	2026-10-10T18:43:26.1280815Z [36;1m  echo "toolchain=1.$((($(date +%s)/60/60/24-16569)/7/6-${toolchain//[^0-9]/}))" >> $GITHUB_OUTPUT[0m
Web Runtime / Build And Contract Tests	UNKNOWN STEP	2026-10-10T18:43:26.1281249Z [36;1melif [[ $toolchain =~ ^1\.[0-9]+$ ]]; then[0m
Web Runtime / Build And Contract Tests	UNKNOWN STEP	2026-10-10T18:43:26.1281749Z [36;1m  echo "toolchain=1.$((i=${toolchain#1.}, c=($(date +%s)/60/60/24-16569)/7/6, i+9*i*(10*i<=c)+90*i*(100*i<=c)))" >> $GITHUB_OUTPUT[0m
Web Runtime / Build And Contract Tests	UNKNOWN STEP	2026-10-10T18:43:26.1282469Z [36;1melse[0m
Web Runtime / Build And Contract Tests	UNKNOWN STEP	2026-10-10T18:43:26.1282692Z [36;1m  echo "toolchain=$toolchain" >> $GITHUB_OUTPUT[0m
Web Runtime / Build And Contract Tests	UNKNOWN STEP	2026-10-10T18:43:26.1282967Z [36;1mfi[0m
Web Runtime / Build And Contract Tests	UNKNOWN STEP	2026-10-10T18:43:26.2031383Z shell: C:\Program Files\Git\bin\bash.EXE --noprofile --norc -e -o pipefail {0}
Web Runtime / Build And Contract Tests	UNKNOWN STEP	2026-10-10T18:43:26.2032576Z env:
Web Runtime / Build And Contract Tests	UNKNOWN STEP	2026-10-10T18:43:26.2032882Z   CARGO_TERM_COLOR: always
Web Runtime / Build And Contract Tests	UNKNOWN STEP	2026-10-10T18:43:26.2033121Z   RUST_BACKTRACE: 1
Web Runtime / Build And Contract Tests	UNKNOWN STEP	2026-10-10T18:43:26.2033318Z   toolchain: stable
Web Runtime / Build And Contract Tests	UNKNOWN STEP	2026-10-10T18:43:26.2035860Z ##[endgroup]
Web Runtime / Build And Contract Tests	UNKNOWN STEP	2026-10-10T18:43:26.6832756Z ##[end-action id=__dtolnay_rust-toolchain.parse;outcome=success;conclusion=success;duration_ms=571]
Web Runtime / Build And Contract Tests	UNKNOWN STEP	2026-10-10T18:43:26.6858242Z ##[start-action display=Run : construct rustup command line;id=__dtolnay_rust-toolchain.flags]
Web Runtime / Build And Contract Tests	UNKNOWN STEP	2026-10-10T18:43:26.7056295Z ##[group]Run : construct rustup command line
Web Runtime / Build And Contract Tests	UNKNOWN STEP	2026-10-10T18:43:26.7056826Z [36;1m: construct rustup command line[0m
Web Runtime / Build And Contract Tests	UNKNOWN STEP	2026-10-10T18:43:26.7057548Z [36;1mecho "targets=$(for t in ${targets//,/ }; do echo -n ' --target' $t; done)" >> $GITHUB_OUTPUT[0m
Web Runtime / Build And Contract Tests	UNKNOWN STEP	2026-10-10T18:43:26.7058604Z [36;1mecho "components=$(for c in ${components//,/ }; do echo -n ' --component' $c; done)" >> $GITHUB_OUTPUT[0m
Web Runtime / Build And Contract Tests	UNKNOWN STEP	2026-10-10T18:43:26.7059384Z [36;1mecho "downgrade=" >> $GITHUB_OUTPUT[0m
Web Runtime / Build And Contract Tests	UNKNOWN STEP	2026-10-10T18:43:26.7083419Z shell: C:\Program Files\Git\bin\bash.EXE --noprofile --norc -e -o pipefail {0}
Web Runtime / Build And Contract Tests	UNKNOWN STEP	2026-10-10T18:43:26.7083800Z env:
Web Runtime / Build And Contract Tests	UNKNOWN STEP	2026-10-10T18:43:26.7083978Z   CARGO_TERM_COLOR: always
Web Runtime / Build And Contract Tests	UNKNOWN STEP	2026-10-10T18:43:26.7084191Z   RUST_BACKTRACE: 1
Web Runtime / Build And Contract Tests	UNKNOWN STEP	2026-10-10T18:43:26.7084406Z   targets: wasm32-unknown-unknown
Web Runtime / Build And Contract Tests	UNKNOWN STEP	2026-10-10T18:43:26.7085004Z   components: 
Web Runtime / Build And Contract Tests	UNKNOWN STEP	2026-10-10T18:43:26.7085314Z ##[endgroup]
Web Runtime / Build And Contract Tests	UNKNOWN STEP	2026-10-10T18:43:26.7863002Z ##[end-action id=__dtolnay_rust-toolchain.flags;outcome=success;conclusion=success;duration_ms=100]
Web Runtime / Build And Contract Tests	UNKNOWN STEP	2026-10-10T18:43:26.7872445Z ##[start-action display=Run : set $CARGO_HOME;id=__dtolnay_rust-toolchain.__run]
Web Runtime / Build And Contract Tests	UNKNOWN STEP	2026-10-10T18:43:26.8083926Z ##[group]Run : set $CARGO_HOME
Web Runtime / Build And Contract Tests	UNKNOWN STEP	2026-10-10T18:43:26.8084373Z [36;1m: set $CARGO_HOME[0m
Web Runtime / Build And Contract Tests	UNKNOWN STEP	2026-10-10T18:43:26.8084966Z [36;1mecho CARGO_HOME=${CARGO_HOME:-"$USERPROFILE\.cargo"} >> $GITHUB_ENV[0m
Web Runtime / Build And Contract Tests	UNKNOWN STEP	2026-10-10T18:43:26.8110000Z shell: C:\Program Files\Git\bin\bash.EXE --noprofile --norc -e -o pipefail {0}
Web Runtime / Build And Contract Tests	UNKNOWN STEP	2026-10-10T18:43:26.8110659Z env:
Web Runtime / Build And Contract Tests	UNKNOWN STEP	2026-10-10T18:43:26.8110965Z   CARGO_TERM_COLOR: always
Web Runtime / Build And Contract Tests	UNKNOWN STEP	2026-10-10T18:43:26.8111346Z   RUST_BACKTRACE: 1
Web Runtime / Build And Contract Tests	UNKNOWN STEP	2026-10-10T18:43:26.8111672Z ##[endgroup]
Web Runtime / Build And Contract Tests	UNKNOWN STEP	2026-10-10T18:43:26.8732593Z ##[end-action id=__dtolnay_rust-toolchain.__run;outcome=success;conclusion=success;duration_ms=85]
Web Runtime / Build And Contract Tests	UNKNOWN STEP	2026-10-10T18:43:26.8735146Z ##[start-action display=Run : install rustup if needed;id=__dtolnay_rust-toolchain.__run_2]
Web Runtime / Build And Contract Tests	UNKNOWN STEP	2026-10-10T18:43:26.8746979Z ##[end-action id=__dtolnay_rust-toolchain.__run_2;outcome=skipped;conclusion=skipped;duration_ms=0]
Web Runtime / Build And Contract Tests	UNKNOWN STEP	2026-10-10T18:43:26.8751555Z ##[start-action display=Run : install rustup if needed on windows;id=__dtolnay_rust-toolchain.__run_3]
Web Runtime / Build And Contract Tests	UNKNOWN STEP	2026-10-10T18:43:26.8978892Z ##[group]Run : install rustup if needed on windows
Web Runtime / Build And Contract Tests	UNKNOWN STEP	2026-10-10T18:43:26.8979537Z [36;1m: install rustup if needed on windows[0m
Web Runtime / Build And Contract Tests	UNKNOWN STEP	2026-10-10T18:43:26.8980110Z [36;1mif ! command -v rustup &>/dev/null; then[0m
Web Runtime / Build And Contract Tests	UNKNOWN STEP	2026-10-10T18:43:26.8981542Z [36;1m  curl --proto '=https' --tlsv1.2 --retry 10 --retry-connrefused --location --silent --show-error --fail https://win.rustup.rs/x86_64 --output 'D:\a\_temp\rustup-init.exe'[0m
Web Runtime / Build And Contract Tests	UNKNOWN STEP	2026-10-10T18:43:26.8982864Z [36;1m  'D:\a\_temp\rustup-init.exe' --default-toolchain none --no-modify-path -y[0m
Web Runtime / Build And Contract Tests	UNKNOWN STEP	2026-10-10T18:43:26.8983282Z [36;1m  echo "$CARGO_HOME\bin" >> $GITHUB_PATH[0m
Web Runtime / Build And Contract Tests	UNKNOWN STEP	2026-10-10T18:43:26.8983543Z [36;1mfi[0m
Web Runtime / Build And Contract Tests	UNKNOWN STEP	2026-10-10T18:43:26.9010418Z shell: C:\Program Files\Git\bin\bash.EXE --noprofile --norc -e -o pipefail {0}
Web Runtime / Build And Contract Tests	UNKNOWN STEP	2026-10-10T18:43:26.9011085Z env:
Web Runtime / Build And Contract Tests	UNKNOWN STEP	2026-10-10T18:43:26.9011367Z   CARGO_TERM_COLOR: always
Web Runtime / Build And Contract Tests	UNKNOWN STEP	2026-10-10T18:43:26.9011777Z   RUST_BACKTRACE: 1
Web Runtime / Build And Contract Tests	UNKNOWN STEP	2026-10-10T18:43:26.9012129Z   CARGO_HOME: C:\Users\runneradmin\.cargo
Web Runtime / Build And Contract Tests	UNKNOWN STEP	2026-10-10T18:43:26.9012559Z ##[endgroup]
Web Runtime / Build And Contract Tests	UNKNOWN STEP	2026-10-10T18:43:26.9575611Z ##[end-action id=__dtolnay_rust-toolchain.__run_3;outcome=success;conclusion=success;duration_ms=82]
Web Runtime / Build And Contract Tests	UNKNOWN STEP	2026-10-10T18:43:26.9582781Z ##[start-action display=rustup toolchain install stable;id=__dtolnay_rust-toolchain.__run_4]
Web Runtime / Build And Contract Tests	UNKNOWN STEP	2026-10-10T18:43:26.9766118Z ##[group]Run rustup toolchain install stable --target wasm32-unknown-unknown --profile minimal --no-self-update
Web Runtime / Build And Contract Tests	UNKNOWN STEP	2026-10-10T18:43:26.9766894Z [36;1mrustup toolchain install stable --target wasm32-unknown-unknown --profile minimal --no-self-update[0m
Web Runtime / Build And Contract Tests	UNKNOWN STEP	2026-10-10T18:43:26.9788692Z shell: C:\Program Files\Git\bin\bash.EXE --noprofile --norc -e -o pipefail {0}
Web Runtime / Build And Contract Tests	UNKNOWN STEP	2026-10-10T18:43:26.9789370Z env:
Web Runtime / Build And Contract Tests	UNKNOWN STEP	2026-10-10T18:43:26.9789670Z   CARGO_TERM_COLOR: always
Web Runtime / Build And Contract Tests	UNKNOWN STEP	2026-10-10T18:43:26.9790053Z   RUST_BACKTRACE: 1
Web Runtime / Build And Contract Tests	UNKNOWN STEP	2026-10-10T18:43:26.9790425Z   CARGO_HOME: C:\Users\runneradmin\.cargo
Web Runtime / Build And Contract Tests	UNKNOWN STEP	2026-10-10T18:43:26.9790904Z   RUSTUP_PERMIT_COPY_RENAME: 1
Web Runtime / Build And Contract Tests	UNKNOWN STEP	2026-10-10T18:43:26.9791298Z ##[endgroup]
Web Runtime / Build And Contract Tests	UNKNOWN STEP	2026-10-10T18:43:33.4911585Z info: syncing channel updates for stable-x86_64-pc-windows-msvc
Web Runtime / Build And Contract Tests	UNKNOWN STEP	2026-10-10T18:43:34.0064279Z info: latest update on 2026-10-01 for version 1.99.0 (b940084d7 2026-09-28)
Web Runtime / Build And Contract Tests	UNKNOWN STEP	2026-10-10T18:43:34.0372011Z info: removing previous version of component rustfmt
Web Runtime / Build And Contract Tests	UNKNOWN STEP	2026-10-10T18:43:34.0604461Z info: removing previous version of component clippy
Web Runtime / Build And Contract Tests	UNKNOWN STEP	2026-10-10T18:43:34.0839957Z info: removing previous version of component rust-std for target x86_64-pc-windows-gnu
Web Runtime / Build And Contract Tests	UNKNOWN STEP	2026-10-10T18:43:34.1963072Z info: removing previous version of component rust-std for target i686-pc-windows-msvc
Web Runtime / Build And Contract Tests	UNKNOWN STEP	2026-10-10T18:43:34.2784814Z info: removing previous version of component cargo
Web Runtime / Build And Contract Tests	UNKNOWN STEP	2026-10-10T18:43:34.3624030Z info: removing previous version of component rust-std
Web Runtime / Build And Contract Tests	UNKNOWN STEP	2026-10-10T18:43:34.4516475Z info: removing previous version of component rustc
Web Runtime / Build And Contract Tests	UNKNOWN STEP	2026-10-10T18:43:34.5757530Z info: downloading 8 components
Web Runtime / Build And Contract Tests	UNKNOWN STEP	2026-10-10T18:43:49.5499998Z 
Web Runtime / Build And Contract Tests	UNKNOWN STEP	2026-10-10T18:43:49.5818434Z   stable-x86_64-pc-windows-msvc updated - rustc 1.99.0 (b940084d7 2026-09-28) (from rustc 1.98.1 (48a229cea 2026-09-01))
Web Runtime / Build And Contract Tests	UNKNOWN STEP	2026-10-10T18:43:49.5819372Z 
Web Runtime / Build And Contract Tests	UNKNOWN STEP	2026-10-10T18:43:49.5925347Z ##[end-action id=__dtolnay_rust-toolchain.__run_4;outcome=success;conclusion=success;duration_ms=22634]
Web Runtime / Build And Contract Tests	UNKNOWN STEP	2026-10-10T18:43:49.5930559Z ##[start-action display=Run rustup default stable;id=__dtolnay_rust-toolchain.__run_5]
Web Runtime / Build And Contract Tests	UNKNOWN STEP	2026-10-10T18:43:49.6065401Z ##[group]Run rustup default stable
Web Runtime / Build And Contract Tests	UNKNOWN STEP	2026-10-10T18:43:49.6065662Z [36;1mrustup default stable[0m
Web Runtime / Build And Contract Tests	UNKNOWN STEP	2026-10-10T18:43:49.6081202Z shell: C:\Program Files\Git\bin\bash.EXE --noprofile --norc -e -o pipefail {0}
Web Runtime / Build And Contract Tests	UNKNOWN STEP	2026-10-10T18:43:49.6081595Z env:
Web Runtime / Build And Contract Tests	UNKNOWN STEP	2026-10-10T18:43:49.6081769Z   CARGO_TERM_COLOR: always
Web Runtime / Build And Contract Tests	UNKNOWN STEP	2026-10-10T18:43:49.6081988Z   RUST_BACKTRACE: 1
Web Runtime / Build And Contract Tests	UNKNOWN STEP	2026-10-10T18:43:49.6082197Z   CARGO_HOME: C:\Users\runneradmin\.cargo
Web Runtime / Build And Contract Tests	UNKNOWN STEP	2026-10-10T18:43:49.6082449Z ##[endgroup]
Web Runtime / Build And Contract Tests	UNKNOWN STEP	2026-10-10T18:43:49.7067496Z info: using existing install for stable-x86_64-pc-windows-msvc
Web Runtime / Build And Contract Tests	UNKNOWN STEP	2026-10-10T18:43:49.7223691Z info: default toolchain set to stable-x86_64-pc-windows-msvc
Web Runtime / Build And Contract Tests	UNKNOWN STEP	2026-10-10T18:43:49.7224425Z 
Web Runtime / Build And Contract Tests	UNKNOWN STEP	2026-10-10T18:43:49.7439416Z   stable-x86_64-pc-windows-msvc unchanged - rustc 1.99.0 (b940084d7 2026-09-28)
Web Runtime / Build And Contract Tests	UNKNOWN STEP	2026-10-10T18:43:49.7440199Z 
Web Runtime / Build And Contract Tests	UNKNOWN STEP	2026-10-10T18:43:49.8273995Z ##[end-action id=__dtolnay_rust-toolchain.__run_5;outcome=success;conclusion=success;duration_ms=234]
Web Runtime / Build And Contract Tests	UNKNOWN STEP	2026-10-10T18:43:49.8279119Z ##[start-action display=Run : create cachekey;id=__dtolnay_rust-toolchain.rustc-version]
Web Runtime / Build And Contract Tests	UNKNOWN STEP	2026-10-10T18:43:49.8441688Z ##[group]Run : create cachekey
Web Runtime / Build And Contract Tests	UNKNOWN STEP	2026-10-10T18:43:49.8442127Z [36;1m: create cachekey[0m
Web Runtime / Build And Contract Tests	UNKNOWN STEP	2026-10-10T18:43:49.8442978Z [36;1mDATE=$(rustc +stable --version --verbose | sed -ne 's/^commit-date: \(20[0-9][0-9]\)-\([01][0-9]\)-\([0-3][0-9]\)$/\1\2\3/p')[0m
Web Runtime / Build And Contract Tests	UNKNOWN STEP	2026-10-10T18:43:49.8444119Z [36;1mHASH=$(rustc +stable --version --verbose | sed -ne 's/^commit-hash: //p')[0m
Web Runtime / Build And Contract Tests	UNKNOWN STEP	2026-10-10T18:43:49.8444980Z [36;1mecho "cachekey=$(echo $DATE$HASH | head -c12)" >> $GITHUB_OUTPUT[0m
Web Runtime / Build And Contract Tests	UNKNOWN STEP	2026-10-10T18:43:49.8471451Z shell: C:\Program Files\Git\bin\bash.EXE --noprofile --norc -e -o pipefail {0}
Web Runtime / Build And Contract Tests	UNKNOWN STEP	2026-10-10T18:43:49.8472124Z env:
Web Runtime / Build And Contract Tests	UNKNOWN STEP	2026-10-10T18:43:49.8472421Z   CARGO_TERM_COLOR: always
Web Runtime / Build And Contract Tests	UNKNOWN STEP	2026-10-10T18:43:49.8473973Z   RUST_BACKTRACE: 1
Web Runtime / Build And Contract Tests	UNKNOWN STEP	2026-10-10T18:43:49.8474353Z   CARGO_HOME: C:\Users\runneradmin\.cargo
Web Runtime / Build And Contract Tests	UNKNOWN STEP	2026-10-10T18:43:49.8474793Z ##[endgroup]
Web Runtime / Build And Contract Tests	UNKNOWN STEP	2026-10-10T18:43:50.6996961Z ##[end-action id=__dtolnay_rust-toolchain.rustc-version;outcome=success;conclusion=success;duration_ms=871]
Web Runtime / Build And Contract Tests	UNKNOWN STEP	2026-10-10T18:43:50.6999578Z ##[start-action display=Run : disable incremental compilation;id=__dtolnay_rust-toolchain.__run_6]
Web Runtime / Build And Contract Tests	UNKNOWN STEP	2026-10-10T18:43:50.7148421Z ##[group]Run : disable incremental compilation
Web Runtime / Build And Contract Tests	UNKNOWN STEP	2026-10-10T18:43:50.7148758Z [36;1m: disable incremental compilation[0m
Web Runtime / Build And Contract Tests	UNKNOWN STEP	2026-10-10T18:43:50.7149068Z [36;1mif [ -z "${CARGO_INCREMENTAL+set}" ]; then[0m
Web Runtime / Build And Contract Tests	UNKNOWN STEP	2026-10-10T18:43:50.7149376Z [36;1m  echo CARGO_INCREMENTAL=0 >> $GITHUB_ENV[0m
Web Runtime / Build And Contract Tests	UNKNOWN STEP	2026-10-10T18:43:50.7149633Z [36;1mfi[0m
Web Runtime / Build And Contract Tests	UNKNOWN STEP	2026-10-10T18:43:50.7163897Z shell: C:\Program Files\Git\bin\bash.EXE --noprofile --norc -e -o pipefail {0}
Web Runtime / Build And Contract Tests	UNKNOWN STEP	2026-10-10T18:43:50.7164287Z env:
Web Runtime / Build And Contract Tests	UNKNOWN STEP	2026-10-10T18:43:50.7164461Z   CARGO_TERM_COLOR: always
Web Runtime / Build And Contract Tests	UNKNOWN STEP	2026-10-10T18:43:50.7164673Z   RUST_BACKTRACE: 1
Web Runtime / Build And Contract Tests	UNKNOWN STEP	2026-10-10T18:43:50.7165176Z   CARGO_HOME: C:\Users\runneradmin\.cargo
Web Runtime / Build And Contract Tests	UNKNOWN STEP	2026-10-10T18:43:50.7165429Z ##[endgroup]
Web Runtime / Build And Contract Tests	UNKNOWN STEP	2026-10-10T18:43:50.7572568Z ##[end-action id=__dtolnay_rust-toolchain.__run_6;outcome=success;conclusion=success;duration_ms=57]
Web Runtime / Build And Contract Tests	UNKNOWN STEP	2026-10-10T18:43:50.7576175Z ##[start-action display=Run : enable colors in Cargo output;id=__dtolnay_rust-toolchain.__run_7]
Web Runtime / Build And Contract Tests	UNKNOWN STEP	2026-10-10T18:43:50.7731280Z ##[group]Run : enable colors in Cargo output
Web Runtime / Build And Contract Tests	UNKNOWN STEP	2026-10-10T18:43:50.7731792Z [36;1m: enable colors in Cargo output[0m
Web Runtime / Build And Contract Tests	UNKNOWN STEP	2026-10-10T18:43:50.7732294Z [36;1mif [ -z "${CARGO_TERM_COLOR+set}" ]; then[0m
Web Runtime / Build And Contract Tests	UNKNOWN STEP	2026-10-10T18:43:50.7732851Z [36;1m  echo CARGO_TERM_COLOR=always >> $GITHUB_ENV[0m
Web Runtime / Build And Contract Tests	UNKNOWN STEP	2026-10-10T18:43:50.7733315Z [36;1mfi[0m
Web Runtime / Build And Contract Tests	UNKNOWN STEP	2026-10-10T18:43:50.7757803Z shell: C:\Program Files\Git\bin\bash.EXE --noprofile --norc -e -o pipefail {0}
Web Runtime / Build And Contract Tests	UNKNOWN STEP	2026-10-10T18:43:50.7758178Z env:
Web Runtime / Build And Contract Tests	UNKNOWN STEP	2026-10-10T18:43:50.7758518Z   CARGO_TERM_COLOR: always
Web Runtime / Build And Contract Tests	UNKNOWN STEP	2026-10-10T18:43:50.7758742Z   RUST_BACKTRACE: 1
Web Runtime / Build And Contract Tests	UNKNOWN STEP	2026-10-10T18:43:50.7758958Z   CARGO_HOME: C:\Users\runneradmin\.cargo
Web Runtime / Build And Contract Tests	UNKNOWN STEP	2026-10-10T18:43:50.7759229Z   CARGO_INCREMENTAL: 0
Web Runtime / Build And Contract Tests	UNKNOWN STEP	2026-10-10T18:43:50.7759425Z ##[endgroup]
Web Runtime / Build And Contract Tests	UNKNOWN STEP	2026-10-10T18:43:50.8158769Z ##[end-action id=__dtolnay_rust-toolchain.__run_7;outcome=success;conclusion=success;duration_ms=58]
Web Runtime / Build And Contract Tests	UNKNOWN STEP	2026-10-10T18:43:50.8164607Z ##[start-action display=Run : enable Cargo sparse registry;id=__dtolnay_rust-toolchain.__run_8]
Web Runtime / Build And Contract Tests	UNKNOWN STEP	2026-10-10T18:43:50.8307470Z ##[group]Run : enable Cargo sparse registry
Web Runtime / Build And Contract Tests	UNKNOWN STEP	2026-10-10T18:43:50.8307789Z [36;1m: enable Cargo sparse registry[0m
Web Runtime / Build And Contract Tests	UNKNOWN STEP	2026-10-10T18:43:50.8308144Z [36;1m# implemented in 1.66, stabilized in 1.68, made default in 1.70[0m
Web Runtime / Build And Contract Tests	UNKNOWN STEP	2026-10-10T18:43:50.8308782Z [36;1mif [ -z "${CARGO_REGISTRIES_CRATES_IO_PROTOCOL+set}" -o -f "D:\a\_temp"/.implicit_cargo_registries_crates_io_protocol ]; then[0m
Web Runtime / Build And Contract Tests	UNKNOWN STEP	2026-10-10T18:43:50.8309462Z [36;1m  if rustc +stable --version --verbose | grep -q '^release: 1\.6[89]\.'; then[0m
Web Runtime / Build And Contract Tests	UNKNOWN STEP	2026-10-10T18:43:50.8309954Z [36;1m    touch "D:\a\_temp"/.implicit_cargo_registries_crates_io_protocol || true[0m
Web Runtime / Build And Contract Tests	UNKNOWN STEP	2026-10-10T18:43:50.8310435Z [36;1m    echo CARGO_REGISTRIES_CRATES_IO_PROTOCOL=sparse >> $GITHUB_ENV[0m
Web Runtime / Build And Contract Tests	UNKNOWN STEP	2026-10-10T18:43:50.8310910Z [36;1m  elif rustc +stable --version --verbose | grep -q '^release: 1\.6[67]\.'; then[0m
Web Runtime / Build And Contract Tests	UNKNOWN STEP	2026-10-10T18:43:50.8311407Z [36;1m    touch "D:\a\_temp"/.implicit_cargo_registries_crates_io_protocol || true[0m
Web Runtime / Build And Contract Tests	UNKNOWN STEP	2026-10-10T18:43:50.8311853Z [36;1m    echo CARGO_REGISTRIES_CRATES_IO_PROTOCOL=git >> $GITHUB_ENV[0m
Web Runtime / Build And Contract Tests	UNKNOWN STEP	2026-10-10T18:43:50.8312177Z [36;1m  fi[0m
Web Runtime / Build And Contract Tests	UNKNOWN STEP	2026-10-10T18:43:50.8312346Z [36;1mfi[0m
Web Runtime / Build And Contract Tests	UNKNOWN STEP	2026-10-10T18:43:50.8328227Z shell: C:\Program Files\Git\bin\bash.EXE --noprofile --norc -e -o pipefail {0}
Web Runtime / Build And Contract Tests	UNKNOWN STEP	2026-10-10T18:43:50.8328617Z env:
Web Runtime / Build And Contract Tests	UNKNOWN STEP	2026-10-10T18:43:50.8328791Z   CARGO_TERM_COLOR: always
Web Runtime / Build And Contract Tests	UNKNOWN STEP	2026-10-10T18:43:50.8329004Z   RUST_BACKTRACE: 1
Web Runtime / Build And Contract Tests	UNKNOWN STEP	2026-10-10T18:43:50.8329214Z   CARGO_HOME: C:\Users\runneradmin\.cargo
Web Runtime / Build And Contract Tests	UNKNOWN STEP	2026-10-10T18:43:50.8329481Z   CARGO_INCREMENTAL: 0
Web Runtime / Build And Contract Tests	UNKNOWN STEP	2026-10-10T18:43:50.8329672Z ##[endgroup]
Web Runtime / Build And Contract Tests	UNKNOWN STEP	2026-10-10T18:43:51.0380376Z ##[end-action id=__dtolnay_rust-toolchain.__run_8;outcome=success;conclusion=success;duration_ms=221]
Web Runtime / Build And Contract Tests	UNKNOWN STEP	2026-10-10T18:43:51.0384929Z ##[start-action display=Run : work around spurious network errors in curl 8.0;id=__dtolnay_rust-toolchain.__run_9]
Web Runtime / Build And Contract Tests	UNKNOWN STEP	2026-10-10T18:43:51.0518511Z ##[group]Run : work around spurious network errors in curl 8.0
Web Runtime / Build And Contract Tests	UNKNOWN STEP	2026-10-10T18:43:51.0518918Z [36;1m: work around spurious network errors in curl 8.0[0m
Web Runtime / Build And Contract Tests	UNKNOWN STEP	2026-10-10T18:43:51.0519460Z [36;1m# https://rust-lang.zulipchat.com/#narrow/stream/246057-t-cargo/topic/timeout.20investigation[0m
Web Runtime / Build And Contract Tests	UNKNOWN STEP	2026-10-10T18:43:51.0520330Z [36;1mif rustc +stable --version --verbose | grep -q '^release: 1\.7[01]\.'; then[0m
Web Runtime / Build And Contract Tests	UNKNOWN STEP	2026-10-10T18:43:51.0520787Z [36;1m  echo CARGO_HTTP_MULTIPLEXING=false >> $GITHUB_ENV[0m
Web Runtime / Build And Contract Tests	UNKNOWN STEP	2026-10-10T18:43:51.0521305Z [36;1mfi[0m
Web Runtime / Build And Contract Tests	UNKNOWN STEP	2026-10-10T18:43:51.0535864Z shell: C:\Program Files\Git\bin\bash.EXE --noprofile --norc -e -o pipefail {0}
Web Runtime / Build And Contract Tests	UNKNOWN STEP	2026-10-10T18:43:51.0536266Z env:
Web Runtime / Build And Contract Tests	UNKNOWN STEP	2026-10-10T18:43:51.0536464Z   CARGO_TERM_COLOR: always
Web Runtime / Build And Contract Tests	UNKNOWN STEP	2026-10-10T18:43:51.0536690Z   RUST_BACKTRACE: 1
Web Runtime / Build And Contract Tests	UNKNOWN STEP	2026-10-10T18:43:51.0536904Z   CARGO_HOME: C:\Users\runneradmin\.cargo
Web Runtime / Build And Contract Tests	UNKNOWN STEP	2026-10-10T18:43:51.0537161Z   CARGO_INCREMENTAL: 0
Web Runtime / Build And Contract Tests	UNKNOWN STEP	2026-10-10T18:43:51.0537352Z ##[endgroup]
Web Runtime / Build And Contract Tests	UNKNOWN STEP	2026-10-10T18:43:51.1796237Z ##[end-action id=__dtolnay_rust-toolchain.__run_9;outcome=success;conclusion=success;duration_ms=141]
Web Runtime / Build And Contract Tests	UNKNOWN STEP	2026-10-10T18:43:51.1799916Z ##[start-action display=Run rustc +stable --version --verbose;id=__dtolnay_rust-toolchain.__run_10]
Web Runtime / Build And Contract Tests	UNKNOWN STEP	2026-10-10T18:43:51.1935702Z ##[group]Run rustc +stable --version --verbose
Web Runtime / Build And Contract Tests	UNKNOWN STEP	2026-10-10T18:43:51.1936013Z [36;1mrustc +stable --version --verbose[0m
Web Runtime / Build And Contract Tests	UNKNOWN STEP	2026-10-10T18:43:51.1951716Z shell: C:\Program Files\Git\bin\bash.EXE --noprofile --norc -e -o pipefail {0}
Web Runtime / Build And Contract Tests	UNKNOWN STEP	2026-10-10T18:43:51.1952101Z env:
Web Runtime / Build And Contract Tests	UNKNOWN STEP	2026-10-10T18:43:51.1952279Z   CARGO_TERM_COLOR: always
Web Runtime / Build And Contract Tests	UNKNOWN STEP	2026-10-10T18:43:51.1952513Z   RUST_BACKTRACE: 1
Web Runtime / Build And Contract Tests	UNKNOWN STEP	2026-10-10T18:43:51.1952893Z   CARGO_HOME: C:\Users\runneradmin\.cargo
Web Runtime / Build And Contract Tests	UNKNOWN STEP	2026-10-10T18:43:51.1953185Z   CARGO_INCREMENTAL: 0
Web Runtime / Build And Contract Tests	UNKNOWN STEP	2026-10-10T18:43:51.1953396Z ##[endgroup]
Web Runtime / Build And Contract Tests	UNKNOWN STEP	2026-10-10T18:43:51.2871813Z rustc 1.99.0 (b940084d7 2026-09-28)
Web Runtime / Build And Contract Tests	UNKNOWN STEP	2026-10-10T18:43:51.2872282Z binary: rustc
Web Runtime / Build And Contract Tests	UNKNOWN STEP	2026-10-10T18:43:51.2872680Z commit-hash: b940084d7eb6a299eb4bfeb8e34901bc051e7ac4
Web Runtime / Build And Contract Tests	UNKNOWN STEP	2026-10-10T18:43:51.2873169Z commit-date: 2026-09-28
Web Runtime / Build And Contract Tests	UNKNOWN STEP	2026-10-10T18:43:51.2873506Z host: x86_64-pc-windows-msvc
Web Runtime / Build And Contract Tests	UNKNOWN STEP	2026-10-10T18:43:51.2873850Z release: 1.99.0
Web Runtime / Build And Contract Tests	UNKNOWN STEP	2026-10-10T18:43:51.2874193Z LLVM version: 23.1.1
Web Runtime / Build And Contract Tests	UNKNOWN STEP	2026-10-10T18:43:51.3024260Z ##[end-action id=__dtolnay_rust-toolchain.__run_10;outcome=success;conclusion=success;duration_ms=122]
Web Runtime / Build And Contract Tests	UNKNOWN STEP	2026-10-10T18:43:51.3249031Z ##[group]Run actions/setup-node@49933ea5288caeca8642d1e84afbd3f7d6820020
Web Runtime / Build And Contract Tests	UNKNOWN STEP	2026-10-10T18:43:51.3249476Z with:
Web Runtime / Build And Contract Tests	UNKNOWN STEP	2026-10-10T18:43:51.3249659Z   node-version: 20.19.0
Web Runtime / Build And Contract Tests	UNKNOWN STEP	2026-10-10T18:43:51.3249857Z   cache: npm
Web Runtime / Build And Contract Tests	UNKNOWN STEP	2026-10-10T18:43:51.3250122Z   cache-dependency-path: crates/forge3d-web/package-lock.json
Web Runtime / Build And Contract Tests	UNKNOWN STEP	2026-10-10T18:43:51.3250454Z   always-auth: false
Web Runtime / Build And Contract Tests	UNKNOWN STEP	2026-10-10T18:43:51.3250652Z   check-latest: false
Web Runtime / Build And Contract Tests	UNKNOWN STEP	2026-10-10T18:43:51.3253050Z   token: ***
Web Runtime / Build And Contract Tests	UNKNOWN STEP	2026-10-10T18:43:51.3253260Z env:
Web Runtime / Build And Contract Tests	UNKNOWN STEP	2026-10-10T18:43:51.3253425Z   CARGO_TERM_COLOR: always
Web Runtime / Build And Contract Tests	UNKNOWN STEP	2026-10-10T18:43:51.3253635Z   RUST_BACKTRACE: 1
Web Runtime / Build And Contract Tests	UNKNOWN STEP	2026-10-10T18:43:51.3253838Z   CARGO_HOME: C:\Users\runneradmin\.cargo
Web Runtime / Build And Contract Tests	UNKNOWN STEP	2026-10-10T18:43:51.3254089Z   CARGO_INCREMENTAL: 0
Web Runtime / Build And Contract Tests	UNKNOWN STEP	2026-10-10T18:43:51.3254276Z ##[endgroup]
Web Runtime / Build And Contract Tests	UNKNOWN STEP	2026-10-10T18:43:51.4912283Z Attempting to download 20.19.0...
Web Runtime / Build And Contract Tests	UNKNOWN STEP	2026-10-10T18:43:51.5089513Z (node:7456) [DEP0040] DeprecationWarning: The `punycode` module is deprecated. Please use a userland alternative instead.
Web Runtime / Build And Contract Tests	UNKNOWN STEP	2026-10-10T18:43:51.5090766Z (Use `node --trace-deprecation ...` to show where the warning was created)
Web Runtime / Build And Contract Tests	UNKNOWN STEP	2026-10-10T18:43:52.0671824Z Acquiring 20.19.0 - x64 from https://github.com/actions/node-versions/releases/download/20.19.0-13838090974/node-20.19.0-win32-x64.7z
Web Runtime / Build And Contract Tests	UNKNOWN STEP	2026-10-10T18:43:52.5552245Z Extracting ...
Web Runtime / Build And Contract Tests	UNKNOWN STEP	2026-10-10T18:43:54.8061038Z Adding to the cache ...
Web Runtime / Build And Contract Tests	UNKNOWN STEP	2026-10-10T18:43:58.3196826Z ##[group]Environment details
Web Runtime / Build And Contract Tests	UNKNOWN STEP	2026-10-10T18:43:59.5306904Z node: v20.19.0
Web Runtime / Build And Contract Tests	UNKNOWN STEP	2026-10-10T18:43:59.5307581Z npm: 10.8.2
Web Runtime / Build And Contract Tests	UNKNOWN STEP	2026-10-10T18:43:59.5307850Z yarn: 1.22.22
Web Runtime / Build And Contract Tests	UNKNOWN STEP	2026-10-10T18:43:59.5308468Z ##[endgroup]
Web Runtime / Build And Contract Tests	UNKNOWN STEP	2026-10-10T18:43:59.6130259Z [command]C:\Windows\system32\cmd.exe /D /S /C "C:\hostedtoolcache\windows\node\20.19.0\x64\npm.cmd config get cache"
Web Runtime / Build And Contract Tests	UNKNOWN STEP	2026-10-10T18:43:59.9297563Z C:\npm\cache
Web Runtime / Build And Contract Tests	UNKNOWN STEP	2026-10-10T18:44:00.3178623Z Cache hit for: node-cache-Windows-x64-npm-6eab7470fdf65070d11082aea6a3abafbfdd116475f06484d7321326761b0956
Web Runtime / Build And Contract Tests	UNKNOWN STEP	2026-10-10T18:44:00.3293769Z (node:7456) [DEP0169] DeprecationWarning: `url.parse()` behavior is not standardized and prone to errors that have security implications. Use the WHATWG URL API instead. CVEs are not issued for `url.parse()` vulnerabilities.
Web Runtime / Build And Contract Tests	UNKNOWN STEP	2026-10-10T18:44:01.6138565Z Received 4194304 of 85862153 (4.9%), 4.0 MBs/sec
Web Runtime / Build And Contract Tests	UNKNOWN STEP	2026-10-10T18:44:02.2862020Z Received 85862153 of 85862153 (100.0%), 48.9 MBs/sec
Web Runtime / Build And Contract Tests	UNKNOWN STEP	2026-10-10T18:44:02.2865067Z Cache Size: ~82 MB (85862153 B)
Web Runtime / Build And Contract Tests	UNKNOWN STEP	2026-10-10T18:44:02.2971458Z [command]"C:\Program Files\Git\usr\bin\tar.exe" -xf D:/a/_temp/19bab8a6-7b1e-428a-b6c6-fe38153c139b/cache.tzst -P -C D:/a/forge3d-web/forge3d-web --force-local --use-compress-program "zstd -d"
Web Runtime / Build And Contract Tests	UNKNOWN STEP	2026-10-10T18:44:06.0624826Z Cache restored successfully
Web Runtime / Build And Contract Tests	UNKNOWN STEP	2026-10-10T18:44:06.0695902Z Cache restored from key: node-cache-Windows-x64-npm-6eab7470fdf65070d11082aea6a3abafbfdd116475f06484d7321326761b0956
Web Runtime / Build And Contract Tests	UNKNOWN STEP	2026-10-10T18:44:06.1002654Z ##[group]Run npm run verify:parity
Web Runtime / Build And Contract Tests	UNKNOWN STEP	2026-10-10T18:44:06.1003356Z [36;1mnpm run verify:parity[0m
Web Runtime / Build And Contract Tests	UNKNOWN STEP	2026-10-10T18:44:06.1600377Z shell: C:\Program Files\PowerShell\7\pwsh.EXE -command ". '{0}'"
Web Runtime / Build And Contract Tests	UNKNOWN STEP	2026-10-10T18:44:06.1600773Z env:
Web Runtime / Build And Contract Tests	UNKNOWN STEP	2026-10-10T18:44:06.1600975Z   CARGO_TERM_COLOR: always
Web Runtime / Build And Contract Tests	UNKNOWN STEP	2026-10-10T18:44:06.1601217Z   RUST_BACKTRACE: 1
Web Runtime / Build And Contract Tests	UNKNOWN STEP	2026-10-10T18:44:06.1601452Z   CARGO_HOME: C:\Users\runneradmin\.cargo
Web Runtime / Build And Contract Tests	UNKNOWN STEP	2026-10-10T18:44:06.1601758Z   CARGO_INCREMENTAL: 0
Web Runtime / Build And Contract Tests	UNKNOWN STEP	2026-10-10T18:44:06.1601983Z ##[endgroup]
Web Runtime / Build And Contract Tests	UNKNOWN STEP	2026-10-10T18:44:06.8341884Z 
Web Runtime / Build And Contract Tests	UNKNOWN STEP	2026-10-10T18:44:06.8349205Z > @forge3d/web@1.26.3 verify:parity
Web Runtime / Build And Contract Tests	UNKNOWN STEP	2026-10-10T18:44:06.8350152Z > node --test tests/parity/verify-parity-manifest.test.mjs && node ../../scripts/verify-parity-manifest.mjs
Web Runtime / Build And Contract Tests	UNKNOWN STEP	2026-10-10T18:44:06.8350744Z 
Web Runtime / Build And Contract Tests	UNKNOWN STEP	2026-10-10T18:44:06.9132429Z TAP version 13
Web Runtime / Build And Contract Tests	UNKNOWN STEP	2026-10-10T18:44:11.1291515Z # Subtest: accepts the exhaustive stored W00 baseline
Web Runtime / Build And Contract Tests	UNKNOWN STEP	2026-10-10T18:44:11.1310035Z ok 1 - accepts the exhaustive stored W00 baseline
Web Runtime / Build And Contract Tests	UNKNOWN STEP	2026-10-10T18:44:11.1313005Z   ---
Web Runtime / Build And Contract Tests	UNKNOWN STEP	2026-10-10T18:44:11.1313644Z   duration_ms: 354.8539
Web Runtime / Build And Contract Tests	UNKNOWN STEP	2026-10-10T18:44:11.1317527Z   ...
Web Runtime / Build And Contract Tests	UNKNOWN STEP	2026-10-10T18:44:11.1332704Z # Subtest: locks npm and CI to the required pre-build parity gate
Web Runtime / Build And Contract Tests	UNKNOWN STEP	2026-10-10T18:44:11.1333792Z ok 2 - locks npm and CI to the required pre-build parity gate
Web Runtime / Build And Contract Tests	UNKNOWN STEP	2026-10-10T18:44:11.1377921Z   ---
Web Runtime / Build And Contract Tests	UNKNOWN STEP	2026-10-10T18:44:11.1386588Z   duration_ms: 0.8686
Web Runtime / Build And Contract Tests	UNKNOWN STEP	2026-10-10T18:44:11.1387334Z   ...
Web Runtime / Build And Contract Tests	UNKNOWN STEP	2026-10-10T18:44:11.1391411Z # Subtest: rejects a duplicate artifact mapping
Web Runtime / Build And Contract Tests	UNKNOWN STEP	2026-10-10T18:44:11.1392377Z ok 3 - rejects a duplicate artifact mapping
Web Runtime / Build And Contract Tests	UNKNOWN STEP	2026-10-10T18:44:11.1393107Z   ---
Web Runtime / Build And Contract Tests	UNKNOWN STEP	2026-10-10T18:44:11.1393662Z   duration_ms: 303.8266
Web Runtime / Build And Contract Tests	UNKNOWN STEP	2026-10-10T18:44:11.1394943Z   ...
Web Runtime / Build And Contract Tests	UNKNOWN STEP	2026-10-10T18:44:11.1396247Z # Subtest: rejects an inventory artifact without a mapping
Web Runtime / Build And Contract Tests	UNKNOWN STEP	2026-10-10T18:44:11.1397437Z ok 4 - rejects an inventory artifact without a mapping
Web Runtime / Build And Contract Tests	UNKNOWN STEP	2026-10-10T18:44:11.1397995Z   ---
Web Runtime / Build And Contract Tests	UNKNOWN STEP	2026-10-10T18:44:11.1398333Z   duration_ms: 300.5452
Web Runtime / Build And Contract Tests	UNKNOWN STEP	2026-10-10T18:44:11.1399055Z   ...
Web Runtime / Build And Contract Tests	UNKNOWN STEP	2026-10-10T18:44:11.1399633Z # Subtest: rejects a mapping to an unresolved capability
Web Runtime / Build And Contract Tests	UNKNOWN STEP	2026-10-10T18:44:11.1400403Z ok 5 - rejects a mapping to an unresolved capability
Web Runtime / Build And Contract Tests	UNKNOWN STEP	2026-10-10T18:44:11.1400956Z   ---
Web Runtime / Build And Contract Tests	UNKNOWN STEP	2026-10-10T18:44:11.1401657Z   duration_ms: 277.797
Web Runtime / Build And Contract Tests	UNKNOWN STEP	2026-10-10T18:44:11.1402037Z   ...
Web Runtime / Build And Contract Tests	UNKNOWN STEP	2026-10-10T18:44:11.1402560Z # Subtest: rejects blank owner, evidence, and test fields
Web Runtime / Build And Contract Tests	UNKNOWN STEP	2026-10-10T18:44:11.1403322Z ok 6 - rejects blank owner, evidence, and test fields
Web Runtime / Build And Contract Tests	UNKNOWN STEP	2026-10-10T18:44:11.1403854Z   ---
Web Runtime / Build And Contract Tests	UNKNOWN STEP	2026-10-10T18:44:11.1404189Z   duration_ms: 284.0202
Web Runtime / Build And Contract Tests	UNKNOWN STEP	2026-10-10T18:44:11.1404625Z   ...
Web Runtime / Build And Contract Tests	UNKNOWN STEP	2026-10-10T18:44:11.1405269Z # Subtest: rejects a lock-controlled consumer without its dependency entry
Web Runtime / Build And Contract Tests	UNKNOWN STEP	2026-10-10T18:44:11.1406270Z ok 7 - rejects a lock-controlled consumer without its dependency entry
Web Runtime / Build And Contract Tests	UNKNOWN STEP	2026-10-10T18:44:11.1407350Z   ---
Web Runtime / Build And Contract Tests	UNKNOWN STEP	2026-10-10T18:44:11.1407702Z   duration_ms: 283.6569
Web Runtime / Build And Contract Tests	UNKNOWN STEP	2026-10-10T18:44:11.1408050Z   ...
Web Runtime / Build And Contract Tests	UNKNOWN STEP	2026-10-10T18:44:11.1408595Z # Subtest: rejects a non-exact lock-controlled consumer version
Web Runtime / Build And Contract Tests	UNKNOWN STEP	2026-10-10T18:44:11.1409398Z ok 8 - rejects a non-exact lock-controlled consumer version
Web Runtime / Build And Contract Tests	UNKNOWN STEP	2026-10-10T18:44:11.1409917Z   ---
Web Runtime / Build And Contract Tests	UNKNOWN STEP	2026-10-10T18:44:11.1410212Z   duration_ms: 285.7902
Web Runtime / Build And Contract Tests	UNKNOWN STEP	2026-10-10T18:44:11.1410551Z   ...
Web Runtime / Build And Contract Tests	UNKNOWN STEP	2026-10-10T18:44:11.1411084Z # Subtest: rejects a missing fixture tolerance and profile budget
Web Runtime / Build And Contract Tests	UNKNOWN STEP	2026-10-10T18:44:11.1411876Z ok 9 - rejects a missing fixture tolerance and profile budget
Web Runtime / Build And Contract Tests	UNKNOWN STEP	2026-10-10T18:44:11.1412407Z   ---
Web Runtime / Build And Contract Tests	UNKNOWN STEP	2026-10-10T18:44:11.1412693Z   duration_ms: 267.9575
Web Runtime / Build And Contract Tests	UNKNOWN STEP	2026-10-10T18:44:11.1413040Z   ...
Web Runtime / Build And Contract Tests	UNKNOWN STEP	2026-10-10T18:44:11.1413699Z # Subtest: rejects a fixture generator digest that does not match its contract
Web Runtime / Build And Contract Tests	UNKNOWN STEP	2026-10-10T18:44:11.1414739Z ok 10 - rejects a fixture generator digest that does not match its contract
Web Runtime / Build And Contract Tests	UNKNOWN STEP	2026-10-10T18:44:11.1415405Z   ---
Web Runtime / Build And Contract Tests	UNKNOWN STEP	2026-10-10T18:44:11.1415726Z   duration_ms: 291.9693
Web Runtime / Build And Contract Tests	UNKNOWN STEP	2026-10-10T18:44:11.1416094Z   ...
Web Runtime / Build And Contract Tests	UNKNOWN STEP	2026-10-10T18:44:11.1417007Z # Subtest: rejects incomplete reference hardware contracts
Web Runtime / Build And Contract Tests	UNKNOWN STEP	2026-10-10T18:44:11.1417831Z ok 11 - rejects incomplete reference hardware contracts
Web Runtime / Build And Contract Tests	UNKNOWN STEP	2026-10-10T18:44:11.1422200Z   ---
Web Runtime / Build And Contract Tests	UNKNOWN STEP	2026-10-10T18:44:11.1422645Z   duration_ms: 272.2794
Web Runtime / Build And Contract Tests	UNKNOWN STEP	2026-10-10T18:44:11.1423034Z   ...
Web Runtime / Build And Contract Tests	UNKNOWN STEP	2026-10-10T18:44:11.1423626Z # Subtest: rejects a discrete profile without timestamp-query
Web Runtime / Build And Contract Tests	UNKNOWN STEP	2026-10-10T18:44:11.1424495Z ok 12 - rejects a discrete profile without timestamp-query
Web Runtime / Build And Contract Tests	UNKNOWN STEP	2026-10-10T18:44:11.1425079Z   ---
Web Runtime / Build And Contract Tests	UNKNOWN STEP	2026-10-10T18:44:11.1425433Z   duration_ms: 287.1424
Web Runtime / Build And Contract Tests	UNKNOWN STEP	2026-10-10T18:44:11.1425914Z   ...
Web Runtime / Build And Contract Tests	UNKNOWN STEP	2026-10-10T18:44:11.1426420Z # Subtest: rejects stale stored evidence digests
Web Runtime / Build And Contract Tests	UNKNOWN STEP	2026-10-10T18:44:11.1427132Z ok 13 - rejects stale stored evidence digests
Web Runtime / Build And Contract Tests	UNKNOWN STEP	2026-10-10T18:44:11.1427640Z   ---
Web Runtime / Build And Contract Tests	UNKNOWN STEP	2026-10-10T18:44:11.1427972Z   duration_ms: 309.3023
Web Runtime / Build And Contract Tests	UNKNOWN STEP	2026-10-10T18:44:11.1428344Z   ...
Web Runtime / Build And Contract Tests	UNKNOWN STEP	2026-10-10T18:44:11.1429043Z # Subtest: rejects experimental dependency entries without risk reviews
Web Runtime / Build And Contract Tests	UNKNOWN STEP	2026-10-10T18:44:11.1430040Z ok 14 - rejects experimental dependency entries without risk reviews
Web Runtime / Build And Contract Tests	UNKNOWN STEP	2026-10-10T18:44:11.1430687Z   ---
Web Runtime / Build And Contract Tests	UNKNOWN STEP	2026-10-10T18:44:11.1431019Z   duration_ms: 317.5401
Web Runtime / Build And Contract Tests	UNKNOWN STEP	2026-10-10T18:44:11.1431402Z   ...
Web Runtime / Build And Contract Tests	UNKNOWN STEP	2026-10-10T18:44:11.1431960Z # Subtest: rejects EXR when the WASM rayon exclusion drifts
Web Runtime / Build And Contract Tests	UNKNOWN STEP	2026-10-10T18:44:11.1432783Z ok 15 - rejects EXR when the WASM rayon exclusion drifts
Web Runtime / Build And Contract Tests	UNKNOWN STEP	2026-10-10T18:44:11.1433335Z   ---
Web Runtime / Build And Contract Tests	UNKNOWN STEP	2026-10-10T18:44:11.1433639Z   duration_ms: 305.1815
Web Runtime / Build And Contract Tests	UNKNOWN STEP	2026-10-10T18:44:11.1442221Z   ...
Web Runtime / Build And Contract Tests	UNKNOWN STEP	2026-10-10T18:44:11.1669710Z 1..15
Web Runtime / Build And Contract Tests	UNKNOWN STEP	2026-10-10T18:44:11.1670270Z # tests 15
Web Runtime / Build And Contract Tests	UNKNOWN STEP	2026-10-10T18:44:11.1671582Z # suites 0
Web Runtime / Build And Contract Tests	UNKNOWN STEP	2026-10-10T18:44:11.1672732Z # pass 15
Web Runtime / Build And Contract Tests	UNKNOWN STEP	2026-10-10T18:44:11.1673721Z # fail 0
Web Runtime / Build And Contract Tests	UNKNOWN STEP	2026-10-10T18:44:11.1674483Z # cancelled 0
Web Runtime / Build And Contract Tests	UNKNOWN STEP	2026-10-10T18:44:11.1675539Z # skipped 0
Web Runtime / Build And Contract Tests	UNKNOWN STEP	2026-10-10T18:44:11.1676720Z # todo 0
Web Runtime / Build And Contract Tests	UNKNOWN STEP	2026-10-10T18:44:11.1681953Z # duration_ms 4268.4037
Web Runtime / Build And Contract Tests	UNKNOWN STEP	2026-10-10T18:44:11.6933897Z {
Web Runtime / Build And Contract Tests	UNKNOWN STEP	2026-10-10T18:44:11.6934407Z   "ok": true,
Web Runtime / Build And Contract Tests	UNKNOWN STEP	2026-10-10T18:44:11.6935416Z   "capabilities": 84,
Web Runtime / Build And Contract Tests	UNKNOWN STEP	2026-10-10T18:44:11.6935787Z   "constraints": 7,
Web Runtime / Build And Contract Tests	UNKNOWN STEP	2026-10-10T18:44:11.6936024Z   "inventoryRecords": 6531,
Web Runtime / Build And Contract Tests	UNKNOWN STEP	2026-10-10T18:44:11.6936271Z   "mappings": 6531,
Web Runtime / Build And Contract Tests	UNKNOWN STEP	2026-10-10T18:44:11.6936483Z   "fixtures": 10,
Web Runtime / Build And Contract Tests	UNKNOWN STEP	2026-10-10T18:44:11.6936710Z   "hardwareProfiles": 2,
Web Runtime / Build And Contract Tests	UNKNOWN STEP	2026-10-10T18:44:11.6936958Z   "dependencyAssets": 12,
Web Runtime / Build And Contract Tests	UNKNOWN STEP	2026-10-10T18:44:11.6937224Z   "lockControlledConsumers": 52,
Web Runtime / Build And Contract Tests	UNKNOWN STEP	2026-10-10T18:44:11.6937471Z   "untracked": 0,
Web Runtime / Build And Contract Tests	UNKNOWN STEP	2026-10-10T18:44:11.6937671Z   "duplicates": 0,
Web Runtime / Build And Contract Tests	UNKNOWN STEP	2026-10-10T18:44:11.6937865Z   "unresolved": 0,
Web Runtime / Build And Contract Tests	UNKNOWN STEP	2026-10-10T18:44:11.6938057Z   "schemaErrors": 0,
Web Runtime / Build And Contract Tests	UNKNOWN STEP	2026-10-10T18:44:11.6938269Z   "lockViolations": 0
Web Runtime / Build And Contract Tests	UNKNOWN STEP	2026-10-10T18:44:11.6938467Z }
Web Runtime / Build And Contract Tests	UNKNOWN STEP	2026-10-10T18:44:11.8702665Z ##[group]Run cargo check -p forge3d-core --target wasm32-unknown-unknown --no-default-features
Web Runtime / Build And Contract Tests	UNKNOWN STEP	2026-10-10T18:44:11.8703842Z [36;1mcargo check -p forge3d-core --target wasm32-unknown-unknown --no-default-features[0m
Web Runtime / Build And Contract Tests	UNKNOWN STEP	2026-10-10T18:44:11.8800591Z shell: C:\Program Files\PowerShell\7\pwsh.EXE -command ". '{0}'"
Web Runtime / Build And Contract Tests	UNKNOWN STEP	2026-10-10T18:44:11.8801139Z env:
Web Runtime / Build And Contract Tests	UNKNOWN STEP	2026-10-10T18:44:11.8801411Z   CARGO_TERM_COLOR: always
Web Runtime / Build And Contract Tests	UNKNOWN STEP	2026-10-10T18:44:11.8801766Z   RUST_BACKTRACE: 1
Web Runtime / Build And Contract Tests	UNKNOWN STEP	2026-10-10T18:44:11.8802111Z   CARGO_HOME: C:\Users\runneradmin\.cargo
Web Runtime / Build And Contract Tests	UNKNOWN STEP	2026-10-10T18:44:11.8802532Z   CARGO_INCREMENTAL: 0
Web Runtime / Build And Contract Tests	UNKNOWN STEP	2026-10-10T18:44:11.8802846Z ##[endgroup]
Web Runtime / Build And Contract Tests	UNKNOWN STEP	2026-10-10T18:44:12.9286112Z [1m[92m    Updating[0m crates.io index
Web Runtime / Build And Contract Tests	UNKNOWN STEP	2026-10-10T18:44:13.5961014Z [1m[92m Downloading[0m crates ...
Web Runtime / Build And Contract Tests	UNKNOWN STEP	2026-10-10T18:44:13.7103810Z [1m[92m  Downloaded[0m adler2 v2.0.1
Web Runtime / Build And Contract Tests	UNKNOWN STEP	2026-10-10T18:44:13.7253853Z [1m[92m  Downloaded[0m bit_field v0.10.3
Web Runtime / Build And Contract Tests	UNKNOWN STEP	2026-10-10T18:44:13.7379952Z [1m[92m  Downloaded[0m autocfg v1.5.1
Web Runtime / Build And Contract Tests	UNKNOWN STEP	2026-10-10T18:44:13.7830929Z [1m[92m  Downloaded[0m pulp-wasm-simd-flag v0.1.1
Web Runtime / Build And Contract Tests	UNKNOWN STEP	2026-10-10T18:44:13.7892822Z [1m[92m  Downloaded[0m reborrow v0.5.5
Web Runtime / Build And Contract Tests	UNKNOWN STEP	2026-10-10T18:44:13.7961589Z [1m[92m  Downloaded[0m stable_deref_trait v1.2.1
Web Runtime / Build And Contract Tests	UNKNOWN STEP	2026-10-10T18:44:13.8044747Z [1m[92m  Downloaded[0m cfg-if v1.0.4
Web Runtime / Build And Contract Tests	UNKNOWN STEP	2026-10-10T18:44:13.8207593Z [1m[92m  Downloaded[0m lebe v0.5.3
Web Runtime / Build And Contract Tests	UNKNOWN STEP	2026-10-10T18:44:13.8337738Z [1m[92m  Downloaded[0m async-trait v0.1.89
Web Runtime / Build And Contract Tests	UNKNOWN STEP	2026-10-10T18:44:13.8836294Z [1m[92m  Downloaded[0m version_check v0.9.5
Web Runtime / Build And Contract Tests	UNKNOWN STEP	2026-10-10T18:44:13.8947810Z [1m[92m  Downloaded[0m quote v1.0.45
Web Runtime / Build And Contract Tests	UNKNOWN STEP	2026-10-10T18:44:13.9244824Z [1m[92m  Downloaded[0m thiserror v1.0.69
Web Runtime / Build And Contract Tests	UNKNOWN STEP	2026-10-10T18:44:14.1356513Z [1m[92m  Downloaded[0m byteorder v1.5.0
Web Runtime / Build And Contract Tests	UNKNOWN STEP	2026-10-10T18:44:14.1636606Z [1m[92m  Downloaded[0m hash32 v0.3.1
Web Runtime / Build And Contract Tests	UNKNOWN STEP	2026-10-10T18:44:14.1823432Z [1m[92m  Downloaded[0m num-complex v0.4.6
Web Runtime / Build And Contract Tests	UNKNOWN STEP	2026-10-10T18:44:14.1972342Z [1m[92m  Downloaded[0m simd-adler32 v0.3.10
Web Runtime / Build And Contract Tests	UNKNOWN STEP	2026-10-10T18:44:14.2165469Z [1m[92m  Downloaded[0m paste v1.0.15
Web Runtime / Build And Contract Tests	UNKNOWN STEP	2026-10-10T18:44:14.2590766Z [1m[92m  Downloaded[0m thiserror-impl v1.0.69
Web Runtime / Build And Contract Tests	UNKNOWN STEP	2026-10-10T18:44:14.2732507Z [1m[92m  Downloaded[0m smallvec v1.15.1
Web Runtime / Build And Contract Tests	UNKNOWN STEP	2026-10-10T18:44:14.2960132Z [1m[92m  Downloaded[0m unicode-ident v1.0.24
Web Runtime / Build And Contract Tests	UNKNOWN STEP	2026-10-10T18:44:14.3204240Z [1m[92m  Downloaded[0m zune-inflate v0.2.54
Web Runtime / Build And Contract Tests	UNKNOWN STEP	2026-10-10T18:44:14.3345378Z [1m[92m  Downloaded[0m num-traits v0.2.19
Web Runtime / Build And Contract Tests	UNKNOWN STEP	2026-10-10T18:44:14.3634377Z [1m[92m  Downloaded[0m proc-macro2 v1.0.106
Web Runtime / Build And Contract Tests	UNKNOWN STEP	2026-10-10T18:44:14.3995048Z [1m[92m  Downloaded[0m half v2.7.1
Web Runtime / Build And Contract Tests	UNKNOWN STEP	2026-10-10T18:44:14.4241362Z [1m[92m  Downloaded[0m rstar v0.12.2
Web Runtime / Build And Contract Tests	UNKNOWN STEP	2026-10-10T18:44:14.4515173Z [1m[92m  Downloaded[0m bytemuck v1.25.0
Web Runtime / Build And Contract Tests	UNKNOWN STEP	2026-10-10T18:44:14.4833525Z [1m[92m  Downloaded[0m miniz_oxide v0.8.9
Web Runtime / Build And Contract Tests	UNKNOWN STEP	2026-10-10T18:44:14.5058578Z [1m[92m  Downloaded[0m bitflags v2.12.1
Web Runtime / Build And Contract Tests	UNKNOWN STEP	2026-10-10T18:44:14.5567774Z [1m[92m  Downloaded[0m heapless v0.8.0
Web Runtime / Build And Contract Tests	UNKNOWN STEP	2026-10-10T18:44:14.5875607Z [1m[92m  Downloaded[0m raw-cpuid v11.6.0
Web Runtime / Build And Contract Tests	UNKNOWN STEP	2026-10-10T18:44:14.6159207Z [1m[92m  Downloaded[0m zerocopy-derive v0.8.50
Web Runtime / Build And Contract Tests	UNKNOWN STEP	2026-10-10T18:44:14.7198436Z [1m[92m  Downloaded[0m libm v0.2.16
Web Runtime / Build And Contract Tests	UNKNOWN STEP	2026-10-10T18:44:14.8451815Z [1m[92m  Downloaded[0m pulp v0.22.3
Web Runtime / Build And Contract Tests	UNKNOWN STEP	2026-10-10T18:44:14.8748187Z [1m[92m  Downloaded[0m exr v1.74.2
Web Runtime / Build And Contract Tests	UNKNOWN STEP	2026-10-10T18:44:14.9572095Z [1m[92m  Downloaded[0m syn v2.0.117
Web Runtime / Build And Contract Tests	UNKNOWN STEP	2026-10-10T18:44:15.0332090Z [1m[92m  Downloaded[0m zerocopy v0.8.50
Web Runtime / Build And Contract Tests	UNKNOWN STEP	2026-10-10T18:44:15.2383291Z [1m[92m  Downloaded[0m glam v0.24.2
Web Runtime / Build And Contract Tests	UNKNOWN STEP	2026-10-10T18:44:16.1411158Z [1m[92m   Compiling[0m proc-macro2 v1.0.106
Web Runtime / Build And Contract Tests	UNKNOWN STEP	2026-10-10T18:44:16.1411992Z [1m[92m   Compiling[0m quote v1.0.45
Web Runtime / Build And Contract Tests	UNKNOWN STEP	2026-10-10T18:44:16.1412750Z [1m[92m   Compiling[0m unicode-ident v1.0.24
Web Runtime / Build And Contract Tests	UNKNOWN STEP	2026-10-10T18:44:16.1413493Z [1m[92m   Compiling[0m libm v0.2.16
Web Runtime / Build And Contract Tests	UNKNOWN STEP	2026-10-10T18:44:16.2773724Z [1m[92m   Compiling[0m autocfg v1.5.1
Web Runtime / Build And Contract Tests	UNKNOWN STEP	2026-10-10T18:44:16.9498946Z [1m[92m   Compiling[0m num-traits v0.2.19
Web Runtime / Build And Contract Tests	UNKNOWN STEP	2026-10-10T18:44:18.2846726Z [1m[92m   Compiling[0m zerocopy v0.8.50
Web Runtime / Build And Contract Tests	UNKNOWN STEP	2026-10-10T18:44:18.4340583Z [1m[92m   Compiling[0m version_check v0.9.5
Web Runtime / Build And Contract Tests	UNKNOWN STEP	2026-10-10T18:44:19.1029837Z [1m[92m   Compiling[0m paste v1.0.15
Web Runtime / Build And Contract Tests	UNKNOWN STEP	2026-10-10T18:44:19.5623090Z [1m[92m   Compiling[0m syn v2.0.117
Web Runtime / Build And Contract Tests	UNKNOWN STEP	2026-10-10T18:44:19.7095299Z [1m[92m   Compiling[0m pulp v0.22.3
Web Runtime / Build And Contract Tests	UNKNOWN STEP	2026-10-10T18:44:20.1330874Z [1m[92m    Checking[0m bytemuck v1.25.0
Web Runtime / Build And Contract Tests	UNKNOWN STEP	2026-10-10T18:44:20.1594642Z [1m[92m    Checking[0m byteorder v1.5.0
Web Runtime / Build And Contract Tests	UNKNOWN STEP	2026-10-10T18:44:20.3398457Z [1m[92m   Compiling[0m heapless v0.8.0
Web Runtime / Build And Contract Tests	UNKNOWN STEP	2026-10-10T18:44:20.3530618Z [1m[92m    Checking[0m cfg-if v1.0.4
Web Runtime / Build And Contract Tests	UNKNOWN STEP	2026-10-10T18:44:20.4022612Z [1m[92m    Checking[0m hash32 v0.3.1
Web Runtime / Build And Contract Tests	UNKNOWN STEP	2026-10-10T18:44:20.7047602Z [1m[92m    Checking[0m num-complex v0.4.6
Web Runtime / Build And Contract Tests	UNKNOWN STEP	2026-10-10T18:44:20.8444649Z [1m[92m    Checking[0m stable_deref_trait v1.2.1
Web Runtime / Build And Contract Tests	UNKNOWN STEP	2026-10-10T18:44:20.9008884Z [1m[92m    Checking[0m smallvec v1.15.1
Web Runtime / Build And Contract Tests	UNKNOWN STEP	2026-10-10T18:44:21.1336412Z [1m[92m    Checking[0m adler2 v2.0.1
Web Runtime / Build And Contract Tests	UNKNOWN STEP	2026-10-10T18:44:21.2215372Z [1m[92m    Checking[0m pulp-wasm-simd-flag v0.1.1
Web Runtime / Build And Contract Tests	UNKNOWN STEP	2026-10-10T18:44:21.2764035Z [1m[92m    Checking[0m simd-adler32 v0.3.10
Web Runtime / Build And Contract Tests	UNKNOWN STEP	2026-10-10T18:44:21.2831460Z [1m[92m   Compiling[0m thiserror v1.0.69
Web Runtime / Build And Contract Tests	UNKNOWN STEP	2026-10-10T18:44:21.4321904Z [1m[92m    Checking[0m reborrow v0.5.5
Web Runtime / Build And Contract Tests	UNKNOWN STEP	2026-10-10T18:44:21.5373042Z [1m[92m    Checking[0m zune-inflate v0.2.54
Web Runtime / Build And Contract Tests	UNKNOWN STEP	2026-10-10T18:44:21.8173738Z [1m[92m    Checking[0m miniz_oxide v0.8.9
Web Runtime / Build And Contract Tests	UNKNOWN STEP	2026-10-10T18:44:22.3402157Z [1m[92m    Checking[0m lebe v0.5.3
Web Runtime / Build And Contract Tests	UNKNOWN STEP	2026-10-10T18:44:22.5193661Z [1m[92m    Checking[0m bit_field v0.10.3
Web Runtime / Build And Contract Tests	UNKNOWN STEP	2026-10-10T18:44:22.5258654Z [1m[92m    Checking[0m rstar v0.12.2
Web Runtime / Build And Contract Tests	UNKNOWN STEP	2026-10-10T18:44:22.6678870Z [1m[92m    Checking[0m glam v0.24.2
Web Runtime / Build And Contract Tests	UNKNOWN STEP	2026-10-10T18:44:25.6965776Z [1m[92m   Compiling[0m zerocopy-derive v0.8.50
Web Runtime / Build And Contract Tests	UNKNOWN STEP	2026-10-10T18:44:25.6966636Z [1m[92m   Compiling[0m thiserror-impl v1.0.69
Web Runtime / Build And Contract Tests	UNKNOWN STEP	2026-10-10T18:44:25.6967401Z [1m[92m   Compiling[0m async-trait v0.1.89
Web Runtime / Build And Contract Tests	UNKNOWN STEP	2026-10-10T18:44:31.8677906Z [1m[92m    Checking[0m half v2.7.1
Web Runtime / Build And Contract Tests	UNKNOWN STEP	2026-10-10T18:44:32.0871380Z [1m[92m    Checking[0m exr v1.74.2
Web Runtime / Build And Contract Tests	UNKNOWN STEP	2026-10-10T18:44:34.2216278Z [1m[92m    Checking[0m forge3d-core v1.26.3 (D:\a\forge3d-web\forge3d-web\crates\forge3d-core)
Web Runtime / Build And Contract Tests	UNKNOWN STEP	2026-10-10T18:44:34.6738260Z [1m[92m    Finished[0m `dev` profile [unoptimized + debuginfo] target(s) in 21.82s
Web Runtime / Build And Contract Tests	UNKNOWN STEP	2026-10-10T18:44:34.8340422Z ##[group]Run cargo check -p forge3d-web --target wasm32-unknown-unknown
Web Runtime / Build And Contract Tests	UNKNOWN STEP	2026-10-10T18:44:34.8341041Z [36;1mcargo check -p forge3d-web --target wasm32-unknown-unknown[0m
Web Runtime / Build And Contract Tests	UNKNOWN STEP	2026-10-10T18:44:34.8423656Z shell: C:\Program Files\PowerShell\7\pwsh.EXE -command ". '{0}'"
Web Runtime / Build And Contract Tests	UNKNOWN STEP	2026-10-10T18:44:34.8424228Z env:
Web Runtime / Build And Contract Tests	UNKNOWN STEP	2026-10-10T18:44:34.8424510Z   CARGO_TERM_COLOR: always
Web Runtime / Build And Contract Tests	UNKNOWN STEP	2026-10-10T18:44:34.8424851Z   RUST_BACKTRACE: 1
Web Runtime / Build And Contract Tests	UNKNOWN STEP	2026-10-10T18:44:34.8425209Z   CARGO_HOME: C:\Users\runneradmin\.cargo
Web Runtime / Build And Contract Tests	UNKNOWN STEP	2026-10-10T18:44:34.8425632Z   CARGO_INCREMENTAL: 0
Web Runtime / Build And Contract Tests	UNKNOWN STEP	2026-10-10T18:44:34.8425955Z ##[endgroup]
Web Runtime / Build And Contract Tests	UNKNOWN STEP	2026-10-10T18:44:35.1913073Z [1m[92m Downloading[0m crates ...
Web Runtime / Build And Contract Tests	UNKNOWN STEP	2026-10-10T18:44:35.2741613Z [1m[92m  Downloaded[0m bytemuck_derive v1.10.2
Web Runtime / Build And Contract Tests	UNKNOWN STEP	2026-10-10T18:44:35.2900567Z [1m[92m  Downloaded[0m document-features v0.2.12
Web Runtime / Build And Contract Tests	UNKNOWN STEP	2026-10-10T18:44:35.3036044Z [1m[92m  Downloaded[0m gpu-descriptor v0.3.2
Web Runtime / Build And Contract Tests	UNKNOWN STEP	2026-10-10T18:44:35.3133856Z [1m[92m  Downloaded[0m gpu-descriptor-types v0.2.0
Web Runtime / Build And Contract Tests	UNKNOWN STEP	2026-10-10T18:44:35.3203329Z [1m[92m  Downloaded[0m foldhash v0.1.5
Web Runtime / Build And Contract Tests	UNKNOWN STEP	2026-10-10T18:44:35.3343098Z [1m[92m  Downloaded[0m allocator-api2 v0.2.21
Web Runtime / Build And Contract Tests	UNKNOWN STEP	2026-10-10T18:44:35.3670547Z [1m[92m  Downloaded[0m wasm-bindgen-macro v0.2.122
Web Runtime / Build And Contract Tests	UNKNOWN STEP	2026-10-10T18:44:35.3750265Z [1m[92m  Downloaded[0m glutin_wgl_sys v0.6.1
Web Runtime / Build And Contract Tests	UNKNOWN STEP	2026-10-10T18:44:35.3814249Z [1m[92m  Downloaded[0m wgpu-naga-bridge v29.0.3
Web Runtime / Build And Contract Tests	UNKNOWN STEP	2026-10-10T18:44:35.3878755Z [1m[92m  Downloaded[0m bit-set v0.9.1
Web Runtime / Build And Contract Tests	UNKNOWN STEP	2026-10-10T18:44:35.3988566Z [1m[92m  Downloaded[0m gl_generator v0.14.0
Web Runtime / Build And Contract Tests	UNKNOWN STEP	2026-10-10T18:44:35.4193856Z [1m[92m  Downloaded[0m arrayvec v0.7.6
Web Runtime / Build And Contract Tests	UNKNOWN STEP	2026-10-10T18:44:35.4360430Z [1m[92m  Downloaded[0m bit-vec v0.9.1
Web Runtime / Build And Contract Tests	UNKNOWN STEP	2026-10-10T18:44:35.4486090Z [1m[92m  Downloaded[0m serde_derive v1.0.228
Web Runtime / Build And Contract Tests	UNKNOWN STEP	2026-10-10T18:44:35.4744953Z [1m[92m  Downloaded[0m gpu-allocator v0.28.0
Web Runtime / Build And Contract Tests	UNKNOWN STEP	2026-10-10T18:44:35.4956132Z [1m[92m  Downloaded[0m bumpalo v3.20.3
Web Runtime / Build And Contract Tests	UNKNOWN STEP	2026-10-10T18:44:35.5121082Z [1m[92m  Downloaded[0m glow v0.17.0
Web Runtime / Build And Contract Tests	UNKNOWN STEP	2026-10-10T18:44:35.5296066Z [1m[92m  Downloaded[0m futures-util v0.3.32
Web Runtime / Build And Contract Tests	UNKNOWN STEP	2026-10-10T18:44:35.6570576Z [1m[92m  Downloaded[0m hashbrown v0.15.5
Web Runtime / Build And Contract Tests	UNKNOWN STEP	2026-10-10T18:44:35.6885968Z [1m[92m  Downloaded[0m hashbrown v0.16.1
Web Runtime / Build And Contract Tests	UNKNOWN STEP	2026-10-10T18:44:35.7263161Z [1m[92m  Downloaded[0m ash v0.38.0+1.3.281
Web Runtime / Build And Contract Tests	UNKNOWN STEP	2026-10-10T18:44:35.8529664Z [1m[92m  Downloaded[0m hexf-parse v0.2.1
Web Runtime / Build And Contract Tests	UNKNOWN STEP	2026-10-10T18:44:35.8581267Z [1m[92m  Downloaded[0m equivalent v1.0.2
Web Runtime / Build And Contract Tests	UNKNOWN STEP	2026-10-10T18:44:35.8668948Z [1m[92m  Downloaded[0m itoa v1.0.18
Web Runtime / Build And Contract Tests	UNKNOWN STEP	2026-10-10T18:44:35.8779989Z [1m[92m  Downloaded[0m futures-core v0.3.32
Web Runtime / Build And Contract Tests	UNKNOWN STEP	2026-10-10T18:44:35.8886847Z [1m[92m  Downloaded[0m futures-task v0.3.32
Web Runtime / Build And Contract Tests	UNKNOWN STEP	2026-10-10T18:44:35.8996526Z [1m[92m  Downloaded[0m hashbrown v0.17.1
Web Runtime / Build And Contract Tests	UNKNOWN STEP	2026-10-10T18:44:35.9378616Z [1m[92m  Downloaded[0m slab v0.4.12
Web Runtime / Build And Contract Tests	UNKNOWN STEP	2026-10-10T18:44:35.9480461Z [1m[92m  Downloaded[0m termcolor v1.4.1
Web Runtime / Build And Contract Tests	UNKNOWN STEP	2026-10-10T18:44:35.9577971Z [1m[92m  Downloaded[0m wgpu v29.0.3
Web Runtime / Build And Contract Tests	UNKNOWN STEP	2026-10-10T18:44:36.0874984Z [1m[92m  Downloaded[0m codespan-reporting v0.13.1
Web Runtime / Build And Contract Tests	UNKNOWN STEP	2026-10-10T18:44:36.1648509Z [1m[92m  Downloaded[0m wasm-bindgen-shared v0.2.122
Web Runtime / Build And Contract Tests	UNKNOWN STEP	2026-10-10T18:44:36.1731699Z [1m[92m  Downloaded[0m js-sys v0.3.99
Web Runtime / Build And Contract Tests	UNKNOWN STEP	2026-10-10T18:44:36.1925898Z [1m[92m  Downloaded[0m windows-core v0.62.2
Web Runtime / Build And Contract Tests	UNKNOWN STEP	2026-10-10T18:44:36.2209475Z [1m[92m  Downloaded[0m windows-implement v0.60.2
Web Runtime / Build And Contract Tests	UNKNOWN STEP	2026-10-10T18:44:36.2295338Z [1m[92m  Downloaded[0m khronos-egl v6.0.0
Web Runtime / Build And Contract Tests	UNKNOWN STEP	2026-10-10T18:44:36.2454675Z [1m[92m  Downloaded[0m memchr v2.8.1
Web Runtime / Build And Contract Tests	UNKNOWN STEP	2026-10-10T18:44:36.2868851Z [1m[92m  Downloaded[0m pkg-config v0.3.33
Web Runtime / Build And Contract Tests	UNKNOWN STEP	2026-10-10T18:44:36.2990837Z [1m[92m  Downloaded[0m serde-wasm-bindgen v0.6.5
Web Runtime / Build And Contract Tests	UNKNOWN STEP	2026-10-10T18:44:36.3126410Z [1m[92m  Downloaded[0m thiserror v2.0.18
Web Runtime / Build And Contract Tests	UNKNOWN STEP	2026-10-10T18:44:36.3902923Z [1m[92m  Downloaded[0m windows-future v0.3.2
Web Runtime / Build And Contract Tests	UNKNOWN STEP	2026-10-10T18:44:36.4045084Z [1m[92m  Downloaded[0m foldhash v0.2.0
Web Runtime / Build And Contract Tests	UNKNOWN STEP	2026-10-10T18:44:36.4141150Z [1m[92m  Downloaded[0m spirv v0.4.0+sdk-1.4.341.0
Web Runtime / Build And Contract Tests	UNKNOWN STEP	2026-10-10T18:44:36.4211681Z [1m[92m  Downloaded[0m xml-rs v0.8.28
Web Runtime / Build And Contract Tests	UNKNOWN STEP	2026-10-10T18:44:36.8792384Z [1m[92m  Downloaded[0m windows-collections v0.3.2
Web Runtime / Build And Contract Tests	UNKNOWN STEP	2026-10-10T18:44:36.8898446Z [1m[92m  Downloaded[0m rustversion v1.0.22
Web Runtime / Build And Contract Tests	UNKNOWN STEP	2026-10-10T18:44:36.9181601Z [1m[92m  Downloaded[0m libc v0.2.186
Web Runtime / Build And Contract Tests	UNKNOWN STEP	2026-10-10T18:44:37.2018167Z [1m[92m  Downloaded[0m libloading v0.8.9
Web Runtime / Build And Contract Tests	UNKNOWN STEP	2026-10-10T18:44:37.2222566Z [1m[92m  Downloaded[0m wgpu-core v29.0.3
Web Runtime / Build And Contract Tests	UNKNOWN STEP	2026-10-10T18:44:37.2863418Z [1m[92m  Downloaded[0m once_cell v1.21.4
Web Runtime / Build And Contract Tests	UNKNOWN STEP	2026-10-10T18:44:37.3104315Z [1m[92m  Downloaded[0m range-alloc v0.1.5
Web Runtime / Build And Contract Tests	UNKNOWN STEP	2026-10-10T18:44:37.3208166Z [1m[92m  Downloaded[0m windows-strings v0.5.1
Web Runtime / Build And Contract Tests	UNKNOWN STEP	2026-10-10T18:44:37.3363811Z [1m[92m  Downloaded[0m profiling v1.0.18
Web Runtime / Build And Contract Tests	UNKNOWN STEP	2026-10-10T18:44:37.3471837Z [1m[92m  Downloaded[0m wasm-bindgen-futures v0.4.72
Web Runtime / Build And Contract Tests	UNKNOWN STEP	2026-10-10T18:44:37.3539329Z [1m[92m  Downloaded[0m windows-interface v0.59.3
Web Runtime / Build And Contract Tests	UNKNOWN STEP	2026-10-10T18:44:37.3611895Z [1m[92m  Downloaded[0m windows-link v0.2.1
Web Runtime / Build And Contract Tests	UNKNOWN STEP	2026-10-10T18:44:37.3682625Z [1m[92m  Downloaded[0m cfg_aliases v0.2.1
Web Runtime / Build And Contract Tests	UNKNOWN STEP	2026-10-10T18:44:37.3762796Z [1m[92m  Downloaded[0m thiserror-impl v2.0.18
Web Runtime / Build And Contract Tests	UNKNOWN STEP	2026-10-10T18:44:37.3889164Z [1m[92m  Downloaded[0m renderdoc-sys v1.1.0
Web Runtime / Build And Contract Tests	UNKNOWN STEP	2026-10-10T18:44:37.3980762Z [1m[92m  Downloaded[0m wgpu-core-deps-windows-linux-android v29.0.3
Web Runtime / Build And Contract Tests	UNKNOWN STEP	2026-10-10T18:44:37.4049684Z [1m[92m  Downloaded[0m scopeguard v1.2.0
Web Runtime / Build And Contract Tests	UNKNOWN STEP	2026-10-10T18:44:37.4166955Z [1m[92m  Downloaded[0m windows-result v0.4.1
Web Runtime / Build And Contract Tests	UNKNOWN STEP	2026-10-10T18:44:37.4295549Z [1m[92m  Downloaded[0m lock_api v0.4.14
Web Runtime / Build And Contract Tests	UNKNOWN STEP	2026-10-10T18:44:37.4387241Z [1m[92m  Downloaded[0m rustc-hash v1.1.0
Web Runtime / Build And Contract Tests	UNKNOWN STEP	2026-10-10T18:44:37.4473872Z [1m[92m  Downloaded[0m log v0.4.32
Web Runtime / Build And Contract Tests	UNKNOWN STEP	2026-10-10T18:44:37.4669347Z [1m[92m  Downloaded[0m ordered-float v5.3.0
Web Runtime / Build And Contract Tests	UNKNOWN STEP	2026-10-10T18:44:37.4780908Z [1m[92m  Downloaded[0m pin-project-lite v0.2.17
Web Runtime / Build And Contract Tests	UNKNOWN STEP	2026-10-10T18:44:37.5411831Z [1m[92m  Downloaded[0m windows-threading v0.2.1
Web Runtime / Build And Contract Tests	UNKNOWN STEP	2026-10-10T18:44:37.5505357Z [1m[92m  Downloaded[0m raw-window-handle v0.6.2
Web Runtime / Build And Contract Tests	UNKNOWN STEP	2026-10-10T18:44:37.5663799Z [1m[92m  Downloaded[0m static_assertions v1.1.0
Web Runtime / Build And Contract Tests	UNKNOWN STEP	2026-10-10T18:44:37.5813254Z [1m[92m  Downloaded[0m winapi-util v0.1.11
Web Runtime / Build And Contract Tests	UNKNOWN STEP	2026-10-10T18:44:37.5931624Z [1m[92m  Downloaded[0m windows-numerics v0.3.1
Web Runtime / Build And Contract Tests	UNKNOWN STEP	2026-10-10T18:44:37.6047042Z [1m[92m  Downloaded[0m zmij v1.0.21
Web Runtime / Build And Contract Tests	UNKNOWN STEP	2026-10-10T18:44:37.6209508Z [1m[92m  Downloaded[0m presser v0.3.1
Web Runtime / Build And Contract Tests	UNKNOWN STEP	2026-10-10T18:44:37.6356802Z [1m[92m  Downloaded[0m litrs v1.0.0
Web Runtime / Build And Contract Tests	UNKNOWN STEP	2026-10-10T18:44:37.6595191Z [1m[92m  Downloaded[0m parking_lot_core v0.9.12
Web Runtime / Build And Contract Tests	UNKNOWN STEP	2026-10-10T18:44:37.6804375Z [1m[92m  Downloaded[0m serde_core v1.0.228
Web Runtime / Build And Contract Tests	UNKNOWN STEP	2026-10-10T18:44:37.7012079Z [1m[92m  Downloaded[0m slotmap v1.1.1
Web Runtime / Build And Contract Tests	UNKNOWN STEP	2026-10-10T18:44:37.7174811Z [1m[92m  Downloaded[0m parking_lot v0.12.5
Web Runtime / Build And Contract Tests	UNKNOWN STEP	2026-10-10T18:44:37.7408685Z [1m[92m  Downloaded[0m wasm-bindgen v0.2.122
Web Runtime / Build And Contract Tests	UNKNOWN STEP	2026-10-10T18:44:37.7596793Z [1m[92m  Downloaded[0m wasm-bindgen-macro-support v0.2.122
Web Runtime / Build And Contract Tests	UNKNOWN STEP	2026-10-10T18:44:37.7717454Z [1m[92m  Downloaded[0m wgpu-types v29.0.3
Web Runtime / Build And Contract Tests	UNKNOWN STEP	2026-10-10T18:44:37.7954121Z [1m[92m  Downloaded[0m indexmap v2.14.0
Web Runtime / Build And Contract Tests	UNKNOWN STEP	2026-10-10T18:44:37.8255591Z [1m[92m  Downloaded[0m serde v1.0.228
Web Runtime / Build And Contract Tests	UNKNOWN STEP	2026-10-10T18:44:37.8510790Z [1m[92m  Downloaded[0m serde_json v1.0.150
Web Runtime / Build And Contract Tests	UNKNOWN STEP	2026-10-10T18:44:38.3733341Z [1m[92m  Downloaded[0m unicode-width v0.2.2
Web Runtime / Build And Contract Tests	UNKNOWN STEP	2026-10-10T18:44:38.3898610Z [1m[92m  Downloaded[0m wgpu-hal v29.0.3
Web Runtime / Build And Contract Tests	UNKNOWN STEP	2026-10-10T18:44:38.4766816Z [1m[92m  Downloaded[0m web-sys v0.3.99
Web Runtime / Build And Contract Tests	UNKNOWN STEP	2026-10-10T18:44:39.9103391Z [1m[92m  Downloaded[0m console_error_panic_hook v0.1.7
Web Runtime / Build And Contract Tests	UNKNOWN STEP	2026-10-10T18:44:39.9267219Z [1m[92m  Downloaded[0m khronos_api v3.1.0
Web Runtime / Build And Contract Tests	UNKNOWN STEP	2026-10-10T18:44:40.0129892Z [1m[92m  Downloaded[0m naga v29.0.3
Web Runtime / Build And Contract Tests	UNKNOWN STEP	2026-10-10T18:44:40.1426065Z [1m[92m  Downloaded[0m windows-sys v0.61.2
Web Runtime / Build And Contract Tests	UNKNOWN STEP	2026-10-10T18:44:41.0157175Z [1m[92m  Downloaded[0m windows v0.62.2
Web Runtime / Build And Contract Tests	UNKNOWN STEP	2026-10-10T18:44:42.8906088Z [1m[92m   Compiling[0m wasm-bindgen-shared v0.2.122
Web Runtime / Build And Contract Tests	UNKNOWN STEP	2026-10-10T18:44:42.8908178Z [1m[92m   Compiling[0m rustversion v1.0.22
Web Runtime / Build And Contract Tests	UNKNOWN STEP	2026-10-10T18:44:42.8909636Z [1m[92m   Compiling[0m bumpalo v3.20.3
Web Runtime / Build And Contract Tests	UNKNOWN STEP	2026-10-10T18:44:42.8910285Z [1m[92m   Compiling[0m syn v2.0.117
Web Runtime / Build And Contract Tests	UNKNOWN STEP	2026-10-10T18:44:43.3249234Z [1m[92m    Checking[0m unicode-ident v1.0.24
Web Runtime / Build And Contract Tests	UNKNOWN STEP	2026-10-10T18:44:43.7067508Z [1m[92m    Checking[0m once_cell v1.21.4
Web Runtime / Build And Contract Tests	UNKNOWN STEP	2026-10-10T18:44:43.8653999Z [1m[92m    Checking[0m slab v0.4.12
Web Runtime / Build And Contract Tests	UNKNOWN STEP	2026-10-10T18:44:44.1087417Z [1m[92m    Checking[0m futures-core v0.3.32
Web Runtime / Build And Contract Tests	UNKNOWN STEP	2026-10-10T18:44:44.1188999Z [1m[92m    Checking[0m futures-task v0.3.32
Web Runtime / Build And Contract Tests	UNKNOWN STEP	2026-10-10T18:44:44.2703576Z [1m[92m    Checking[0m pin-project-lite v0.2.17
Web Runtime / Build And Contract Tests	UNKNOWN STEP	2026-10-10T18:44:44.2775558Z [1m[92m   Compiling[0m serde_core v1.0.228
Web Runtime / Build And Contract Tests	UNKNOWN STEP	2026-10-10T18:44:44.3865223Z [1m[92m    Checking[0m futures-util v0.3.32
Web Runtime / Build And Contract Tests	UNKNOWN STEP	2026-10-10T18:44:45.0148333Z [1m[92m   Compiling[0m wasm-bindgen v0.2.122
Web Runtime / Build And Contract Tests	UNKNOWN STEP	2026-10-10T18:44:45.0327739Z [1m[92m   Compiling[0m parking_lot_core v0.9.12
Web Runtime / Build And Contract Tests	UNKNOWN STEP	2026-10-10T18:44:45.4191733Z [1m[92m    Checking[0m scopeguard v1.2.0
Web Runtime / Build And Contract Tests	UNKNOWN STEP	2026-10-10T18:44:45.4911653Z [1m[92m   Compiling[0m cfg_aliases v0.2.1
Web Runtime / Build And Contract Tests	UNKNOWN STEP	2026-10-10T18:44:45.5571029Z [1m[92m   Compiling[0m serde v1.0.228
Web Runtime / Build And Contract Tests	UNKNOWN STEP	2026-10-10T18:44:46.1304171Z [1m[92m   Compiling[0m wgpu v29.0.3
Web Runtime / Build And Contract Tests	UNKNOWN STEP	2026-10-10T18:44:46.8618094Z [1m[92m    Checking[0m lock_api v0.4.14
Web Runtime / Build And Contract Tests	UNKNOWN STEP	2026-10-10T18:44:47.1375897Z [1m[92m   Compiling[0m zmij v1.0.21
Web Runtime / Build And Contract Tests	UNKNOWN STEP	2026-10-10T18:44:47.2901195Z [1m[92m   Compiling[0m litrs v1.0.0
Web Runtime / Build And Contract Tests	UNKNOWN STEP	2026-10-10T18:44:47.5391872Z [1m[92m    Checking[0m foldhash v0.2.0
Web Runtime / Build And Contract Tests	UNKNOWN STEP	2026-10-10T18:44:47.6729898Z [1m[92m    Checking[0m bitflags v2.12.1
Web Runtime / Build And Contract Tests	UNKNOWN STEP	2026-10-10T18:44:47.8378009Z [1m[92m    Checking[0m raw-window-handle v0.6.2
Web Runtime / Build And Contract Tests	UNKNOWN STEP	2026-10-10T18:44:48.0735507Z [1m[92m   Compiling[0m wasm-bindgen-macro-support v0.2.122
Web Runtime / Build And Contract Tests	UNKNOWN STEP	2026-10-10T18:44:48.3769140Z [1m[92m    Checking[0m log v0.4.32
Web Runtime / Build And Contract Tests	UNKNOWN STEP	2026-10-10T18:44:48.3803465Z [1m[92m   Compiling[0m document-features v0.2.12
Web Runtime / Build And Contract Tests	UNKNOWN STEP	2026-10-10T18:44:48.5393038Z [1m[92m    Checking[0m hashbrown v0.16.1
Web Runtime / Build And Contract Tests	UNKNOWN STEP	2026-10-10T18:44:49.3492035Z [1m[92m    Checking[0m parking_lot v0.12.5
Web Runtime / Build And Contract Tests	UNKNOWN STEP	2026-10-10T18:44:49.6098638Z [1m[92m    Checking[0m static_assertions v1.1.0
Web Runtime / Build And Contract Tests	UNKNOWN STEP	2026-10-10T18:44:49.6146044Z [1m[92m    Checking[0m profiling v1.0.18
Web Runtime / Build And Contract Tests	UNKNOWN STEP	2026-10-10T18:44:49.6625099Z [1m[92m   Compiling[0m serde_json v1.0.150
Web Runtime / Build And Contract Tests	UNKNOWN STEP	2026-10-10T18:44:49.6637216Z [1m[92m    Checking[0m arrayvec v0.7.6
Web Runtime / Build And Contract Tests	UNKNOWN STEP	2026-10-10T18:44:49.9314187Z [1m[92m    Checking[0m itoa v1.0.18
Web Runtime / Build And Contract Tests	UNKNOWN STEP	2026-10-10T18:44:50.1018421Z [1m[92m    Checking[0m memchr v2.8.1
Web Runtime / Build And Contract Tests	UNKNOWN STEP	2026-10-10T18:44:52.5248222Z [1m[92m   Compiling[0m bytemuck_derive v1.10.2
Web Runtime / Build And Contract Tests	UNKNOWN STEP	2026-10-10T18:44:52.6889162Z [1m[92m   Compiling[0m zerocopy-derive v0.8.50
Web Runtime / Build And Contract Tests	UNKNOWN STEP	2026-10-10T18:44:54.9390535Z [1m[92m   Compiling[0m serde_derive v1.0.228
Web Runtime / Build And Contract Tests	UNKNOWN STEP	2026-10-10T18:44:55.1398187Z [1m[92m   Compiling[0m wasm-bindgen-macro v0.2.122
Web Runtime / Build And Contract Tests	UNKNOWN STEP	2026-10-10T18:44:55.3106389Z [1m[92m    Checking[0m bytemuck v1.25.0
Web Runtime / Build And Contract Tests	UNKNOWN STEP	2026-10-10T18:44:55.6957996Z [1m[92m    Checking[0m num-complex v0.4.6
Web Runtime / Build And Contract Tests	UNKNOWN STEP	2026-10-10T18:44:56.3005888Z [1m[92m    Checking[0m pulp v0.22.3
Web Runtime / Build And Contract Tests	UNKNOWN STEP	2026-10-10T18:44:56.7192039Z [1m[92m    Checking[0m zerocopy v0.8.50
Web Runtime / Build And Contract Tests	UNKNOWN STEP	2026-10-10T18:44:57.9150620Z [1m[92m    Checking[0m js-sys v0.3.99
Web Runtime / Build And Contract Tests	UNKNOWN STEP	2026-10-10T18:44:59.1060734Z [1m[92m   Compiling[0m thiserror-impl v1.0.69
Web Runtime / Build And Contract Tests	UNKNOWN STEP	2026-10-10T18:45:02.2431113Z [1m[92m    Checking[0m half v2.7.1
Web Runtime / Build And Contract Tests	UNKNOWN STEP	2026-10-10T18:45:02.4609579Z [1m[92m    Checking[0m thiserror v1.0.69
Web Runtime / Build And Contract Tests	UNKNOWN STEP	2026-10-10T18:45:02.5922084Z [1m[92m   Compiling[0m async-trait v0.1.89
Web Runtime / Build And Contract Tests	UNKNOWN STEP	2026-10-10T18:45:02.6677594Z [1m[92m    Checking[0m exr v1.74.2
Web Runtime / Build And Contract Tests	UNKNOWN STEP	2026-10-10T18:45:03.5373074Z [1m[92m    Checking[0m console_error_panic_hook v0.1.7
Web Runtime / Build And Contract Tests	UNKNOWN STEP	2026-10-10T18:45:09.4901237Z [1m[92m    Checking[0m web-sys v0.3.99
Web Runtime / Build And Contract Tests	UNKNOWN STEP	2026-10-10T18:45:09.4902163Z [1m[92m    Checking[0m wasm-bindgen-futures v0.4.72
Web Runtime / Build And Contract Tests	UNKNOWN STEP	2026-10-10T18:45:09.4902950Z [1m[92m    Checking[0m serde-wasm-bindgen v0.6.5
Web Runtime / Build And Contract Tests	UNKNOWN STEP	2026-10-10T18:45:19.8944118Z [1m[92m    Checking[0m wgpu-types v29.0.3
Web Runtime / Build And Contract Tests	UNKNOWN STEP	2026-10-10T18:45:28.3267264Z [1m[92m    Checking[0m forge3d-core v1.26.3 (D:\a\forge3d-web\forge3d-web\crates\forge3d-core)
Web Runtime / Build And Contract Tests	UNKNOWN STEP	2026-10-10T18:45:30.8451552Z [1m[92m    Checking[0m forge3d-web v1.26.3 (D:\a\forge3d-web\forge3d-web\crates\forge3d-web)
Web Runtime / Build And Contract Tests	UNKNOWN STEP	2026-10-10T18:45:35.4274754Z [1m[92m    Finished[0m `dev` profile [unoptimized + debuginfo] target(s) in 1m 00s
Web Runtime / Build And Contract Tests	UNKNOWN STEP	2026-10-10T18:45:35.5601268Z ##[group]Run cargo test -p forge3d-core --features gpu
Web Runtime / Build And Contract Tests	UNKNOWN STEP	2026-10-10T18:45:35.5601772Z [36;1mcargo test -p forge3d-core --features gpu[0m
Web Runtime / Build And Contract Tests	UNKNOWN STEP	2026-10-10T18:45:35.5674741Z shell: C:\Program Files\PowerShell\7\pwsh.EXE -command ". '{0}'"
Web Runtime / Build And Contract Tests	UNKNOWN STEP	2026-10-10T18:45:35.5675086Z env:
Web Runtime / Build And Contract Tests	UNKNOWN STEP	2026-10-10T18:45:35.5675263Z   CARGO_TERM_COLOR: always
Web Runtime / Build And Contract Tests	UNKNOWN STEP	2026-10-10T18:45:35.5675478Z   RUST_BACKTRACE: 1
Web Runtime / Build And Contract Tests	UNKNOWN STEP	2026-10-10T18:45:35.5675693Z   CARGO_HOME: C:\Users\runneradmin\.cargo
Web Runtime / Build And Contract Tests	UNKNOWN STEP	2026-10-10T18:45:35.5675969Z   CARGO_INCREMENTAL: 0
Web Runtime / Build And Contract Tests	UNKNOWN STEP	2026-10-10T18:45:35.5676165Z ##[endgroup]
Web Runtime / Build And Contract Tests	UNKNOWN STEP	2026-10-10T18:45:36.0502292Z [1m[92m   Compiling[0m proc-macro2 v1.0.106
Web Runtime / Build And Contract Tests	UNKNOWN STEP	2026-10-10T18:45:36.0503158Z [1m[92m   Compiling[0m quote v1.0.45
Web Runtime / Build And Contract Tests	UNKNOWN STEP	2026-10-10T18:45:36.0504522Z [1m[92m   Compiling[0m windows-link v0.2.1
Web Runtime / Build And Contract Tests	UNKNOWN STEP	2026-10-10T18:45:36.0505208Z [1m[92m   Compiling[0m autocfg v1.5.1
Web Runtime / Build And Contract Tests	UNKNOWN STEP	2026-10-10T18:45:36.1079946Z [1m[92m   Compiling[0m libm v0.2.16
Web Runtime / Build And Contract Tests	UNKNOWN STEP	2026-10-10T18:45:36.4455283Z [1m[92m   Compiling[0m cfg_aliases v0.2.1
Web Runtime / Build And Contract Tests	UNKNOWN STEP	2026-10-10T18:45:36.5060835Z [1m[92m   Compiling[0m bitflags v2.12.1
Web Runtime / Build And Contract Tests	UNKNOWN STEP	2026-10-10T18:45:36.6715995Z [1m[92m   Compiling[0m num-traits v0.2.19
Web Runtime / Build And Contract Tests	UNKNOWN STEP	2026-10-10T18:45:36.8309515Z [1m[92m   Compiling[0m log v0.4.32
Web Runtime / Build And Contract Tests	UNKNOWN STEP	2026-10-10T18:45:37.0746705Z [1m[92m   Compiling[0m cfg-if v1.0.4
Web Runtime / Build And Contract Tests	UNKNOWN STEP	2026-10-10T18:45:37.0751073Z [1m[92m   Compiling[0m windows-result v0.4.1
Web Runtime / Build And Contract Tests	UNKNOWN STEP	2026-10-10T18:45:37.1299066Z [1m[92m   Compiling[0m windows-strings v0.5.1
Web Runtime / Build And Contract Tests	UNKNOWN STEP	2026-10-10T18:45:37.6425060Z [1m[92m   Compiling[0m zerocopy v0.8.50
Web Runtime / Build And Contract Tests	UNKNOWN STEP	2026-10-10T18:45:37.7798744Z [1m[92m   Compiling[0m syn v2.0.117
Web Runtime / Build And Contract Tests	UNKNOWN STEP	2026-10-10T18:45:37.8567523Z [1m[92m   Compiling[0m khronos_api v3.1.0
Web Runtime / Build And Contract Tests	UNKNOWN STEP	2026-10-10T18:45:38.2075047Z [1m[92m   Compiling[0m thiserror v2.0.18
Web Runtime / Build And Contract Tests	UNKNOWN STEP	2026-10-10T18:45:38.6199573Z [1m[92m   Compiling[0m equivalent v1.0.2
Web Runtime / Build And Contract Tests	UNKNOWN STEP	2026-10-10T18:45:38.9597156Z [1m[92m   Compiling[0m allocator-api2 v0.2.21
Web Runtime / Build And Contract Tests	UNKNOWN STEP	2026-10-10T18:45:38.9807041Z [1m[92m   Compiling[0m xml-rs v0.8.28
Web Runtime / Build And Contract Tests	UNKNOWN STEP	2026-10-10T18:45:39.3354687Z [1m[92m   Compiling[0m foldhash v0.2.0
Web Runtime / Build And Contract Tests	UNKNOWN STEP	2026-10-10T18:45:39.4216003Z [1m[92m   Compiling[0m smallvec v1.15.1
Web Runtime / Build And Contract Tests	UNKNOWN STEP	2026-10-10T18:45:39.5807570Z [1m[92m   Compiling[0m hashbrown v0.16.1
Web Runtime / Build And Contract Tests	UNKNOWN STEP	2026-10-10T18:45:39.6875060Z [1m[92m   Compiling[0m naga v29.0.3
Web Runtime / Build And Contract Tests	UNKNOWN STEP	2026-10-10T18:45:40.1113953Z [1m[92m   Compiling[0m gl_generator v0.14.0
Web Runtime / Build And Contract Tests	UNKNOWN STEP	2026-10-10T18:45:40.4192719Z [1m[92m   Compiling[0m libloading v0.8.9
Web Runtime / Build And Contract Tests	UNKNOWN STEP	2026-10-10T18:45:40.4963284Z [1m[92m   Compiling[0m windows-threading v0.2.1
Web Runtime / Build And Contract Tests	UNKNOWN STEP	2026-10-10T18:45:40.6409657Z [1m[92m   Compiling[0m bit-vec v0.9.1
Web Runtime / Build And Contract Tests	UNKNOWN STEP	2026-10-10T18:45:40.7438516Z [1m[92m   Compiling[0m libc v0.2.186
Web Runtime / Build And Contract Tests	UNKNOWN STEP	2026-10-10T18:45:40.8922826Z [1m[92m   Compiling[0m unicode-width v0.2.2
Web Runtime / Build And Contract Tests	UNKNOWN STEP	2026-10-10T18:45:40.9752251Z [1m[92m   Compiling[0m parking_lot_core v0.9.12
Web Runtime / Build And Contract Tests	UNKNOWN STEP	2026-10-10T18:45:41.2379725Z [1m[92m   Compiling[0m hashbrown v0.17.1
Web Runtime / Build And Contract Tests	UNKNOWN STEP	2026-10-10T18:45:41.2595684Z [1m[92m   Compiling[0m ash v0.38.0+1.3.281
Web Runtime / Build And Contract Tests	UNKNOWN STEP	2026-10-10T18:45:41.3332972Z [1m[92m   Compiling[0m codespan-reporting v0.13.1
Web Runtime / Build And Contract Tests	UNKNOWN STEP	2026-10-10T18:45:41.4815737Z [1m[92m   Compiling[0m glutin_wgl_sys v0.6.1
Web Runtime / Build And Contract Tests	UNKNOWN STEP	2026-10-10T18:45:42.1407391Z [1m[92m   Compiling[0m indexmap v2.14.0
Web Runtime / Build And Contract Tests	UNKNOWN STEP	2026-10-10T18:45:42.2302352Z [1m[92m   Compiling[0m bit-set v0.9.1
Web Runtime / Build And Contract Tests	UNKNOWN STEP	2026-10-10T18:45:42.4419982Z [1m[92m   Compiling[0m spirv v0.4.0+sdk-1.4.341.0
Web Runtime / Build And Contract Tests	UNKNOWN STEP	2026-10-10T18:45:42.5864443Z [1m[92m   Compiling[0m once_cell v1.21.4
Web Runtime / Build And Contract Tests	UNKNOWN STEP	2026-10-10T18:45:42.8703920Z [1m[92m   Compiling[0m rustc-hash v1.1.0
Web Runtime / Build And Contract Tests	UNKNOWN STEP	2026-10-10T18:45:42.9508492Z [1m[92m   Compiling[0m foldhash v0.1.5
Web Runtime / Build And Contract Tests	UNKNOWN STEP	2026-10-10T18:45:43.1192753Z [1m[92m   Compiling[0m khronos-egl v6.0.0
Web Runtime / Build And Contract Tests	UNKNOWN STEP	2026-10-10T18:45:43.1610453Z [1m[92m   Compiling[0m hexf-parse v0.2.1
Web Runtime / Build And Contract Tests	UNKNOWN STEP	2026-10-10T18:45:43.3254604Z [1m[92m   Compiling[0m scopeguard v1.2.0
Web Runtime / Build And Contract Tests	UNKNOWN STEP	2026-10-10T18:45:43.3465005Z [1m[92m   Compiling[0m arrayvec v0.7.6
Web Runtime / Build And Contract Tests	UNKNOWN STEP	2026-10-10T18:45:43.4280362Z [1m[92m   Compiling[0m raw-window-handle v0.6.2
Web Runtime / Build And Contract Tests	UNKNOWN STEP	2026-10-10T18:45:43.5955800Z [1m[92m   Compiling[0m lock_api v0.4.14
Web Runtime / Build And Contract Tests	UNKNOWN STEP	2026-10-10T18:45:43.7874696Z [1m[92m   Compiling[0m hashbrown v0.15.5
Web Runtime / Build And Contract Tests	UNKNOWN STEP	2026-10-10T18:45:44.3756600Z [1m[92m   Compiling[0m windows-implement v0.60.2
Web Runtime / Build And Contract Tests	UNKNOWN STEP	2026-10-10T18:45:44.5948662Z [1m[92m   Compiling[0m bytemuck_derive v1.10.2
Web Runtime / Build And Contract Tests	UNKNOWN STEP	2026-10-10T18:45:45.0165471Z [1m[92m   Compiling[0m windows-interface v0.59.3
Web Runtime / Build And Contract Tests	UNKNOWN STEP	2026-10-10T18:45:45.3549250Z [1m[92m   Compiling[0m zerocopy-derive v0.8.50
Web Runtime / Build And Contract Tests	UNKNOWN STEP	2026-10-10T18:45:46.0777316Z [1m[92m   Compiling[0m windows-core v0.62.2
Web Runtime / Build And Contract Tests	UNKNOWN STEP	2026-10-10T18:45:46.3554474Z [1m[92m   Compiling[0m bytemuck v1.25.0
Web Runtime / Build And Contract Tests	UNKNOWN STEP	2026-10-10T18:45:46.7145645Z [1m[92m   Compiling[0m thiserror-impl v2.0.18
Web Runtime / Build And Contract Tests	UNKNOWN STEP	2026-10-10T18:45:46.8971498Z [1m[92m   Compiling[0m windows-future v0.3.2
Web Runtime / Build And Contract Tests	UNKNOWN STEP	2026-10-10T18:45:48.0543144Z [1m[92m   Compiling[0m windows-numerics v0.3.1
Web Runtime / Build And Contract Tests	UNKNOWN STEP	2026-10-10T18:45:48.3260242Z [1m[92m   Compiling[0m windows-collections v0.3.2
Web Runtime / Build And Contract Tests	UNKNOWN STEP	2026-10-10T18:45:48.7250668Z [1m[92m   Compiling[0m wgpu-types v29.0.3
Web Runtime / Build And Contract Tests	UNKNOWN STEP	2026-10-10T18:45:48.9828760Z [1m[92m   Compiling[0m windows v0.62.2
Web Runtime / Build And Contract Tests	UNKNOWN STEP	2026-10-10T18:45:53.5380744Z [1m[92m   Compiling[0m half v2.7.1
Web Runtime / Build And Contract Tests	UNKNOWN STEP	2026-10-10T18:45:53.5447164Z [1m[92m   Compiling[0m gpu-descriptor-types v0.2.0
Web Runtime / Build And Contract Tests	UNKNOWN STEP	2026-10-10T18:45:53.8374845Z [1m[92m   Compiling[0m wgpu-hal v29.0.3
Web Runtime / Build And Contract Tests	UNKNOWN STEP	2026-10-10T18:45:54.3701070Z [1m[92m   Compiling[0m presser v0.3.1
Web Runtime / Build And Contract Tests	UNKNOWN STEP	2026-10-10T18:45:54.5349815Z [1m[92m   Compiling[0m gpu-descriptor v0.3.2
Web Runtime / Build And Contract Tests	UNKNOWN STEP	2026-10-10T18:45:54.8211582Z [1m[92m   Compiling[0m parking_lot v0.12.5
Web Runtime / Build And Contract Tests	UNKNOWN STEP	2026-10-10T18:45:56.2421606Z [1m[92m   Compiling[0m ordered-float v5.3.0
Web Runtime / Build And Contract Tests	UNKNOWN STEP	2026-10-10T18:45:56.6556360Z [1m[92m   Compiling[0m glow v0.17.0
Web Runtime / Build And Contract Tests	UNKNOWN STEP	2026-10-10T18:46:00.1491742Z [1m[92m   Compiling[0m profiling v1.0.18
Web Runtime / Build And Contract Tests	UNKNOWN STEP	2026-10-10T18:46:00.2049415Z [1m[92m   Compiling[0m renderdoc-sys v1.1.0
Web Runtime / Build And Contract Tests	UNKNOWN STEP	2026-10-10T18:46:00.3556721Z [1m[92m   Compiling[0m paste v1.0.15
Web Runtime / Build And Contract Tests	UNKNOWN STEP	2026-10-10T18:46:00.6874151Z [1m[92m   Compiling[0m range-alloc v0.1.5
Web Runtime / Build And Contract Tests	UNKNOWN STEP	2026-10-10T18:46:00.8143362Z [1m[92m   Compiling[0m version_check v0.9.5
Web Runtime / Build And Contract Tests	UNKNOWN STEP	2026-10-10T18:46:01.2098975Z [1m[92m   Compiling[0m pulp v0.22.3
Web Runtime / Build And Contract Tests	UNKNOWN STEP	2026-10-10T18:46:01.6534167Z [1m[92m   Compiling[0m wgpu-core v29.0.3
Web Runtime / Build And Contract Tests	UNKNOWN STEP	2026-10-10T18:46:01.9600407Z [1m[92m   Compiling[0m litrs v1.0.0
Web Runtime / Build And Contract Tests	UNKNOWN STEP	2026-10-10T18:46:02.1576446Z [1m[92m   Compiling[0m heapless v0.8.0
Web Runtime / Build And Contract Tests	UNKNOWN STEP	2026-10-10T18:46:02.4850168Z [1m[92m   Compiling[0m byteorder v1.5.0
Web Runtime / Build And Contract Tests	UNKNOWN STEP	2026-10-10T18:46:02.7410098Z [1m[92m   Compiling[0m hash32 v0.3.1
Web Runtime / Build And Contract Tests	UNKNOWN STEP	2026-10-10T18:46:02.7818466Z [1m[92m   Compiling[0m document-features v0.2.12
Web Runtime / Build And Contract Tests	UNKNOWN STEP	2026-10-10T18:46:03.6184207Z [1m[92m   Compiling[0m num-complex v0.4.6
Web Runtime / Build And Contract Tests	UNKNOWN STEP	2026-10-10T18:46:03.6327161Z [1m[92m   Compiling[0m raw-cpuid v11.6.0
Web Runtime / Build And Contract Tests	UNKNOWN STEP	2026-10-10T18:46:04.3047170Z [1m[92m   Compiling[0m wgpu v29.0.3
Web Runtime / Build And Contract Tests	UNKNOWN STEP	2026-10-10T18:46:05.0495482Z [1m[92m   Compiling[0m simd-adler32 v0.3.10
Web Runtime / Build And Contract Tests	UNKNOWN STEP	2026-10-10T18:46:05.3159622Z [1m[92m   Compiling[0m thiserror v1.0.69
Web Runtime / Build And Contract Tests	UNKNOWN STEP	2026-10-10T18:46:05.7045865Z [1m[92m   Compiling[0m reborrow v0.5.5
Web Runtime / Build And Contract Tests	UNKNOWN STEP	2026-10-10T18:46:05.7878566Z [1m[92m   Compiling[0m pulp-wasm-simd-flag v0.1.1
Web Runtime / Build And Contract Tests	UNKNOWN STEP	2026-10-10T18:46:05.8434135Z [1m[92m   Compiling[0m serde_core v1.0.228
Web Runtime / Build And Contract Tests	UNKNOWN STEP	2026-10-10T18:46:06.2104250Z [1m[92m   Compiling[0m stable_deref_trait v1.2.1
Web Runtime / Build And Contract Tests	UNKNOWN STEP	2026-10-10T18:46:06.2701728Z [1m[92m   Compiling[0m zmij v1.0.21
Web Runtime / Build And Contract Tests	UNKNOWN STEP	2026-10-10T18:46:06.5965527Z [1m[92m   Compiling[0m adler2 v2.0.1
Web Runtime / Build And Contract Tests	UNKNOWN STEP	2026-10-10T18:46:06.7212784Z [1m[92m   Compiling[0m gpu-allocator v0.28.0
Web Runtime / Build And Contract Tests	UNKNOWN STEP	2026-10-10T18:46:07.4708421Z [1m[92m   Compiling[0m wgpu-naga-bridge v29.0.3
Web Runtime / Build And Contract Tests	UNKNOWN STEP	2026-10-10T18:46:08.5825941Z [1m[92m   Compiling[0m miniz_oxide v0.8.9
Web Runtime / Build And Contract Tests	UNKNOWN STEP	2026-10-10T18:46:11.7826417Z [1m[92m   Compiling[0m zune-inflate v0.2.54
Web Runtime / Build And Contract Tests	UNKNOWN STEP	2026-10-10T18:46:12.2660684Z [1m[92m   Compiling[0m thiserror-impl v1.0.69
Web Runtime / Build And Contract Tests	UNKNOWN STEP	2026-10-10T18:46:14.0816543Z [1m[92m   Compiling[0m wgpu-core-deps-windows-linux-android v29.0.3
Web Runtime / Build And Contract Tests	UNKNOWN STEP	2026-10-10T18:46:15.0087381Z [1m[92m   Compiling[0m bit_field v0.10.3
Web Runtime / Build And Contract Tests	UNKNOWN STEP	2026-10-10T18:46:15.1662321Z [1m[92m   Compiling[0m lebe v0.5.3
Web Runtime / Build And Contract Tests	UNKNOWN STEP	2026-10-10T18:46:15.4330696Z [1m[92m   Compiling[0m serde_json v1.0.150
Web Runtime / Build And Contract Tests	UNKNOWN STEP	2026-10-10T18:46:15.6914363Z [1m[92m   Compiling[0m static_assertions v1.1.0
Web Runtime / Build And Contract Tests	UNKNOWN STEP	2026-10-10T18:46:15.8092657Z [1m[92m   Compiling[0m exr v1.74.2
Web Runtime / Build And Contract Tests	UNKNOWN STEP	2026-10-10T18:46:27.5602044Z [1m[92m   Compiling[0m rstar v0.12.2
Web Runtime / Build And Contract Tests	UNKNOWN STEP	2026-10-10T18:46:28.5694581Z [1m[92m   Compiling[0m async-trait v0.1.89
Web Runtime / Build And Contract Tests	UNKNOWN STEP	2026-10-10T18:46:29.0138817Z [1m[92m   Compiling[0m itoa v1.0.18
Web Runtime / Build And Contract Tests	UNKNOWN STEP	2026-10-10T18:46:29.2530883Z [1m[92m   Compiling[0m memchr v2.8.1
Web Runtime / Build And Contract Tests	UNKNOWN STEP	2026-10-10T18:46:30.1697033Z [1m[92m   Compiling[0m glam v0.24.2
Web Runtime / Build And Contract Tests	UNKNOWN STEP	2026-10-10T18:46:33.7530967Z [1m[92m   Compiling[0m forge3d-core v1.26.3 (D:\a\forge3d-web\forge3d-web\crates\forge3d-core)
Web Runtime / Build And Contract Tests	UNKNOWN STEP	2026-10-10T18:46:40.4566213Z [1m[92m    Finished[0m `test` profile [unoptimized + debuginfo] target(s) in 1m 04s
Web Runtime / Build And Contract Tests	UNKNOWN STEP	2026-10-10T18:46:40.4649787Z [1m[92m     Running[0m unittests src\lib.rs (target\debug\deps\forge3d_core-d8bc93af0b01b204.exe)
Web Runtime / Build And Contract Tests	UNKNOWN STEP	2026-10-10T18:46:40.4758133Z 
Web Runtime / Build And Contract Tests	UNKNOWN STEP	2026-10-10T18:46:40.4758512Z running 94 tests
Web Runtime / Build And Contract Tests	UNKNOWN STEP	2026-10-10T18:46:40.4769342Z test codecs::exr::tests::channel_naming_matches_native_exr_writer ... ok
Web Runtime / Build And Contract Tests	UNKNOWN STEP	2026-10-10T18:46:40.4775935Z test codecs::exr::tests::encoder_rejects_invalid_channel_sets ... ok
Web Runtime / Build And Contract Tests	UNKNOWN STEP	2026-10-10T18:46:40.4780621Z test codecs::rgbe::tests::accepts_crlf_headers_and_rgbe_magic ... ok
Web Runtime / Build And Contract Tests	UNKNOWN STEP	2026-10-10T18:46:40.4784561Z test codecs::rgbe::tests::accepts_only_whitespace_trailing_bytes ... ok
Web Runtime / Build And Contract Tests	UNKNOWN STEP	2026-10-10T18:46:40.4788202Z test codecs::rgbe::tests::decodes_flat_pixels_below_rle_width_threshold ... ok
Web Runtime / Build And Contract Tests	UNKNOWN STEP	2026-10-10T18:46:40.4792667Z test codecs::rgbe::tests::decodes_old_flat_scanlines_at_rle_eligible_width ... ok
Web Runtime / Build And Contract Tests	UNKNOWN STEP	2026-10-10T18:46:40.4798017Z test codecs::rgbe::tests::decodes_rle_scanline_with_mixed_runs_and_literals ... ok
Web Runtime / Build And Contract Tests	UNKNOWN STEP	2026-10-10T18:46:40.4803231Z test codecs::rgbe::tests::enforces_dimension_and_pixel_limits ... ok
Web Runtime / Build And Contract Tests	UNKNOWN STEP	2026-10-10T18:46:40.4808321Z test codecs::exr::tests::beauty_round_trip_is_exact_and_header_matches_native_parser ... ok
Web Runtime / Build And Contract Tests	UNKNOWN STEP	2026-10-10T18:46:40.4810415Z test codecs::rgbe::tests::hdr_values_are_not_clamped_to_one ... ok
Web Runtime / Build And Contract Tests	UNKNOWN STEP	2026-10-10T18:46:40.4813835Z test codecs::rgbe::tests::rejects_bad_magic_and_missing_format ... ok
Web Runtime / Build And Contract Tests	UNKNOWN STEP	2026-10-10T18:46:40.4815228Z test codecs::rgbe::tests::rejects_bad_resolution_lines ... ok
Web Runtime / Build And Contract Tests	UNKNOWN STEP	2026-10-10T18:46:40.4818907Z test codecs::rgbe::tests::rejects_empty_and_headerless_input ... ok
Web Runtime / Build And Contract Tests	UNKNOWN STEP	2026-10-10T18:46:40.4820647Z test codecs::rgbe::tests::rejects_rle_zero_counts_overflow_and_bad_markers ... ok
Web Runtime / Build And Contract Tests	UNKNOWN STEP	2026-10-10T18:46:40.4824140Z test codecs::rgbe::tests::rejects_truncated_flat_and_rle_data ... ok
Web Runtime / Build And Contract Tests	UNKNOWN STEP	2026-10-10T18:46:40.4825308Z test codecs::rgbe::tests::rejects_two_two_marker_with_wrong_declared_width ... ok
Web Runtime / Build And Contract Tests	UNKNOWN STEP	2026-10-10T18:46:40.4830441Z test codecs::rgbe::tests::reorients_all_axis_sign_combinations ... ok
Web Runtime / Build And Contract Tests	UNKNOWN STEP	2026-10-10T18:46:40.4831539Z test codecs::rgbe::tests::result_shape_matches_dimensions ... ok
Web Runtime / Build And Contract Tests	UNKNOWN STEP	2026-10-10T18:46:40.4835559Z test codecs::rgbe::tests::zero_exponent_produces_black_with_unit_alpha ... ok
Web Runtime / Build And Contract Tests	UNKNOWN STEP	2026-10-10T18:46:40.4837439Z test codecs::sha256::tests::ibl_source_hash_matches_lead_literal ... ok
Web Runtime / Build And Contract Tests	UNKNOWN STEP	2026-10-10T18:46:40.4841703Z test gpu::runtime::tests::device_health_notifies_each_listener_once_on_first_loss ... ok
Web Runtime / Build And Contract Tests	UNKNOWN STEP	2026-10-10T18:46:40.4846905Z test gpu::runtime::tests::device_health_unsubscribe_detaches_listener ... ok
Web Runtime / Build And Contract Tests	UNKNOWN STEP	2026-10-10T18:46:40.4852001Z test gpu::runtime::tests::fatal_uncaptured_errors_mark_device_lost_and_notify_once ... ok
Web Runtime / Build And Contract Tests	UNKNOWN STEP	2026-10-10T18:46:40.4856435Z test gpu::runtime::tests::gpu_runtime_options_default_to_browser_compatible_limits ... ok
Web Runtime / Build And Contract Tests	UNKNOWN STEP	2026-10-10T18:46:40.4858933Z test codecs::exr::tests::malformed_and_oversized_files_fail_with_typed_errors_before_allocation ... ok
Web Runtime / Build And Contract Tests	UNKNOWN STEP	2026-10-10T18:46:40.4862227Z test gpu::runtime::tests::uncaptured_validation_error_is_retained_without_marking_device_lost ... ok
Web Runtime / Build And Contract Tests	UNKNOWN STEP	2026-10-10T18:46:40.4864131Z test gpu::surface::tests::surface_configuration_rejects_zero_size_before_touching_adapter ... ok
Web Runtime / Build And Contract Tests	UNKNOWN STEP	2026-10-10T18:46:40.4866121Z test gpu::surface::tests::surface_descriptor_defaults_to_fifo_presentation ... ok
Web Runtime / Build And Contract Tests	UNKNOWN STEP	2026-10-10T18:46:40.4867957Z test io::source::tests::byte_range_rejects_overflow ... ok
Web Runtime / Build And Contract Tests	UNKNOWN STEP	2026-10-10T18:46:40.4870798Z test io::source::tests::fake_source_reads_full_and_ranged_bytes ... ok
Web Runtime / Build And Contract Tests	UNKNOWN STEP	2026-10-10T18:46:40.4874849Z test io::source::tests::little_endian_f32_decoder_validates_length_and_expected_count ... ok
Web Runtime / Build And Contract Tests	UNKNOWN STEP	2026-10-10T18:46:40.4876152Z test labels::callout::tests::test_auto_pointer_direction ... ok
Web Runtime / Build And Contract Tests	UNKNOWN STEP	2026-10-10T18:46:40.4877769Z test labels::callout::tests::test_callout_style_default ... ok
Web Runtime / Build And Contract Tests	UNKNOWN STEP	2026-10-10T18:46:40.4881429Z test labels::callout::tests::test_generate_rounded_rect ... ok
Web Runtime / Build And Contract Tests	UNKNOWN STEP	2026-10-10T18:46:40.4882222Z test labels::collision::tests::test_clear ... ok
Web Runtime / Build And Contract Tests	UNKNOWN STEP	2026-10-10T18:46:40.4885266Z test labels::collision::tests::test_collision ... ok
Web Runtime / Build And Contract Tests	UNKNOWN STEP	2026-10-10T18:46:40.4886033Z test labels::collision::tests::test_no_collision ... ok
Web Runtime / Build And Contract Tests	UNKNOWN STEP	2026-10-10T18:46:40.4888847Z test labels::curved::tests::test_sample_at_distance ... ok
Web Runtime / Build And Contract Tests	UNKNOWN STEP	2026-10-10T18:46:40.4890191Z test labels::curved::tests::test_sampled_path_from_polyline ... ok
Web Runtime / Build And Contract Tests	UNKNOWN STEP	2026-10-10T18:46:40.4892782Z test labels::declutter::tests::test_boxes_overlap ... ok
Web Runtime / Build And Contract Tests	UNKNOWN STEP	2026-10-10T18:46:40.4893626Z test labels::declutter::tests::test_greedy_non_overlapping ... ok
Web Runtime / Build And Contract Tests	UNKNOWN STEP	2026-10-10T18:46:40.4897145Z test labels::declutter::tests::test_greedy_overlapping_priority ... ok
Web Runtime / Build And Contract Tests	UNKNOWN STEP	2026-10-10T18:46:40.4898056Z test labels::layer::tests::test_feature_from_points ... ok
Web Runtime / Build And Contract Tests	UNKNOWN STEP	2026-10-10T18:46:40.4900858Z test labels::layer::tests::test_generate_labels ... ok
Web Runtime / Build And Contract Tests	UNKNOWN STEP	2026-10-10T18:46:40.4901628Z test labels::layer::tests::test_label_layer_creation ... ok
Web Runtime / Build And Contract Tests	UNKNOWN STEP	2026-10-10T18:46:40.4904369Z test labels::leader::tests::test_create_leader ... ok
Web Runtime / Build And Contract Tests	UNKNOWN STEP	2026-10-10T18:46:40.4905109Z test labels::leader::tests::test_elbow_leader ... ok
Web Runtime / Build And Contract Tests	UNKNOWN STEP	2026-10-10T18:46:40.4908180Z test labels::leader::tests::test_generate_vertices ... ok
Web Runtime / Build And Contract Tests	UNKNOWN STEP	2026-10-10T18:46:40.4909466Z test labels::line_label::tests::test_glyph_rotation_flips_upside_down_reverse_line ... ok
Web Runtime / Build And Contract Tests	UNKNOWN STEP	2026-10-10T18:46:40.4912034Z test labels::line_label::tests::test_glyph_rotation_follows_diagonal_tangent ... ok
Web Runtime / Build And Contract Tests	UNKNOWN STEP	2026-10-10T18:46:40.4912979Z test labels::line_label::tests::test_path_length ... ok
Web Runtime / Build And Contract Tests	UNKNOWN STEP	2026-10-10T18:46:40.4915513Z test labels::line_label::tests::test_sample_path ... ok
Web Runtime / Build And Contract Tests	UNKNOWN STEP	2026-10-10T18:46:40.4916323Z test labels::projection::tests::test_behind_camera ... ok
Web Runtime / Build And Contract Tests	UNKNOWN STEP	2026-10-10T18:46:40.4919604Z test labels::projection::tests::test_identity_projection ... ok
Web Runtime / Build And Contract Tests	UNKNOWN STEP	2026-10-10T18:46:40.4920707Z test labels::rtree::tests::test_clear ... ok
Web Runtime / Build And Contract Tests	UNKNOWN STEP	2026-10-10T18:46:40.4924657Z test labels::rtree::tests::test_collision ... ok
Web Runtime / Build And Contract Tests	UNKNOWN STEP	2026-10-10T18:46:40.4925433Z test labels::rtree::tests::test_no_collision ... ok
Web Runtime / Build And Contract Tests	UNKNOWN STEP	2026-10-10T18:46:40.4928532Z test labels::rtree::tests::test_query ... ok
Web Runtime / Build And Contract Tests	UNKNOWN STEP	2026-10-10T18:46:40.4929612Z test labels::typography::tests::test_kerning_table ... ok
Web Runtime / Build And Contract Tests	UNKNOWN STEP	2026-10-10T18:46:40.4933200Z test labels::typography::tests::test_text_case_title ... ok
Web Runtime / Build And Contract Tests	UNKNOWN STEP	2026-10-10T18:46:40.4934399Z test labels::typography::tests::test_text_case_upper ... ok
Web Runtime / Build And Contract Tests	UNKNOWN STEP	2026-10-10T18:46:40.4937689Z test labels::typography::tests::test_typography_defaults ... ok
Web Runtime / Build And Contract Tests	UNKNOWN STEP	2026-10-10T18:46:40.4944780Z test offline::tests::atrous_denoiser_validates_inputs_and_uses_depth_guidance ... ok
Web Runtime / Build And Contract Tests	UNKNOWN STEP	2026-10-10T18:46:40.4964315Z test offline::tests::convergence_tracker_matches_native_history_semantics ... ok
Web Runtime / Build And Contract Tests	UNKNOWN STEP	2026-10-10T18:46:40.4968250Z test offline::tests::convergence_trend_rule_matches_native_window ... ok
Web Runtime / Build And Contract Tests	UNKNOWN STEP	2026-10-10T18:46:40.5001810Z test codecs::exr::tests::multichannel_aov_file_keeps_every_native_channel_and_exact_ids ... ok
Web Runtime / Build And Contract Tests	UNKNOWN STEP	2026-10-10T18:46:40.5005909Z test offline::tests::halton_matches_native_radical_inverse ... ok
Web Runtime / Build And Contract Tests	UNKNOWN STEP	2026-10-10T18:46:40.5010746Z test offline::tests::image_metrics_report_identity_and_known_errors ... ok
Web Runtime / Build And Contract Tests	UNKNOWN STEP	2026-10-10T18:46:40.5014773Z test offline::tests::jitter_matches_native_perspective_formula_and_shifts_orthographic ... ok
Web Runtime / Build And Contract Tests	UNKNOWN STEP	2026-10-10T18:46:40.5018829Z test offline::tests::luminance_downsample_and_tile_means_follow_native_blocks ... ok
Web Runtime / Build And Contract Tests	UNKNOWN STEP	2026-10-10T18:46:40.5057953Z test offline::tests::noise_estimate_tracks_gaussian_like_noise_and_ignores_flat_images ... ok
Web Runtime / Build And Contract Tests	UNKNOWN STEP	2026-10-10T18:46:40.5061882Z test offline::tests::r2_sequence_reproduces_native_offsets ... ok
Web Runtime / Build And Contract Tests	UNKNOWN STEP	2026-10-10T18:46:40.5065619Z test offline::tests::tonemap_operators_match_native_curves ... ok
Web Runtime / Build And Contract Tests	UNKNOWN STEP	2026-10-10T18:46:40.5510067Z test tests::core_source_tree_has_no_python_boundary_tokens ... ok
Web Runtime / Build And Contract Tests	UNKNOWN STEP	2026-10-10T18:46:40.5849113Z test tests::default_core_root_does_not_expose_staged_native_or_offline_modules ... ok
Web Runtime / Build And Contract Tests	UNKNOWN STEP	2026-10-10T18:46:40.5935307Z test tests::phase10_core_readback_contract_is_exposed ... ok
Web Runtime / Build And Contract Tests	UNKNOWN STEP	2026-10-10T18:46:40.5947702Z test tests::phase4_feature_gate_manifest_tracks_core_optional_surfaces ... ok
Web Runtime / Build And Contract Tests	UNKNOWN STEP	2026-10-10T18:46:40.5969951Z test tests::phase5_browser_gpu_sources_do_not_use_blocking_or_global_context ... ok
Web Runtime / Build And Contract Tests	UNKNOWN STEP	2026-10-10T18:46:40.6189066Z test tests::phase5_core_production_sources_have_no_blocking_or_global_gpu_callsite_tokens ... ok
Web Runtime / Build And Contract Tests	UNKNOWN STEP	2026-10-10T18:46:40.6287160Z test codecs::sha256::tests::sha256_matches_standard_vectors ... ok
Web Runtime / Build And Contract Tests	UNKNOWN STEP	2026-10-10T18:46:40.6293008Z test tests::phase5_gpu_runtime_api_is_public_without_legacy_singleton ... ok
Web Runtime / Build And Contract Tests	UNKNOWN STEP	2026-10-10T18:46:40.6298771Z test tests::phase8_core_terrain_heightmap_contract_is_exposed ... ok
Web Runtime / Build And Contract Tests	UNKNOWN STEP	2026-10-10T18:46:40.6303985Z test tests::phase9_core_camera_contract_is_exposed ... ok
Web Runtime / Build And Contract Tests	UNKNOWN STEP	2026-10-10T18:46:40.6309279Z test tests::removed_python_binding_roots_do_not_exist_in_browser_only_workspace ... ok
Web Runtime / Build And Contract Tests	UNKNOWN STEP	2026-10-10T18:46:40.6313682Z test vector::tests::conservative_culling_keeps_intersecting_triangles ... ok
Web Runtime / Build And Contract Tests	UNKNOWN STEP	2026-10-10T18:46:40.6318351Z test vector::tests::extrusion_and_billboard_have_pixel_units ... ok
Web Runtime / Build And Contract Tests	UNKNOWN STEP	2026-10-10T18:46:40.6322778Z test vector::tests::fused_matrix_control_crosses_the_directed_depth_storage_boundary ... ok
Web Runtime / Build And Contract Tests	UNKNOWN STEP	2026-10-10T18:46:40.6326685Z test vector::tests::gpu_storage_layouts ... ok
Web Runtime / Build And Contract Tests	UNKNOWN STEP	2026-10-10T18:46:40.6330529Z test vector::tests::native_weight_is_alpha_scaled ... ok
Web Runtime / Build And Contract Tests	UNKNOWN STEP	2026-10-10T18:46:40.6334710Z test vector::tests::near_coplanar_drapes_never_round_behind_the_surface ... ok
Web Runtime / Build And Contract Tests	UNKNOWN STEP	2026-10-10T18:46:40.6338368Z test vector::tests::projection_preserves_large_coordinate_cancellation ... ok
Web Runtime / Build And Contract Tests	UNKNOWN STEP	2026-10-10T18:46:40.6380388Z test tests::phase5_core_source_tree_has_no_legacy_global_gpu_singleton ... ok
Web Runtime / Build And Contract Tests	UNKNOWN STEP	2026-10-10T18:46:40.8402602Z test offline::tests::atrous_denoiser_meets_offline_denoise_acceptance ... ok
Web Runtime / Build And Contract Tests	UNKNOWN STEP	2026-10-10T18:46:40.8444533Z test offline::tests::edge_stopping_preserves_converged_detail_and_zero_matches_native_weights ... ok
Web Runtime / Build And Contract Tests	UNKNOWN STEP	2026-10-10T18:46:40.8445021Z 
Web Runtime / Build And Contract Tests	UNKNOWN STEP	2026-10-10T18:46:40.8445734Z test result: ok. 94 passed; 0 failed; 0 ignored; 0 measured; 0 filtered out; finished in 0.37s
Web Runtime / Build And Contract Tests	UNKNOWN STEP	2026-10-10T18:46:40.8446103Z 
Web Runtime / Build And Contract Tests	UNKNOWN STEP	2026-10-10T18:46:40.8468210Z [1m[92m   Doc-tests[0m forge3d_core
Web Runtime / Build And Contract Tests	UNKNOWN STEP	2026-10-10T18:46:40.9908482Z 
Web Runtime / Build And Contract Tests	UNKNOWN STEP	2026-10-10T18:46:40.9909001Z running 1 test
Web Runtime / Build And Contract Tests	UNKNOWN STEP	2026-10-10T18:46:40.9913589Z test crates\forge3d-core\src\labels\layer.rs - labels::layer::label_layer_from_mapbox_style (line 440) ... ignored
Web Runtime / Build And Contract Tests	UNKNOWN STEP	2026-10-10T18:46:40.9914425Z 
Web Runtime / Build And Contract Tests	UNKNOWN STEP	2026-10-10T18:46:40.9915051Z test result: ok. 0 passed; 0 failed; 1 ignored; 0 measured; 0 filtered out; finished in 0.00s
Web Runtime / Build And Contract Tests	UNKNOWN STEP	2026-10-10T18:46:40.9915702Z 
Web Runtime / Build And Contract Tests	UNKNOWN STEP	2026-10-10T18:46:41.1274378Z ##[group]Run cargo test -p forge3d-core --features webgpu
Web Runtime / Build And Contract Tests	UNKNOWN STEP	2026-10-10T18:46:41.1274871Z [36;1mcargo test -p forge3d-core --features webgpu[0m
Web Runtime / Build And Contract Tests	UNKNOWN STEP	2026-10-10T18:46:41.1347637Z shell: C:\Program Files\PowerShell\7\pwsh.EXE -command ". '{0}'"
Web Runtime / Build And Contract Tests	UNKNOWN STEP	2026-10-10T18:46:41.1347988Z env:
Web Runtime / Build And Contract Tests	UNKNOWN STEP	2026-10-10T18:46:41.1348175Z   CARGO_TERM_COLOR: always
Web Runtime / Build And Contract Tests	UNKNOWN STEP	2026-10-10T18:46:41.1348406Z   RUST_BACKTRACE: 1
Web Runtime / Build And Contract Tests	UNKNOWN STEP	2026-10-10T18:46:41.1348639Z   CARGO_HOME: C:\Users\runneradmin\.cargo
Web Runtime / Build And Contract Tests	UNKNOWN STEP	2026-10-10T18:46:41.1348916Z   CARGO_INCREMENTAL: 0
Web Runtime / Build And Contract Tests	UNKNOWN STEP	2026-10-10T18:46:41.1349119Z ##[endgroup]
Web Runtime / Build And Contract Tests	UNKNOWN STEP	2026-10-10T18:46:41.6010159Z [1m[92m   Compiling[0m serde_core v1.0.228
Web Runtime / Build And Contract Tests	UNKNOWN STEP	2026-10-10T18:46:41.6041515Z [1m[92m   Compiling[0m serde v1.0.228
Web Runtime / Build And Contract Tests	UNKNOWN STEP	2026-10-10T18:46:41.6047466Z [1m[92m   Compiling[0m serde_derive v1.0.228
Web Runtime / Build And Contract Tests	UNKNOWN STEP	2026-10-10T18:46:44.3259915Z [1m[92m   Compiling[0m serde_json v1.0.150
Web Runtime / Build And Contract Tests	UNKNOWN STEP	2026-10-10T18:46:44.8725516Z [1m[92m   Compiling[0m forge3d-core v1.26.3 (D:\a\forge3d-web\forge3d-web\crates\forge3d-core)
Web Runtime / Build And Contract Tests	UNKNOWN STEP	2026-10-10T18:46:59.0278894Z [1m[92m    Finished[0m `test` profile [unoptimized + debuginfo] target(s) in 17.58s
Web Runtime / Build And Contract Tests	UNKNOWN STEP	2026-10-10T18:46:59.0360850Z [1m[92m     Running[0m unittests src\lib.rs (target\debug\deps\forge3d_core-f66fb224b9af2242.exe)
Web Runtime / Build And Contract Tests	UNKNOWN STEP	2026-10-10T18:46:59.0472787Z 
Web Runtime / Build And Contract Tests	UNKNOWN STEP	2026-10-10T18:46:59.0473007Z running 414 tests
Web Runtime / Build And Contract Tests	UNKNOWN STEP	2026-10-10T18:46:59.0482812Z test camera::tests::camera_input_orthographic_projection_and_extents ... ok
Web Runtime / Build And Contract Tests	UNKNOWN STEP	2026-10-10T18:46:59.0484247Z test camera::tests::camera_input_rejects_colinear_up_and_keeps_legacy_messages ... ok
Web Runtime / Build And Contract Tests	UNKNOWN STEP	2026-10-10T18:46:59.0485386Z test camera::tests::animation_edits_replace_clear_and_reject_non_finite ... ok
Web Runtime / Build And Contract Tests	UNKNOWN STEP	2026-10-10T18:46:59.0489089Z test camera::tests::controller_switches_modes_without_jumping_the_view ... ok
Web Runtime / Build And Contract Tests	UNKNOWN STEP	2026-10-10T18:46:59.0493333Z test camera::tests::fps_controller_moves_with_native_axes_and_speed ... ok
Web Runtime / Build And Contract Tests	UNKNOWN STEP	2026-10-10T18:46:59.0497642Z test camera::tests::mouse_drag_rotates_active_controller_with_pitch_clamp ... ok
Web Runtime / Build And Contract Tests	UNKNOWN STEP	2026-10-10T18:46:59.0885628Z test camera::tests::animation_matches_native_oracle ... ok
Web Runtime / Build And Contract Tests	UNKNOWN STEP	2026-10-10T18:46:59.0889384Z test camera::tests::dof_helpers_match_native_oracle ... ok
Web Runtime / Build And Contract Tests	UNKNOWN STEP	2026-10-10T18:46:59.0894851Z test camera::tests::render_config_names_frames_like_native ... ok
Web Runtime / Build And Contract Tests	UNKNOWN STEP	2026-10-10T18:46:59.0895798Z test camera::tests::projection_errors_keep_native_wording ... ok
Web Runtime / Build And Contract Tests	UNKNOWN STEP	2026-10-10T18:46:59.1273296Z test camera::tests::projection_matches_native_oracle ... ok
Web Runtime / Build And Contract Tests	UNKNOWN STEP	2026-10-10T18:46:59.1291112Z test camera::tests::rig_validation_matches_native_errors ... ok
Web Runtime / Build And Contract Tests	UNKNOWN STEP	2026-10-10T18:46:59.1294954Z test camera::tests::terrain_source_fills_nodata_and_samples_bilinearly ... ok
Web Runtime / Build And Contract Tests	UNKNOWN STEP	2026-10-10T18:46:59.1663707Z test camera::tests::clamped_rig_playback_never_violates_clearance_between_samples ... ok
Web Runtime / Build And Contract Tests	UNKNOWN STEP	2026-10-10T18:46:59.1668376Z test camera::tests::world_screen_round_trip_and_picking_ray ... ok
Web Runtime / Build And Contract Tests	UNKNOWN STEP	2026-10-10T18:46:59.1690390Z test camera::tests::transforms_match_native_oracle ... ok
Web Runtime / Build And Contract Tests	UNKNOWN STEP	2026-10-10T18:46:59.1695040Z test codecs::exr::tests::channel_naming_matches_native_exr_writer ... ok
Web Runtime / Build And Contract Tests	UNKNOWN STEP	2026-10-10T18:46:59.1700336Z test codecs::exr::tests::encoder_rejects_invalid_channel_sets ... ok
Web Runtime / Build And Contract Tests	UNKNOWN STEP	2026-10-10T18:46:59.1706596Z test codecs::exr::tests::beauty_round_trip_is_exact_and_header_matches_native_parser ... ok
Web Runtime / Build And Contract Tests	UNKNOWN STEP	2026-10-10T18:46:59.1765090Z test codecs::exr::tests::malformed_and_oversized_files_fail_with_typed_errors_before_allocation ... ok
Web Runtime / Build And Contract Tests	UNKNOWN STEP	2026-10-10T18:46:59.1770122Z test codecs::rgbe::tests::accepts_crlf_headers_and_rgbe_magic ... ok
Web Runtime / Build And Contract Tests	UNKNOWN STEP	2026-10-10T18:46:59.1774577Z test codecs::rgbe::tests::accepts_only_whitespace_trailing_bytes ... ok
Web Runtime / Build And Contract Tests	UNKNOWN STEP	2026-10-10T18:46:59.1778864Z test codecs::rgbe::tests::decodes_flat_pixels_below_rle_width_threshold ... ok
Web Runtime / Build And Contract Tests	UNKNOWN STEP	2026-10-10T18:46:59.1783476Z test codecs::rgbe::tests::decodes_old_flat_scanlines_at_rle_eligible_width ... ok
Web Runtime / Build And Contract Tests	UNKNOWN STEP	2026-10-10T18:46:59.1788134Z test codecs::rgbe::tests::decodes_rle_scanline_with_mixed_runs_and_literals ... ok
Web Runtime / Build And Contract Tests	UNKNOWN STEP	2026-10-10T18:46:59.1792196Z test codecs::rgbe::tests::enforces_dimension_and_pixel_limits ... ok
Web Runtime / Build And Contract Tests	UNKNOWN STEP	2026-10-10T18:46:59.1799102Z test codecs::rgbe::tests::hdr_values_are_not_clamped_to_one ... ok
Web Runtime / Build And Contract Tests	UNKNOWN STEP	2026-10-10T18:46:59.1803316Z test codecs::rgbe::tests::rejects_bad_magic_and_missing_format ... ok
Web Runtime / Build And Contract Tests	UNKNOWN STEP	2026-10-10T18:46:59.1807351Z test codecs::rgbe::tests::rejects_bad_resolution_lines ... ok
Web Runtime / Build And Contract Tests	UNKNOWN STEP	2026-10-10T18:46:59.1811035Z test codecs::rgbe::tests::rejects_empty_and_headerless_input ... ok
Web Runtime / Build And Contract Tests	UNKNOWN STEP	2026-10-10T18:46:59.1815713Z test codecs::rgbe::tests::rejects_rle_zero_counts_overflow_and_bad_markers ... ok
Web Runtime / Build And Contract Tests	UNKNOWN STEP	2026-10-10T18:46:59.1820414Z test codecs::rgbe::tests::rejects_truncated_flat_and_rle_data ... ok
Web Runtime / Build And Contract Tests	UNKNOWN STEP	2026-10-10T18:46:59.1824299Z test codecs::rgbe::tests::rejects_two_two_marker_with_wrong_declared_width ... ok
Web Runtime / Build And Contract Tests	UNKNOWN STEP	2026-10-10T18:46:59.1828381Z test codecs::rgbe::tests::reorients_all_axis_sign_combinations ... ok
Web Runtime / Build And Contract Tests	UNKNOWN STEP	2026-10-10T18:46:59.1832095Z test codecs::rgbe::tests::result_shape_matches_dimensions ... ok
Web Runtime / Build And Contract Tests	UNKNOWN STEP	2026-10-10T18:46:59.1836020Z test codecs::rgbe::tests::zero_exponent_produces_black_with_unit_alpha ... ok
Web Runtime / Build And Contract Tests	UNKNOWN STEP	2026-10-10T18:46:59.1840798Z test codecs::sha256::tests::ibl_source_hash_matches_lead_literal ... ok
Web Runtime / Build And Contract Tests	UNKNOWN STEP	2026-10-10T18:46:59.1928940Z test codecs::exr::tests::multichannel_aov_file_keeps_every_native_channel_and_exact_ids ... ok
Web Runtime / Build And Contract Tests	UNKNOWN STEP	2026-10-10T18:46:59.1932917Z test environment::tests::tests::bounded_volume ... ok
Web Runtime / Build And Contract Tests	UNKNOWN STEP	2026-10-10T18:46:59.1936919Z test environment::tests::tests::native_sun_contract ... ok
Web Runtime / Build And Contract Tests	UNKNOWN STEP	2026-10-10T18:46:59.1941618Z test gpu::runtime::tests::device_health_notifies_each_listener_once_on_first_loss ... ok
Web Runtime / Build And Contract Tests	UNKNOWN STEP	2026-10-10T18:46:59.1945731Z test gpu::runtime::tests::device_health_unsubscribe_detaches_listener ... ok
Web Runtime / Build And Contract Tests	UNKNOWN STEP	2026-10-10T18:46:59.1950134Z test gpu::runtime::tests::fatal_uncaptured_errors_mark_device_lost_and_notify_once ... ok
Web Runtime / Build And Contract Tests	UNKNOWN STEP	2026-10-10T18:46:59.1954109Z test gpu::runtime::tests::gpu_runtime_options_default_to_browser_compatible_limits ... ok
Web Runtime / Build And Contract Tests	UNKNOWN STEP	2026-10-10T18:46:59.1958638Z test gpu::runtime::tests::uncaptured_validation_error_is_retained_without_marking_device_lost ... ok
Web Runtime / Build And Contract Tests	UNKNOWN STEP	2026-10-10T18:46:59.1963122Z test gpu::surface::tests::surface_configuration_rejects_zero_size_before_touching_adapter ... ok
Web Runtime / Build And Contract Tests	UNKNOWN STEP	2026-10-10T18:46:59.1967110Z test gpu::surface::tests::surface_descriptor_defaults_to_fifo_presentation ... ok
Web Runtime / Build And Contract Tests	UNKNOWN STEP	2026-10-10T18:46:59.1970957Z test io::source::tests::byte_range_rejects_overflow ... ok
Web Runtime / Build And Contract Tests	UNKNOWN STEP	2026-10-10T18:46:59.2112709Z test io::source::tests::fake_source_reads_full_and_ranged_bytes ... ok
Web Runtime / Build And Contract Tests	UNKNOWN STEP	2026-10-10T18:46:59.2114418Z test camera::tests::rig_bakes_are_deterministic_and_never_violate_clearance ... ok
Web Runtime / Build And Contract Tests	UNKNOWN STEP	2026-10-10T18:46:59.2119931Z test io::source::tests::little_endian_f32_decoder_validates_length_and_expected_count ... ok
Web Runtime / Build And Contract Tests	UNKNOWN STEP	2026-10-10T18:46:59.2121624Z test labels::callout::tests::test_auto_pointer_direction ... ok
Web Runtime / Build And Contract Tests	UNKNOWN STEP	2026-10-10T18:46:59.2125956Z test labels::callout::tests::test_callout_style_default ... ok
Web Runtime / Build And Contract Tests	UNKNOWN STEP	2026-10-10T18:46:59.2127422Z test labels::callout::tests::test_generate_rounded_rect ... ok
Web Runtime / Build And Contract Tests	UNKNOWN STEP	2026-10-10T18:46:59.2132407Z test labels::collision::tests::test_clear ... ok
Web Runtime / Build And Contract Tests	UNKNOWN STEP	2026-10-10T18:46:59.2136376Z test labels::collision::tests::test_collision ... ok
Web Runtime / Build And Contract Tests	UNKNOWN STEP	2026-10-10T18:46:59.2140549Z test labels::collision::tests::test_no_collision ... ok
Web Runtime / Build And Contract Tests	UNKNOWN STEP	2026-10-10T18:46:59.2141888Z test labels::curved::tests::test_sample_at_distance ... ok
Web Runtime / Build And Contract Tests	UNKNOWN STEP	2026-10-10T18:46:59.2146258Z test labels::curved::tests::test_sampled_path_from_polyline ... ok
Web Runtime / Build And Contract Tests	UNKNOWN STEP	2026-10-10T18:46:59.2147713Z test labels::declutter::tests::test_boxes_overlap ... ok
Web Runtime / Build And Contract Tests	UNKNOWN STEP	2026-10-10T18:46:59.2151952Z test camera::tests::rigs_bake_native_keyframes_and_sample_paths ... ok
Web Runtime / Build And Contract Tests	UNKNOWN STEP	2026-10-10T18:46:59.2153809Z test labels::declutter::tests::test_greedy_non_overlapping ... ok
Web Runtime / Build And Contract Tests	UNKNOWN STEP	2026-10-10T18:46:59.2155280Z test labels::declutter::tests::test_greedy_overlapping_priority ... ok
Web Runtime / Build And Contract Tests	UNKNOWN STEP	2026-10-10T18:46:59.2158044Z test labels::layer::tests::test_feature_from_points ... ok
Web Runtime / Build And Contract Tests	UNKNOWN STEP	2026-10-10T18:46:59.2159054Z test labels::layer::tests::test_label_layer_creation ... ok
Web Runtime / Build And Contract Tests	UNKNOWN STEP	2026-10-10T18:46:59.2159810Z test labels::layer::tests::test_generate_labels ... ok
Web Runtime / Build And Contract Tests	UNKNOWN STEP	2026-10-10T18:46:59.2162859Z test labels::leader::tests::test_create_leader ... ok
Web Runtime / Build And Contract Tests	UNKNOWN STEP	2026-10-10T18:46:59.2165535Z test labels::leader::tests::test_elbow_leader ... ok
Web Runtime / Build And Contract Tests	UNKNOWN STEP	2026-10-10T18:46:59.2167995Z test labels::leader::tests::test_generate_vertices ... ok
Web Runtime / Build And Contract Tests	UNKNOWN STEP	2026-10-10T18:46:59.2168917Z test labels::line_label::tests::test_glyph_rotation_flips_upside_down_reverse_line ... ok
Web Runtime / Build And Contract Tests	UNKNOWN STEP	2026-10-10T18:46:59.2170650Z test labels::line_label::tests::test_glyph_rotation_follows_diagonal_tangent ... ok
Web Runtime / Build And Contract Tests	UNKNOWN STEP	2026-10-10T18:46:59.2173243Z test labels::line_label::tests::test_path_length ... ok
Web Runtime / Build And Contract Tests	UNKNOWN STEP	2026-10-10T18:46:59.2174405Z test labels::line_label::tests::test_sample_path ... ok
Web Runtime / Build And Contract Tests	UNKNOWN STEP	2026-10-10T18:46:59.2175169Z test labels::projection::tests::test_behind_camera ... ok
Web Runtime / Build And Contract Tests	UNKNOWN STEP	2026-10-10T18:46:59.2175940Z test labels::projection::tests::test_identity_projection ... ok
Web Runtime / Build And Contract Tests	UNKNOWN STEP	2026-10-10T18:46:59.2178958Z test labels::rtree::tests::test_clear ... ok
Web Runtime / Build And Contract Tests	UNKNOWN STEP	2026-10-10T18:46:59.2179718Z test labels::rtree::tests::test_collision ... ok
Web Runtime / Build And Contract Tests	UNKNOWN STEP	2026-10-10T18:46:59.2180416Z test labels::rtree::tests::test_no_collision ... ok
Web Runtime / Build And Contract Tests	UNKNOWN STEP	2026-10-10T18:46:59.2184032Z test labels::rtree::tests::test_query ... ok
Web Runtime / Build And Contract Tests	UNKNOWN STEP	2026-10-10T18:46:59.2184826Z test labels::typography::tests::test_kerning_table ... ok
Web Runtime / Build And Contract Tests	UNKNOWN STEP	2026-10-10T18:46:59.2185532Z test labels::typography::tests::test_text_case_title ... ok
Web Runtime / Build And Contract Tests	UNKNOWN STEP	2026-10-10T18:46:59.2189625Z test labels::typography::tests::test_text_case_upper ... ok
Web Runtime / Build And Contract Tests	UNKNOWN STEP	2026-10-10T18:46:59.2190803Z test labels::typography::tests::test_typography_defaults ... ok
Web Runtime / Build And Contract Tests	UNKNOWN STEP	2026-10-10T18:46:59.2191777Z test lighting::tests::effective_range_and_bounds_follow_the_shared_contract ... ok
Web Runtime / Build And Contract Tests	UNKNOWN STEP	2026-10-10T18:46:59.2196743Z test lighting::tests::packed_layout_matches_gpu_contract ... ok
Web Runtime / Build And Contract Tests	UNKNOWN STEP	2026-10-10T18:46:59.2198414Z test lighting::tests::packing_sets_two_sided_flag_without_overloading_casts_shadow ... ok
Web Runtime / Build And Contract Tests	UNKNOWN STEP	2026-10-10T18:46:59.2203449Z test lighting::tests::packing_writes_normalized_lanes ... ok
Web Runtime / Build And Contract Tests	UNKNOWN STEP	2026-10-10T18:46:59.2205296Z test lighting::tests::runtime_defaults_contain_normalized_key_and_fill ... ok
Web Runtime / Build And Contract Tests	UNKNOWN STEP	2026-10-10T18:46:59.2206568Z test lighting::tests::ltc_lut_is_deterministic_finite_and_monotonic ... ok
Web Runtime / Build And Contract Tests	UNKNOWN STEP	2026-10-10T18:46:59.2209351Z test lighting::tests::spot_cone_and_rect_sidedness_gate_point_queries ... ok
Web Runtime / Build And Contract Tests	UNKNOWN STEP	2026-10-10T18:46:59.2210241Z test lighting::tests::uniform_carries_global_lighting_fields ... ok
Web Runtime / Build And Contract Tests	UNKNOWN STEP	2026-10-10T18:46:59.2211412Z test lighting::tests::validation_normalizes_directions_and_rect_bases ... ok
Web Runtime / Build And Contract Tests	UNKNOWN STEP	2026-10-10T18:46:59.2216288Z test lighting::tests::validation_rejects_malformed_lights_and_config ... ok
Web Runtime / Build And Contract Tests	UNKNOWN STEP	2026-10-10T18:46:59.2217969Z test materials::tests::brdf_model_discriminants_match_canonical_order ... ok
Web Runtime / Build And Contract Tests	UNKNOWN STEP	2026-10-10T18:46:59.2223108Z test materials::tests::cooktorrance_ggx_matches_reference_at_normal_incidence ... ok
Web Runtime / Build And Contract Tests	UNKNOWN STEP	2026-10-10T18:46:59.2224781Z test materials::tests::default_state_contains_only_the_default_slot ... ok
Web Runtime / Build And Contract Tests	UNKNOWN STEP	2026-10-10T18:46:59.2233863Z test materials::tests::every_model_returns_finite_nonnegative_at_incidence_and_grazing ... ok
Web Runtime / Build And Contract Tests	UNKNOWN STEP	2026-10-10T18:46:59.2235826Z test materials::tests::lambert_returns_base_over_pi ... ok
Web Runtime / Build And Contract Tests	UNKNOWN STEP	2026-10-10T18:46:59.2240534Z test materials::tests::packed_layout_matches_gpu_contract ... ok
Web Runtime / Build And Contract Tests	UNKNOWN STEP	2026-10-10T18:46:59.2242016Z test materials::tests::packing_writes_material_lanes ... ok
Web Runtime / Build And Contract Tests	UNKNOWN STEP	2026-10-10T18:46:59.2248808Z test materials::tests::route_table_covers_exact_alias_and_approximation ... ok
Web Runtime / Build And Contract Tests	UNKNOWN STEP	2026-10-10T18:46:59.2250410Z test materials::tests::state_packing_indexes_by_slot_index ... ok
Web Runtime / Build And Contract Tests	UNKNOWN STEP	2026-10-10T18:46:59.2256401Z test materials::tests::texture_flags_pack_and_validate ... ok
Web Runtime / Build And Contract Tests	UNKNOWN STEP	2026-10-10T18:46:59.2258199Z test materials::tests::validation_rejects_malformed_materials_and_states ... ok
Web Runtime / Build And Contract Tests	UNKNOWN STEP	2026-10-10T18:46:59.2264235Z test memory::tests::allocate_with_policy_records_admitted_bytes ... ok
Web Runtime / Build And Contract Tests	UNKNOWN STEP	2026-10-10T18:46:59.2265717Z test memory::tests::default_budget_is_512_mib ... ok
Web Runtime / Build And Contract Tests	UNKNOWN STEP	2026-10-10T18:46:59.2270232Z test memory::tests::downscale_steps_down_deterministically ... ok
Web Runtime / Build And Contract Tests	UNKNOWN STEP	2026-10-10T18:46:59.2271701Z test memory::tests::downscale_uses_ceil_arithmetic ... ok
Web Runtime / Build And Contract Tests	UNKNOWN STEP	2026-10-10T18:46:59.2276745Z test memory::tests::duplicate_key_is_idempotent_and_conflicts_error ... ok
Web Runtime / Build And Contract Tests	UNKNOWN STEP	2026-10-10T18:46:59.2278440Z test memory::tests::low_quality_overflow_rejects ... ok
Web Runtime / Build And Contract Tests	UNKNOWN STEP	2026-10-10T18:46:59.2283099Z test memory::tests::peak_survives_release_and_clear ... ok
Web Runtime / Build And Contract Tests	UNKNOWN STEP	2026-10-10T18:46:59.2284553Z test memory::tests::reject_policy_fails_before_overflow ... ok
Web Runtime / Build And Contract Tests	UNKNOWN STEP	2026-10-10T18:46:59.2289107Z test memory::tests::release_updates_categories_and_unknown_release_is_false ... ok
Web Runtime / Build And Contract Tests	UNKNOWN STEP	2026-10-10T18:46:59.2290698Z test memory::tests::requested_quality_is_never_upgraded ... ok
Web Runtime / Build And Contract Tests	UNKNOWN STEP	2026-10-10T18:46:59.2295775Z test mesh_tbn::tests::degenerate_uvs_fall_back_to_finite_perpendicular ... ok
Web Runtime / Build And Contract Tests	UNKNOWN STEP	2026-10-10T18:46:59.2297358Z test mesh_tbn::tests::flat_quad_produces_unit_x_tangent ... ok
Web Runtime / Build And Contract Tests	UNKNOWN STEP	2026-10-10T18:46:59.2301540Z test mesh_tbn::tests::mirrored_uv_flips_handedness ... ok
Web Runtime / Build And Contract Tests	UNKNOWN STEP	2026-10-10T18:46:59.2303039Z test mesh_tbn::tests::shared_vertex_weights_tangents_by_geometric_area ... ok
Web Runtime / Build And Contract Tests	UNKNOWN STEP	2026-10-10T18:46:59.2307668Z test mesh_tbn::tests::tangents_are_orthonormal_to_normals ... ok
Web Runtime / Build And Contract Tests	UNKNOWN STEP	2026-10-10T18:46:59.2309157Z test mesh_tbn::tests::validation_rejects_malformed_inputs ... ok
Web Runtime / Build And Contract Tests	UNKNOWN STEP	2026-10-10T18:46:59.2430008Z test mesh_tbn::tests::validation_rejects_nonfinite_components ... ok
Web Runtime / Build And Contract Tests	UNKNOWN STEP	2026-10-10T18:46:59.2439326Z test offline::tests::atrous_denoiser_validates_inputs_and_uses_depth_guidance ... ok
Web Runtime / Build And Contract Tests	UNKNOWN STEP	2026-10-10T18:46:59.2443952Z test offline::tests::convergence_tracker_matches_native_history_semantics ... ok
Web Runtime / Build And Contract Tests	UNKNOWN STEP	2026-10-10T18:46:59.2447874Z test offline::tests::convergence_trend_rule_matches_native_window ... ok
Web Runtime / Build And Contract Tests	UNKNOWN STEP	2026-10-10T18:46:59.2879399Z test materials::tests::brdfs_integrate_to_bounded_energy ... ok
Web Runtime / Build And Contract Tests	UNKNOWN STEP	2026-10-10T18:46:59.2883262Z test offline::tests::halton_matches_native_radical_inverse ... ok
Web Runtime / Build And Contract Tests	UNKNOWN STEP	2026-10-10T18:46:59.2887901Z test offline::tests::image_metrics_report_identity_and_known_errors ... ok
Web Runtime / Build And Contract Tests	UNKNOWN STEP	2026-10-10T18:46:59.2891998Z test offline::tests::jitter_matches_native_perspective_formula_and_shifts_orthographic ... ok
Web Runtime / Build And Contract Tests	UNKNOWN STEP	2026-10-10T18:46:59.2896227Z test offline::tests::luminance_downsample_and_tile_means_follow_native_blocks ... ok
Web Runtime / Build And Contract Tests	UNKNOWN STEP	2026-10-10T18:46:59.2936374Z test offline::tests::noise_estimate_tracks_gaussian_like_noise_and_ignores_flat_images ... ok
Web Runtime / Build And Contract Tests	UNKNOWN STEP	2026-10-10T18:46:59.2940626Z test offline::tests::r2_sequence_reproduces_native_offsets ... ok
Web Runtime / Build And Contract Tests	UNKNOWN STEP	2026-10-10T18:46:59.2944249Z test offline::tests::tonemap_operators_match_native_curves ... ok
Web Runtime / Build And Contract Tests	UNKNOWN STEP	2026-10-10T18:46:59.2948282Z test postfx::tests::bloom_and_lens_match_native_formulas ... ok
Web Runtime / Build And Contract Tests	UNKNOWN STEP	2026-10-10T18:46:59.2951955Z test postfx::tests::hzb_includes_odd_edges_and_reaches_one_pixel ... ok
Web Runtime / Build And Contract Tests	UNKNOWN STEP	2026-10-10T18:46:59.2956865Z test postfx::tests::ordered_passes_expose_quality_blurs_and_atrous_iterations ... ok
Web Runtime / Build And Contract Tests	UNKNOWN STEP	2026-10-10T18:46:59.2960677Z test postfx::tests::temporal_disocclusion_rejects_identity_and_depth_changes ... ok
Web Runtime / Build And Contract Tests	UNKNOWN STEP	2026-10-10T18:46:59.2964478Z test postfx::tests::trilinear_lut_preserves_linear_rgb ... ok
Web Runtime / Build And Contract Tests	UNKNOWN STEP	2026-10-10T18:46:59.2971218Z test postfx::tests::wasm_boundary_rejects_order_quality_and_reserved_parameter_drift ... ok
Web Runtime / Build And Contract Tests	UNKNOWN STEP	2026-10-10T18:46:59.2975036Z test readback::tests::aligns_rows_to_webgpu_copy_alignment ... ok
Web Runtime / Build And Contract Tests	UNKNOWN STEP	2026-10-10T18:46:59.2979023Z test readback::tests::f16_decoding_is_exact_across_classes ... ok
Web Runtime / Build And Contract Tests	UNKNOWN STEP	2026-10-10T18:46:59.3020549Z test readback::tests::f16_encoding_round_trips_every_half_and_rounds_to_nearest_even ... ok
Web Runtime / Build And Contract Tests	UNKNOWN STEP	2026-10-10T18:46:59.3024695Z test readback::tests::float_and_uint_rows_decode_after_unpadding ... ok
Web Runtime / Build And Contract Tests	UNKNOWN STEP	2026-10-10T18:46:59.3028775Z test readback::tests::rgba8_layout_uses_padded_rows_and_tight_row_size ... ok
Web Runtime / Build And Contract Tests	UNKNOWN STEP	2026-10-10T18:46:59.3032725Z test readback::tests::typed_formats_report_texel_sizes_and_padded_layouts ... ok
Web Runtime / Build And Contract Tests	UNKNOWN STEP	2026-10-10T18:46:59.3036496Z test readback::tests::unpad_rows_returns_tightly_packed_rgba ... ok
Web Runtime / Build And Contract Tests	UNKNOWN STEP	2026-10-10T18:46:59.3040912Z test render_graph::alias_tests::byte_totals_overflow_is_an_error ... ok
Web Runtime / Build And Contract Tests	UNKNOWN STEP	2026-10-10T18:46:59.3045689Z test render_graph::alias_tests::disjoint_compatible_transients_alias_to_one_physical ... ok
Web Runtime / Build And Contract Tests	UNKNOWN STEP	2026-10-10T18:46:59.3050665Z test render_graph::alias_tests::incompatible_kinds_and_non_transients_do_not_alias ... ok
Web Runtime / Build And Contract Tests	UNKNOWN STEP	2026-10-10T18:46:59.3055443Z test render_graph::alias_tests::logical_and_physical_bytes_account_aliases_once ... ok
Web Runtime / Build And Contract Tests	UNKNOWN STEP	2026-10-10T18:46:59.3059586Z test render_graph::alias_tests::overlapping_lifetimes_do_not_alias ... ok
Web Runtime / Build And Contract Tests	UNKNOWN STEP	2026-10-10T18:46:59.3063234Z test render_graph::alias_tests::texture_byte_size_uses_checked_arithmetic ... ok
Web Runtime / Build And Contract Tests	UNKNOWN STEP	2026-10-10T18:46:59.3067494Z test render_graph::tests::add_dependency_seam_can_create_rejected_cycles ... ok
Web Runtime / Build And Contract Tests	UNKNOWN STEP	2026-10-10T18:46:59.3071390Z test render_graph::tests::add_pass_rejects_invalid_handles ... ok
Web Runtime / Build And Contract Tests	UNKNOWN STEP	2026-10-10T18:46:59.3075224Z test render_graph::tests::add_pass_rejects_read_write_conflicts ... ok
Web Runtime / Build And Contract Tests	UNKNOWN STEP	2026-10-10T18:46:59.3079531Z test render_graph::tests::explicit_dependencies_order_independent_passes ... ok
Web Runtime / Build And Contract Tests	UNKNOWN STEP	2026-10-10T18:46:59.3083977Z test render_graph::tests::hazard_edges_compile_terrain_ground_text_overlay_order ... ok
Web Runtime / Build And Contract Tests	UNKNOWN STEP	2026-10-10T18:46:59.3088343Z test render_graph::tests::topological_order_rejects_cycles ... ok
Web Runtime / Build And Contract Tests	UNKNOWN STEP	2026-10-10T18:46:59.3092100Z test resources::tests::bundle_cache_insert_replace_remove ... ok
Web Runtime / Build And Contract Tests	UNKNOWN STEP	2026-10-10T18:46:59.3096026Z test resources::tests::chunked_buffer_fills_chunks_and_applies_backpressure ... ok
Web Runtime / Build And Contract Tests	UNKNOWN STEP	2026-10-10T18:46:59.3099612Z test resources::tests::chunked_buffer_validates_arguments ... ok
Web Runtime / Build And Contract Tests	UNKNOWN STEP	2026-10-10T18:46:59.3103308Z test resources::tests::compressed_texture_size_rounds_up_odd_dimensions ... ok
Web Runtime / Build And Contract Tests	UNKNOWN STEP	2026-10-10T18:46:59.3107263Z test resources::tests::double_buffer_swaps_front_and_back ... ok
Web Runtime / Build And Contract Tests	UNKNOWN STEP	2026-10-10T18:46:59.3110704Z test resources::tests::mip_level_count_uses_max_dimension ... ok
Web Runtime / Build And Contract Tests	UNKNOWN STEP	2026-10-10T18:46:59.3114379Z test resources::tests::staging_ring_respects_alignment ... ok
Web Runtime / Build And Contract Tests	UNKNOWN STEP	2026-10-10T18:46:59.3118031Z test resources::tests::staging_ring_validates_arguments ... ok
Web Runtime / Build And Contract Tests	UNKNOWN STEP	2026-10-10T18:46:59.3121996Z test resources::tests::staging_ring_wraps_and_stalls_until_fence_completes ... ok
Web Runtime / Build And Contract Tests	UNKNOWN STEP	2026-10-10T18:46:59.3126025Z test resources::tests::texture_byte_size_rejects_mip_levels_beyond_chain ... ok
Web Runtime / Build And Contract Tests	UNKNOWN STEP	2026-10-10T18:46:59.3129750Z test resources::tests::texture_byte_size_sums_all_mips ... ok
Web Runtime / Build And Contract Tests	UNKNOWN STEP	2026-10-10T18:46:59.3133318Z test resources::tests::texture_format_info_covers_block_formats ... ok
Web Runtime / Build And Contract Tests	UNKNOWN STEP	2026-10-10T18:46:59.3137025Z test resources::tests::transcode_fallback_prefers_bc7_then_etc2_then_rgba8 ... ok
Web Runtime / Build And Contract Tests	UNKNOWN STEP	2026-10-10T18:46:59.3141106Z test scene::tests::invisible_parent_suppresses_descendants ... ok
Web Runtime / Build And Contract Tests	UNKNOWN STEP	2026-10-10T18:46:59.3145291Z test scene::tests::remove_deletes_subtree_child_before_parent ... ok
Web Runtime / Build And Contract Tests	UNKNOWN STEP	2026-10-10T18:46:59.3149274Z test scene::tests::reparent_updates_roots_and_children_without_duplicates ... ok
Web Runtime / Build And Contract Tests	UNKNOWN STEP	2026-10-10T18:46:59.3153212Z test scene::tests::set_parent_rejects_missing_self_and_ancestor_cycles ... ok
Web Runtime / Build And Contract Tests	UNKNOWN STEP	2026-10-10T18:46:59.3157386Z test scene::tests::visible_traversal_orders_parents_before_children_across_kinds ... ok
Web Runtime / Build And Contract Tests	UNKNOWN STEP	2026-10-10T18:46:59.3161416Z test scene::tests::world_transform_composes_parent_and_local ... ok
Web Runtime / Build And Contract Tests	UNKNOWN STEP	2026-10-10T18:46:59.3165737Z test shadowing::tests::cascades_produce_finite_distinct_matrices ... ok
Web Runtime / Build And Contract Tests	UNKNOWN STEP	2026-10-10T18:46:59.3169503Z test shadowing::tests::cascades_reject_invalid_inputs ... ok
Web Runtime / Build And Contract Tests	UNKNOWN STEP	2026-10-10T18:46:59.3173376Z test shadowing::tests::config_validation_rejects_bad_values ... ok
Web Runtime / Build And Contract Tests	UNKNOWN STEP	2026-10-10T18:46:59.3176965Z test shadowing::tests::csm_defaults_and_validation ... ok
Web Runtime / Build And Contract Tests	UNKNOWN STEP	2026-10-10T18:46:59.3180354Z test shadowing::tests::debug_view_names_are_exact ... ok
Web Runtime / Build And Contract Tests	UNKNOWN STEP	2026-10-10T18:46:59.3183690Z test shadowing::tests::default_config_is_disabled_pcf ... ok
Web Runtime / Build And Contract Tests	UNKNOWN STEP	2026-10-10T18:46:59.3187452Z test shadowing::tests::disabled_splits_cover_near_to_min_far ... ok
Web Runtime / Build And Contract Tests	UNKNOWN STEP	2026-10-10T18:46:59.3191736Z test shadowing::tests::effective_map_size_drives_cascade_texel_grid ... ok
Web Runtime / Build And Contract Tests	UNKNOWN STEP	2026-10-10T18:46:59.3195473Z test shadowing::tests::enabled_splits_match_practical_split_scheme_literal ... ok
Web Runtime / Build And Contract Tests	UNKNOWN STEP	2026-10-10T18:46:59.3199160Z test shadowing::tests::estimated_gpu_bytes_follows_contract ... ok
Web Runtime / Build And Contract Tests	UNKNOWN STEP	2026-10-10T18:46:59.3202881Z test shadowing::tests::estimated_gpu_bytes_rejects_out_of_range_cascade_counts ... ok
Web Runtime / Build And Contract Tests	UNKNOWN STEP	2026-10-10T18:46:59.3206918Z test shadowing::tests::filter_names_parse_case_insensitively ... ok
Web Runtime / Build And Contract Tests	UNKNOWN STEP	2026-10-10T18:46:59.3211502Z test shadowing::tests::moment_filters_are_vsm_evsm_msm ... ok
Web Runtime / Build And Contract Tests	UNKNOWN STEP	2026-10-10T18:46:59.3215181Z test shadowing::tests::msm_reference_solve_is_finite_and_differs_from_vsm ... ok
Web Runtime / Build And Contract Tests	UNKNOWN STEP	2026-10-10T18:46:59.3218738Z test shadowing::tests::packed_uniform_places_fields ... ok
Web Runtime / Build And Contract Tests	UNKNOWN STEP	2026-10-10T18:46:59.3222173Z test shadowing::tests::peter_panning_safe_requires_bias_and_offset ... ok
Web Runtime / Build And Contract Tests	UNKNOWN STEP	2026-10-10T18:46:59.3226253Z test shadowing::tests::split_distances_reject_shadow_far_at_or_below_near ... ok
Web Runtime / Build And Contract Tests	UNKNOWN STEP	2026-10-10T18:46:59.3229997Z test shadowing::tests::split_distances_validate_planes ... ok
Web Runtime / Build And Contract Tests	UNKNOWN STEP	2026-10-10T18:46:59.3233617Z test shadowing::tests::stabilize_bounds_matches_lead_literal ... ok
Web Runtime / Build And Contract Tests	UNKNOWN STEP	2026-10-10T18:46:59.3237652Z test shadowing::tests::sub_texel_camera_translation_stabilizes_identically ... ok
Web Runtime / Build And Contract Tests	UNKNOWN STEP	2026-10-10T18:46:59.3241087Z test shadowing::tests::uniform_layout_is_exact ... ok
Web Runtime / Build And Contract Tests	UNKNOWN STEP	2026-10-10T18:46:59.3245246Z test shadowing::tests::unstabilized_cascades_track_camera_translation ... ok
Web Runtime / Build And Contract Tests	UNKNOWN STEP	2026-10-10T18:46:59.3249727Z test terrain::tests::bounds_validate_and_resolve ... ok
Web Runtime / Build And Contract Tests	UNKNOWN STEP	2026-10-10T18:46:59.3253733Z test terrain::tests::clipmap_options_resolve_and_validate ... ok
Web Runtime / Build And Contract Tests	UNKNOWN STEP	2026-10-10T18:46:59.3257451Z test terrain::tests::clipmap_requires_perspective_render_mode ... ok
Web Runtime / Build And Contract Tests	UNKNOWN STEP	2026-10-10T18:46:59.3261035Z test terrain::tests::explicit_grid_geometry_matches_default ... ok
Web Runtime / Build And Contract Tests	UNKNOWN STEP	2026-10-10T18:46:59.3264724Z test terrain::tests::geometry_defaults_to_grid ... ok
Web Runtime / Build And Contract Tests	UNKNOWN STEP	2026-10-10T18:46:59.3276072Z test terrain::tests::streaming_atlas_larger_than_the_device_dimension_is_resource_limit_exceeded ... ok
Web Runtime / Build And Contract Tests	UNKNOWN STEP	2026-10-10T18:46:59.3287553Z test terrain::tests::streaming_rejects_explicit_grid_geometry ... ok
Web Runtime / Build And Contract Tests	UNKNOWN STEP	2026-10-10T18:46:59.3294114Z test codecs::sha256::tests::sha256_matches_standard_vectors ... ok
Web Runtime / Build And Contract Tests	UNKNOWN STEP	2026-10-10T18:46:59.3299373Z test terrain::tests::streaming_rejects_zero_max_in_flight ... ok
Web Runtime / Build And Contract Tests	UNKNOWN STEP	2026-10-10T18:46:59.3300933Z test terrain::tests::streaming_requires_coarsest_level_heights ... ok
Web Runtime / Build And Contract Tests	UNKNOWN STEP	2026-10-10T18:46:59.3303026Z test terrain::tests::streaming_requires_minimum_pyramid_dims ... ok
Web Runtime / Build And Contract Tests	UNKNOWN STEP	2026-10-10T18:46:59.3303954Z test terrain::tests::streaming_requires_tile_size_at_least_16 ... ok
Web Runtime / Build And Contract Tests	UNKNOWN STEP	2026-10-10T18:46:59.3307174Z test terrain::tests::streaming_requires_width_and_height ... ok
Web Runtime / Build And Contract Tests	UNKNOWN STEP	2026-10-10T18:46:59.3315697Z test terrain::tests::streaming_resident_budget_must_fit_coarsest_plus_slot ... ok
Web Runtime / Build And Contract Tests	UNKNOWN STEP	2026-10-10T18:46:59.3318833Z test terrain::tests::streaming_resolves_pyramid_and_implies_clipmap ... ok
Web Runtime / Build And Contract Tests	UNKNOWN STEP	2026-10-10T18:46:59.3319771Z test terrain::tests::terrain_analysis_config_validation ... ok
Web Runtime / Build And Contract Tests	UNKNOWN STEP	2026-10-10T18:46:59.3322775Z test terrain::tests::terrain_analysis_disabled_modes_return_full_visibility ... ok
Web Runtime / Build And Contract Tests	UNKNOWN STEP	2026-10-10T18:46:59.3323877Z test terrain::tests::terrain_analysis_methods_reject_invalid_configs ... ok
Web Runtime / Build And Contract Tests	UNKNOWN STEP	2026-10-10T18:46:59.3327145Z test terrain::tests::terrain_contours_follow_linear_ramp ... ok
Web Runtime / Build And Contract Tests	UNKNOWN STEP	2026-10-10T18:46:59.3328296Z test terrain::tests::terrain_contours_reject_invalid_levels ... ok
Web Runtime / Build And Contract Tests	UNKNOWN STEP	2026-10-10T18:46:59.3331156Z test terrain::tests::terrain_contours_uses_asymptotic_determinant ... ok
Web Runtime / Build And Contract Tests	UNKNOWN STEP	2026-10-10T18:46:59.3334141Z test terrain::tests::terrain_flat_ao_and_sun_are_fully_visible ... ok
Web Runtime / Build And Contract Tests	UNKNOWN STEP	2026-10-10T18:46:59.3335037Z test terrain::tests::terrain_heightmap_computes_min_max ... ok
Web Runtime / Build And Contract Tests	UNKNOWN STEP	2026-10-10T18:46:59.3338120Z test terrain::tests::terrain_heightmap_defaults_to_legacy_normalized_extent ... ok
Web Runtime / Build And Contract Tests	UNKNOWN STEP	2026-10-10T18:46:59.3339642Z test terrain::tests::terrain_heightmap_excludes_nodata_and_nan_from_min_max ... ok
Web Runtime / Build And Contract Tests	UNKNOWN STEP	2026-10-10T18:46:59.3341829Z test terrain::tests::terrain_heightmap_rejects_infinite_nodata ... ok
Web Runtime / Build And Contract Tests	UNKNOWN STEP	2026-10-10T18:46:59.3343036Z test terrain::tests::terrain_heightmap_rejects_invalid_metadata ... ok
Web Runtime / Build And Contract Tests	UNKNOWN STEP	2026-10-10T18:46:59.3346186Z test terrain::tests::terrain_heightmap_rejects_length_mismatch ... ok
Web Runtime / Build And Contract Tests	UNKNOWN STEP	2026-10-10T18:46:59.3348834Z test terrain::tests::terrain_heightmap_rejects_no_valid_samples ... ok
Web Runtime / Build And Contract Tests	UNKNOWN STEP	2026-10-10T18:46:59.3349922Z test terrain::tests::terrain_heightmap_rejects_non_finite_samples ... ok
Web Runtime / Build And Contract Tests	UNKNOWN STEP	2026-10-10T18:46:59.3350873Z test terrain::tests::terrain_mesh_descriptor_builds_normalized_grid ... ok
Web Runtime / Build And Contract Tests	UNKNOWN STEP	2026-10-10T18:46:59.3354044Z test terrain::tests::terrain_mesh_descriptor_rejects_single_cell ... ok
Web Runtime / Build And Contract Tests	UNKNOWN STEP	2026-10-10T18:46:59.3355109Z test terrain::tests::terrain_mesh_descriptor_uses_physical_spacing ... ok
Web Runtime / Build And Contract Tests	UNKNOWN STEP	2026-10-10T18:46:59.3357423Z test terrain::tests::terrain_query_reproduces_plane ... ok
Web Runtime / Build And Contract Tests	UNKNOWN STEP	2026-10-10T18:46:59.3358301Z test terrain::tests::terrain_slope_aspect_handles_nodata_center ... ok
Web Runtime / Build And Contract Tests	UNKNOWN STEP	2026-10-10T18:46:59.3361395Z test terrain::tests::terrain_slope_aspect_handles_single_axis_dimensions ... ok
Web Runtime / Build And Contract Tests	UNKNOWN STEP	2026-10-10T18:46:59.3362405Z test terrain::tests::terrain_slope_aspect_matches_analytic_plane ... ok
Web Runtime / Build And Contract Tests	UNKNOWN STEP	2026-10-10T18:46:59.3369138Z test terrain::tests::terrain_valley_is_occluded_by_ao_and_sun ... ok
Web Runtime / Build And Contract Tests	UNKNOWN STEP	2026-10-10T18:46:59.3372951Z test terrain_clipmap::tests::test_center_snapping ... ok
Web Runtime / Build And Contract Tests	UNKNOWN STEP	2026-10-10T18:46:59.3376569Z test terrain_clipmap::tests::test_clipmap_config_valid ... ok
Web Runtime / Build And Contract Tests	UNKNOWN STEP	2026-10-10T18:46:59.3380290Z test terrain_clipmap::tests::test_clipmap_config_validation ... ok
Web Runtime / Build And Contract Tests	UNKNOWN STEP	2026-10-10T18:46:59.7188081Z test offline::tests::atrous_denoiser_meets_offline_denoise_acceptance ... ok
Web Runtime / Build And Contract Tests	UNKNOWN STEP	2026-10-10T18:46:59.7357362Z test offline::tests::edge_stopping_preserves_converged_detail_and_zero_matches_native_weights ... ok
Web Runtime / Build And Contract Tests	UNKNOWN STEP	2026-10-10T18:46:59.9578078Z test terrain_clipmap::tests::test_dominant_winding ... ok
Web Runtime / Build And Contract Tests	UNKNOWN STEP	2026-10-10T18:46:59.9582526Z test terrain_clipmap::tests::test_frustum_planes_from_view_proj ... ok
Web Runtime / Build And Contract Tests	UNKNOWN STEP	2026-10-10T18:47:02.2963252Z test terrain_clipmap::tests::test_generate_terrain_mesh_different_centers ... ok
Web Runtime / Build And Contract Tests	UNKNOWN STEP	2026-10-10T18:47:04.0289324Z test terrain_clipmap::tests::test_generate_terrain_mesh_different_extents ... ok
Web Runtime / Build And Contract Tests	UNKNOWN STEP	2026-10-10T18:47:04.6313894Z test terrain_clipmap::tests::test_generate_terrain_mesh_valid ... ok
Web Runtime / Build And Contract Tests	UNKNOWN STEP	2026-10-10T18:47:04.9638491Z test terrain_clipmap::tests::test_height_discontinuity_tolerance_and_negative_control ... ok
Web Runtime / Build And Contract Tests	UNKNOWN STEP	2026-10-10T18:47:05.9018780Z test terrain_clipmap::tests::test_fixture_config ... ok
Web Runtime / Build And Contract Tests	UNKNOWN STEP	2026-10-10T18:47:07.0086181Z test terrain_clipmap::tests::test_known_reductions ... ok
Web Runtime / Build And Contract Tests	UNKNOWN STEP	2026-10-10T18:47:07.0093430Z test terrain_clipmap::tests::test_lod_selection_monotonic_with_distance ... ok
Web Runtime / Build And Contract Tests	UNKNOWN STEP	2026-10-10T18:47:07.0288769Z test terrain_clipmap::tests::test_lod_selection_near_and_far ... ok
Web Runtime / Build And Contract Tests	UNKNOWN STEP	2026-10-10T18:47:07.6941922Z test terrain_clipmap::tests::test_mesh_topology ... ok
Web Runtime / Build And Contract Tests	UNKNOWN STEP	2026-10-10T18:47:07.6947017Z test terrain_clipmap::tests::test_morph_weight_native_formula ... ok
Web Runtime / Build And Contract Tests	UNKNOWN STEP	2026-10-10T18:47:08.1227132Z test terrain_clipmap::tests::test_known_triangle_counts ... ok
Web Runtime / Build And Contract Tests	UNKNOWN STEP	2026-10-10T18:47:08.1231148Z test terrain_clipmap::tests::test_pack_tile_id ... ok
Web Runtime / Build And Contract Tests	UNKNOWN STEP	2026-10-10T18:47:08.1234760Z test terrain_clipmap::tests::test_ring_cell_mapping ... ok
Web Runtime / Build And Contract Tests	UNKNOWN STEP	2026-10-10T18:47:08.7178473Z test terrain_clipmap::tests::test_ring_vs_center_size ... ok
Web Runtime / Build And Contract Tests	UNKNOWN STEP	2026-10-10T18:47:09.4429829Z test terrain_clipmap::tests::test_morph_weights ... ok
Web Runtime / Build And Contract Tests	UNKNOWN STEP	2026-10-10T18:47:09.5360948Z test terrain_clipmap::tests::test_estimate_triangle_count_matches_generation ... ok
Web Runtime / Build And Contract Tests	UNKNOWN STEP	2026-10-10T18:47:09.9727239Z test terrain_clipmap::tests::test_seam_free_odd_and_negative_camera_snapping ... ok
Web Runtime / Build And Contract Tests	UNKNOWN STEP	2026-10-10T18:47:10.1052148Z test terrain_clipmap::tests::test_triangle_count_vs_fullres ... ok
Web Runtime / Build And Contract Tests	UNKNOWN STEP	2026-10-10T18:47:10.5457057Z test terrain_clipmap::tests::test_triangle_reduction ... ok
Web Runtime / Build And Contract Tests	UNKNOWN STEP	2026-10-10T18:47:10.6988081Z test terrain_clipmap::tests::test_triangle_reduction_across_ring_counts ... ok
Web Runtime / Build And Contract Tests	UNKNOWN STEP	2026-10-10T18:47:11.1178392Z test terrain_clipmap::tests::test_uv_bounds ... ok
Web Runtime / Build And Contract Tests	UNKNOWN STEP	2026-10-10T18:47:11.2690916Z test terrain_clipmap::tests::test_vertex_position_evaluation ... ok
Web Runtime / Build And Contract Tests	UNKNOWN STEP	2026-10-10T18:47:11.2697378Z test terrain_material::tests::aux_array_packs_detail_normals_and_masks_with_neutral_defaults ... ok
Web Runtime / Build And Contract Tests	UNKNOWN STEP	2026-10-10T18:47:11.2702918Z test terrain_material::tests::defaults_match_native_settings_and_zero_feature_baseline ... ok
Web Runtime / Build And Contract Tests	UNKNOWN STEP	2026-10-10T18:47:11.2708358Z test terrain_material::tests::flat_material_set_uses_one_texel_per_layer_with_native_rounding ... ok
Web Runtime / Build And Contract Tests	UNKNOWN STEP	2026-10-10T18:47:11.2713747Z test terrain_material::tests::height_curve_lut_packs_row_major ... ok
Web Runtime / Build And Contract Tests	UNKNOWN STEP	2026-10-10T18:47:11.2718771Z test terrain_material::tests::invalid_layer_textures_fall_back_to_base_color_with_a_diagnostic ... ok
Web Runtime / Build And Contract Tests	UNKNOWN STEP	2026-10-10T18:47:11.7063207Z test terrain_clipmap::tests::test_xz_covers_extent ... ok
Web Runtime / Build And Contract Tests	UNKNOWN STEP	2026-10-10T18:47:11.7067929Z test terrain_material::tests::packing_follows_native_upload_rules ... ok
Web Runtime / Build And Contract Tests	UNKNOWN STEP	2026-10-10T18:47:11.7072220Z test terrain_material::tests::specular_aa_tiers_set_variance_thresholds ... ok
Web Runtime / Build And Contract Tests	UNKNOWN STEP	2026-10-10T18:47:11.7076053Z test terrain_material::tests::terrain_default_layers_match_native_material_set ... ok
Web Runtime / Build And Contract Tests	UNKNOWN STEP	2026-10-10T18:47:11.7081193Z test terrain_material::tests::textured_layers_resample_to_the_first_texture_and_build_mips ... ok
Web Runtime / Build And Contract Tests	UNKNOWN STEP	2026-10-10T18:47:11.7085268Z test terrain_material::tests::uniform_layout_matches_wgsl_struct ... ok
Web Runtime / Build And Contract Tests	UNKNOWN STEP	2026-10-10T18:47:11.7091871Z test terrain_material::tests::validation_keeps_native_messages ... ok
Web Runtime / Build And Contract Tests	UNKNOWN STEP	2026-10-10T18:47:11.7096099Z test terrain_overlay::tests::test_at_most_8_visible_layers ... ok
Web Runtime / Build And Contract Tests	UNKNOWN STEP	2026-10-10T18:47:11.7100096Z test terrain_overlay::tests::test_bilinear_edge_clamp_and_opacity ... ok
Web Runtime / Build And Contract Tests	UNKNOWN STEP	2026-10-10T18:47:11.7103918Z test terrain_overlay::tests::test_bilinear_sampling_round_trips_texel_centers ... ok
Web Runtime / Build And Contract Tests	UNKNOWN STEP	2026-10-10T18:47:11.7107881Z test terrain_overlay::tests::test_blend_linear_modes ... ok
Web Runtime / Build And Contract Tests	UNKNOWN STEP	2026-10-10T18:47:11.7111843Z test terrain_overlay::tests::test_blend_mode_parse_valid ... ok
Web Runtime / Build And Contract Tests	UNKNOWN STEP	2026-10-10T18:47:11.7115574Z test terrain_overlay::tests::test_blend_mode_values ... ok
Web Runtime / Build And Contract Tests	UNKNOWN STEP	2026-10-10T18:47:11.7119250Z test terrain_overlay::tests::test_crs_transform ... ok
Web Runtime / Build And Contract Tests	UNKNOWN STEP	2026-10-10T18:47:11.7122885Z test terrain_overlay::tests::test_empty_name_rejected ... ok
Web Runtime / Build And Contract Tests	UNKNOWN STEP	2026-10-10T18:47:11.7126419Z test terrain_overlay::tests::test_extent_validation ... ok
Web Runtime / Build And Contract Tests	UNKNOWN STEP	2026-10-10T18:47:11.7133472Z test terrain_overlay::tests::test_georeference_uv_crs ... ok
Web Runtime / Build And Contract Tests	UNKNOWN STEP	2026-10-10T18:47:11.7137292Z test terrain_overlay::tests::test_global_opacity_validation ... ok
Web Runtime / Build And Contract Tests	UNKNOWN STEP	2026-10-10T18:47:11.7140982Z test terrain_overlay::tests::test_has_visible_layers ... ok
Web Runtime / Build And Contract Tests	UNKNOWN STEP	2026-10-10T18:47:11.7144739Z test terrain_overlay::tests::test_image_validation ... ok
Web Runtime / Build And Contract Tests	UNKNOWN STEP	2026-10-10T18:47:11.7148425Z test terrain_overlay::tests::test_invalid_blend_mode_rejected ... ok
Web Runtime / Build And Contract Tests	UNKNOWN STEP	2026-10-10T18:47:11.7152230Z test terrain_overlay::tests::test_layer_count ... ok
Web Runtime / Build And Contract Tests	UNKNOWN STEP	2026-10-10T18:47:11.7155729Z test terrain_overlay::tests::test_layer_custom_values ... ok
Web Runtime / Build And Contract Tests	UNKNOWN STEP	2026-10-10T18:47:11.7159218Z test terrain_overlay::tests::test_layer_default_values ... ok
Web Runtime / Build And Contract Tests	UNKNOWN STEP	2026-10-10T18:47:11.7162767Z test terrain_overlay::tests::test_mercator_roundtrip ... ok
Web Runtime / Build And Contract Tests	UNKNOWN STEP	2026-10-10T18:47:11.7166367Z test terrain_overlay::tests::test_negative_z_order ... ok
Web Runtime / Build And Contract Tests	UNKNOWN STEP	2026-10-10T18:47:11.7170163Z test terrain_overlay::tests::test_normalize_crs ... ok
Web Runtime / Build And Contract Tests	UNKNOWN STEP	2026-10-10T18:47:11.7173861Z test terrain_overlay::tests::test_opacity_range_validation ... ok
Web Runtime / Build And Contract Tests	UNKNOWN STEP	2026-10-10T18:47:11.7305028Z test terrain_overlay::tests::test_plan_budget_downscale_and_limit ... ok
Web Runtime / Build And Contract Tests	UNKNOWN STEP	2026-10-10T18:47:11.7311346Z test terrain_overlay::tests::test_plan_crs_layer_identical_crs ... ok
Web Runtime / Build And Contract Tests	UNKNOWN STEP	2026-10-10T18:47:11.7315750Z test terrain_overlay::tests::test_plan_crs_layer_reprojected ... ok
Web Runtime / Build And Contract Tests	UNKNOWN STEP	2026-10-10T18:47:11.7319730Z test terrain_overlay::tests::test_plan_crs_mismatch_error ... ok
Web Runtime / Build And Contract Tests	UNKNOWN STEP	2026-10-10T18:47:11.7416298Z test terrain_overlay::tests::test_plan_determinism ... ok
Web Runtime / Build And Contract Tests	UNKNOWN STEP	2026-10-10T18:47:11.7420018Z test terrain_overlay::tests::test_plan_disabled_and_no_visible ... ok
Web Runtime / Build And Contract Tests	UNKNOWN STEP	2026-10-10T18:47:11.7423964Z test terrain_overlay::tests::test_plan_resample_exact_full_extent ... ok
Web Runtime / Build And Contract Tests	UNKNOWN STEP	2026-10-10T18:47:11.7428003Z test terrain_overlay::tests::test_plan_resamples_uv_extent ... ok
Web Runtime / Build And Contract Tests	UNKNOWN STEP	2026-10-10T18:47:11.9639130Z test terrain_overlay::tests::test_plan_target_dims_and_scale ... ok
Web Runtime / Build And Contract Tests	UNKNOWN STEP	2026-10-10T18:47:11.9643416Z test terrain_overlay::tests::test_resolution_scale_validation ... ok
Web Runtime / Build And Contract Tests	UNKNOWN STEP	2026-10-10T18:47:11.9647099Z test terrain_overlay::tests::test_settings_default_values ... ok
Web Runtime / Build And Contract Tests	UNKNOWN STEP	2026-10-10T18:47:11.9651179Z test terrain_overlay::tests::test_srgb_to_linear ... ok
Web Runtime / Build And Contract Tests	UNKNOWN STEP	2026-10-10T18:47:11.9654988Z test terrain_overlay::tests::test_visible_layers_filters_invisible ... ok
Web Runtime / Build And Contract Tests	UNKNOWN STEP	2026-10-10T18:47:11.9658678Z test terrain_overlay::tests::test_z_order_sorting ... ok
Web Runtime / Build And Contract Tests	UNKNOWN STEP	2026-10-10T18:47:11.9662768Z test terrain_overlay::tests::test_z_order_stable_by_input_index ... ok
Web Runtime / Build And Contract Tests	UNKNOWN STEP	2026-10-10T18:47:11.9700607Z test terrain_probes::heightfield_baker::tests::test_flat_terrain_unoccluded ... ok
Web Runtime / Build And Contract Tests	UNKNOWN STEP	2026-10-10T18:47:11.9721027Z test terrain_probes::heightfield_baker::tests::test_nodata_heightfield_no_nan ... ok
Web Runtime / Build And Contract Tests	UNKNOWN STEP	2026-10-10T18:47:12.0342169Z test terrain_probes::heightfield_baker::tests::test_probe_bake_deterministic ... ok
Web Runtime / Build And Contract Tests	UNKNOWN STEP	2026-10-10T18:47:12.0897522Z test terrain_probes::reflection_baker::tests::test_reflection_probe_bake_deterministic ... ok
Web Runtime / Build And Contract Tests	UNKNOWN STEP	2026-10-10T18:47:12.0986870Z test terrain_probes::reflection_baker::tests::test_reflection_probe_generates_mips ... ok
Web Runtime / Build And Contract Tests	UNKNOWN STEP	2026-10-10T18:47:12.0990825Z test terrain_probes::types::tests::test_probe_placement_invariant ... ok
Web Runtime / Build And Contract Tests	UNKNOWN STEP	2026-10-10T18:47:12.2384982Z test terrain_material::tests::material_textures_downscale_to_the_budget_and_report_it ... ok
Web Runtime / Build And Contract Tests	UNKNOWN STEP	2026-10-10T18:47:12.2394108Z test terrain_scatter::tests::hlod_static_sphere_and_animated_population_bounds_are_independent ... ok
Web Runtime / Build And Contract Tests	UNKNOWN STEP	2026-10-10T18:47:12.2399640Z test terrain_scatter::tests::mesh_attributes_and_material_slots_are_bounded_at_wasm_boundary ... ok
Web Runtime / Build And Contract Tests	UNKNOWN STEP	2026-10-10T18:47:12.2405197Z test terrain_scatter::tests::native_lod_threshold_and_cull_boundary ... ok
Web Runtime / Build And Contract Tests	UNKNOWN STEP	2026-10-10T18:47:12.2412130Z test terrain_scatter::tests::raw_wasm_payload_rejects_bounds_and_wind_tampering ... ok
Web Runtime / Build And Contract Tests	UNKNOWN STEP	2026-10-10T18:47:12.2417488Z test terrain_scatter::tests::tiny_population_slack_scales_with_actual_diagonal ... ok
Web Runtime / Build And Contract Tests	UNKNOWN STEP	2026-10-10T18:47:12.2421231Z test terrain_stream::tests::test_data_lod_for_ring ... ok
Web Runtime / Build And Contract Tests	UNKNOWN STEP	2026-10-10T18:47:12.2425794Z test terrain_stream::tests::test_mosaic_backpressure ... ok
Web Runtime / Build And Contract Tests	UNKNOWN STEP	2026-10-10T18:47:12.2430467Z test terrain_stream::tests::test_mosaic_bytes_and_slot_origin ... ok
Web Runtime / Build And Contract Tests	UNKNOWN STEP	2026-10-10T18:47:12.2434455Z test terrain_stream::tests::test_mosaic_capacity_check ... ok
Web Runtime / Build And Contract Tests	UNKNOWN STEP	2026-10-10T18:47:12.2438685Z test terrain_stream::tests::test_mosaic_dirty_lods_scope ... ok
Web Runtime / Build And Contract Tests	UNKNOWN STEP	2026-10-10T18:47:12.2442958Z test terrain_stream::tests::test_mosaic_insert_lookup_evict ... ok
Web Runtime / Build And Contract Tests	UNKNOWN STEP	2026-10-10T18:47:12.2447446Z test terrain_stream::tests::test_mosaic_page_table_and_dirty_lods ... ok
Web Runtime / Build And Contract Tests	UNKNOWN STEP	2026-10-10T18:47:12.2451760Z test terrain_stream::tests::test_mosaic_pin_coarsest_required ... ok
Web Runtime / Build And Contract Tests	UNKNOWN STEP	2026-10-10T18:47:12.2455956Z test terrain_stream::tests::test_mosaic_pinned_never_evicted ... ok
Web Runtime / Build And Contract Tests	UNKNOWN STEP	2026-10-10T18:47:12.2460081Z test terrain_stream::tests::test_mosaic_resident_bytes ... ok
Web Runtime / Build And Contract Tests	UNKNOWN STEP	2026-10-10T18:47:12.2464246Z test terrain_stream::tests::test_mosaic_resolve_fallback_chain ... ok
Web Runtime / Build And Contract Tests	UNKNOWN STEP	2026-10-10T18:47:12.2468890Z test terrain_stream::tests::test_plan_clipmap_requests_cover_footprint ... ok
Web Runtime / Build And Contract Tests	UNKNOWN STEP	2026-10-10T18:47:12.2479406Z test terrain_stream::tests::test_plan_clipmap_requests_deterministic ... ok
Web Runtime / Build And Contract Tests	UNKNOWN STEP	2026-10-10T18:47:12.2483181Z test terrain_stream::tests::test_pyramid_contains_and_parent_of ... ok
Web Runtime / Build And Contract Tests	UNKNOWN STEP	2026-10-10T18:47:12.2486932Z test terrain_stream::tests::test_pyramid_fixture_dims ... ok
Web Runtime / Build And Contract Tests	UNKNOWN STEP	2026-10-10T18:47:12.2491278Z test terrain_stream::tests::test_pyramid_tile_rect_clipped_at_edge ... ok
Web Runtime / Build And Contract Tests	UNKNOWN STEP	2026-10-10T18:47:12.2495002Z test terrain_stream::tests::test_pyramid_total_and_finest_sample ... ok
Web Runtime / Build And Contract Tests	UNKNOWN STEP	2026-10-10T18:47:12.2498764Z test terrain_stream::tests::test_pyramid_validation ... ok
Web Runtime / Build And Contract Tests	UNKNOWN STEP	2026-10-10T18:47:12.2503234Z test terrain_stream::tests::test_queue_backpressure ... ok
Web Runtime / Build And Contract Tests	UNKNOWN STEP	2026-10-10T18:47:12.2507765Z test terrain_stream::tests::test_queue_cancel_and_reacquire ... ok
Web Runtime / Build And Contract Tests	UNKNOWN STEP	2026-10-10T18:47:12.2512651Z test terrain_stream::tests::test_queue_counters ... ok
Web Runtime / Build And Contract Tests	UNKNOWN STEP	2026-10-10T18:47:12.2517549Z test terrain_stream::tests::test_queue_prefer_coarse ... ok
Web Runtime / Build And Contract Tests	UNKNOWN STEP	2026-10-10T18:47:12.2522229Z test terrain_stream::tests::test_queue_prefer_coarse_cancels_descendants ... ok
Web Runtime / Build And Contract Tests	UNKNOWN STEP	2026-10-10T18:47:12.2526836Z test terrain_stream::tests::test_queue_prefer_fine ... ok
Web Runtime / Build And Contract Tests	UNKNOWN STEP	2026-10-10T18:47:12.2531537Z test terrain_stream::tests::test_tile_id_descendant ... ok
Web Runtime / Build And Contract Tests	UNKNOWN STEP	2026-10-10T18:47:12.2535847Z test terrain_stream::tests::test_tile_id_hierarchy ... ok
Web Runtime / Build And Contract Tests	UNKNOWN STEP	2026-10-10T18:47:12.2540058Z test terrain_stream::tests::test_tile_id_pack ... ok
Web Runtime / Build And Contract Tests	UNKNOWN STEP	2026-10-10T18:47:12.2783462Z test terrain_vt::tests::test_apply_feedback_bounds_filtering ... ok
Web Runtime / Build And Contract Tests	UNKNOWN STEP	2026-10-10T18:47:12.3622022Z test terrain_probes::types::tests::test_probe_placement_invariant_fails_on_mismatch - should panic ... ok
Web Runtime / Build And Contract Tests	UNKNOWN STEP	2026-10-10T18:47:12.3631560Z test terrain_vt::tests::test_build_tile_data_border_clamping ... ok
Web Runtime / Build And Contract Tests	UNKNOWN STEP	2026-10-10T18:47:12.3819484Z test terrain_vt::tests::test_budget_never_exceeded_under_camera_sweep ... ok
Web Runtime / Build And Contract Tests	UNKNOWN STEP	2026-10-10T18:47:12.3860371Z test terrain_vt::tests::test_collect_requests_deterministic_and_ancestors ... ok
Web Runtime / Build And Contract Tests	UNKNOWN STEP	2026-10-10T18:47:12.4069498Z test terrain_vt::tests::test_ensure_resident_hit_miss_evict ... ok
Web Runtime / Build And Contract Tests	UNKNOWN STEP	2026-10-10T18:47:12.4104135Z test terrain_vt::tests::test_fallback_colors ... ok
Web Runtime / Build And Contract Tests	UNKNOWN STEP	2026-10-10T18:47:12.4109606Z test terrain_vt::tests::test_mip_chain_values ... ok
Web Runtime / Build And Contract Tests	UNKNOWN STEP	2026-10-10T18:47:12.4111218Z test terrain_vt::tests::test_native_terrain_vt_runtime_is_currently_albedo_only ... ok
Web Runtime / Build And Contract Tests	UNKNOWN STEP	2026-10-10T18:47:12.4396318Z test terrain_vt::tests::test_page_table_texels_and_dirty_layers ... ok
Web Runtime / Build And Contract Tests	UNKNOWN STEP	2026-10-10T18:47:12.4511914Z test terrain_vt::tests::test_record_upload_ms_running_average ... ok
Web Runtime / Build And Contract Tests	UNKNOWN STEP	2026-10-10T18:47:12.4513690Z test terrain_vt::tests::test_registry_albedo_size_mismatch ... ok
Web Runtime / Build And Contract Tests	UNKNOWN STEP	2026-10-10T18:47:12.4518697Z test terrain_vt::tests::test_registry_clear_and_generation ... ok
Web Runtime / Build And Contract Tests	UNKNOWN STEP	2026-10-10T18:47:12.4520224Z test terrain_vt::tests::test_registry_non_albedo_nonempty ... ok
Web Runtime / Build And Contract Tests	UNKNOWN STEP	2026-10-10T18:47:12.4525058Z test terrain_vt::tests::test_registry_virtual_size_mismatch_reregister ... ok
Web Runtime / Build And Contract Tests	UNKNOWN STEP	2026-10-10T18:47:12.4526631Z test terrain_vt::tests::test_registry_virtual_size_validation ... ok
Web Runtime / Build And Contract Tests	UNKNOWN STEP	2026-10-10T18:47:12.4766846Z test terrain_vt::tests::test_runtime_geometry_and_budget ... ok
Web Runtime / Build And Contract Tests	UNKNOWN STEP	2026-10-10T18:47:12.4784349Z test terrain_vt::tests::test_runtime_resident_megabytes ... ok
Web Runtime / Build And Contract Tests	UNKNOWN STEP	2026-10-10T18:47:12.4823329Z test terrain_vt::tests::test_runtime_source_size_must_match_layer ... ok
Web Runtime / Build And Contract Tests	UNKNOWN STEP	2026-10-10T18:47:12.4827902Z test terrain_vt::tests::test_support_report_albedo_only ... ok
Web Runtime / Build And Contract Tests	UNKNOWN STEP	2026-10-10T18:47:12.4832132Z test terrain_vt::tests::test_support_report_custom_layer_id ... ok
Web Runtime / Build And Contract Tests	UNKNOWN STEP	2026-10-10T18:47:12.4837112Z test terrain_vt::tests::test_support_report_non_albedo_deterministic ... ok
Web Runtime / Build And Contract Tests	UNKNOWN STEP	2026-10-10T18:47:12.4988808Z test terrain_vt::tests::test_runtime_skips_non_albedo_and_out_of_range_sources ... ok
Web Runtime / Build And Contract Tests	UNKNOWN STEP	2026-10-10T18:47:12.5061073Z test terrain_vt::tests::test_target_mip_level ... ok
Web Runtime / Build And Contract Tests	UNKNOWN STEP	2026-10-10T18:47:12.5065277Z test terrain_vt::tests::test_vt_atlas_larger_than_the_device_dimension_is_resource_limit_exceeded ... ok
Web Runtime / Build And Contract Tests	UNKNOWN STEP	2026-10-10T18:47:12.5069549Z test terrain_vt::tests::test_vt_full_pyramid_levels ... ok
Web Runtime / Build And Contract Tests	UNKNOWN STEP	2026-10-10T18:47:12.5073353Z test terrain_vt::tests::test_vt_layer_family_accepts_forward_compatible_families ... ok
Web Runtime / Build And Contract Tests	UNKNOWN STEP	2026-10-10T18:47:12.5077138Z test terrain_vt::tests::test_vt_layer_family_defaults ... ok
Web Runtime / Build And Contract Tests	UNKNOWN STEP	2026-10-10T18:47:12.5081028Z test terrain_vt::tests::test_vt_layer_family_rejects_unknown ... ok
Web Runtime / Build And Contract Tests	UNKNOWN STEP	2026-10-10T18:47:12.5084859Z test terrain_vt::tests::test_vt_layer_family_validation ... ok
Web Runtime / Build And Contract Tests	UNKNOWN STEP	2026-10-10T18:47:12.5088587Z test terrain_vt::tests::test_vt_layer_pages_at_mip_non_power_of_two ... ok
Web Runtime / Build And Contract Tests	UNKNOWN STEP	2026-10-10T18:47:12.5092377Z test terrain_vt::tests::test_vt_settings_actual_mip_count ... ok
Web Runtime / Build And Contract Tests	UNKNOWN STEP	2026-10-10T18:47:12.5096019Z test terrain_vt::tests::test_vt_settings_defaults ... ok
Web Runtime / Build And Contract Tests	UNKNOWN STEP	2026-10-10T18:47:12.5099854Z test terrain_vt::tests::test_vt_settings_reject_duplicate_families ... ok
Web Runtime / Build And Contract Tests	UNKNOWN STEP	2026-10-10T18:47:12.5104124Z test terrain_vt::tests::test_vt_settings_reject_indivisible_atlas ... ok
Web Runtime / Build And Contract Tests	UNKNOWN STEP	2026-10-10T18:47:12.5108723Z test terrain_vt::tests::test_vt_settings_validation_ranges ... ok
Web Runtime / Build And Contract Tests	UNKNOWN STEP	2026-10-10T18:47:12.5112361Z test terrain_vt::tests::test_vtstats_default_disabled ... ok
Web Runtime / Build And Contract Tests	UNKNOWN STEP	2026-10-10T18:47:12.5221170Z test terrain_vt::tests::test_visible_uv_rect_mesh_vs_screen ... ok
Web Runtime / Build And Contract Tests	UNKNOWN STEP	2026-10-10T18:47:12.5229624Z test tests::default_core_root_does_not_expose_staged_native_or_offline_modules ... ok
Web Runtime / Build And Contract Tests	UNKNOWN STEP	2026-10-10T18:47:12.5234731Z test tests::phase10_core_readback_contract_is_exposed ... ok
Web Runtime / Build And Contract Tests	UNKNOWN STEP	2026-10-10T18:47:12.5238733Z test tests::phase4_feature_gate_manifest_tracks_core_optional_surfaces ... ok
Web Runtime / Build And Contract Tests	UNKNOWN STEP	2026-10-10T18:47:12.5249062Z test tests::phase5_browser_gpu_sources_do_not_use_blocking_or_global_context ... ok
Web Runtime / Build And Contract Tests	UNKNOWN STEP	2026-10-10T18:47:12.5432287Z test tests::phase5_core_production_sources_have_no_blocking_or_global_gpu_callsite_tokens ... ok
Web Runtime / Build And Contract Tests	UNKNOWN STEP	2026-10-10T18:47:12.5541631Z test tests::core_source_tree_has_no_python_boundary_tokens ... ok
Web Runtime / Build And Contract Tests	UNKNOWN STEP	2026-10-10T18:47:12.5547735Z test tests::phase5_gpu_runtime_api_is_public_without_legacy_singleton ... ok
Web Runtime / Build And Contract Tests	UNKNOWN STEP	2026-10-10T18:47:12.5552960Z test tests::phase8_core_terrain_heightmap_contract_is_exposed ... ok
Web Runtime / Build And Contract Tests	UNKNOWN STEP	2026-10-10T18:47:12.5558176Z test tests::phase9_core_camera_contract_is_exposed ... ok
Web Runtime / Build And Contract Tests	UNKNOWN STEP	2026-10-10T18:47:12.5563035Z test tests::removed_python_binding_roots_do_not_exist_in_browser_only_workspace ... ok
Web Runtime / Build And Contract Tests	UNKNOWN STEP	2026-10-10T18:47:12.5567510Z test timing::tests::finish_frame_increments_index_and_drains_passes ... ok
Web Runtime / Build And Contract Tests	UNKNOWN STEP	2026-10-10T18:47:12.5571482Z test timing::tests::non_finite_or_negative_times_are_rejected ... ok
Web Runtime / Build And Contract Tests	UNKNOWN STEP	2026-10-10T18:47:12.5575425Z test timing::tests::record_gpu_falls_back_to_cpu_when_unsupported ... ok
Web Runtime / Build And Contract Tests	UNKNOWN STEP	2026-10-10T18:47:12.5579593Z test timing::tests::source_reflects_timestamp_query_support ... ok
Web Runtime / Build And Contract Tests	UNKNOWN STEP	2026-10-10T18:47:12.5583620Z test vector::tests::conservative_culling_keeps_intersecting_triangles ... ok
Web Runtime / Build And Contract Tests	UNKNOWN STEP	2026-10-10T18:47:12.5587661Z test vector::tests::extrusion_and_billboard_have_pixel_units ... ok
Web Runtime / Build And Contract Tests	UNKNOWN STEP	2026-10-10T18:47:12.5591683Z test vector::tests::fused_matrix_control_crosses_the_directed_depth_storage_boundary ... ok
Web Runtime / Build And Contract Tests	UNKNOWN STEP	2026-10-10T18:47:12.5595471Z test vector::tests::gpu_storage_layouts ... ok
Web Runtime / Build And Contract Tests	UNKNOWN STEP	2026-10-10T18:47:12.5599248Z test vector::tests::native_weight_is_alpha_scaled ... ok
Web Runtime / Build And Contract Tests	UNKNOWN STEP	2026-10-10T18:47:12.5603475Z test vector::tests::near_coplanar_drapes_never_round_behind_the_surface ... ok
Web Runtime / Build And Contract Tests	UNKNOWN STEP	2026-10-10T18:47:12.5607013Z test vector::tests::projection_preserves_large_coordinate_cancellation ... ok
Web Runtime / Build And Contract Tests	UNKNOWN STEP	2026-10-10T18:47:12.5629052Z test tests::phase5_core_source_tree_has_no_legacy_global_gpu_singleton ... ok
Web Runtime / Build And Contract Tests	UNKNOWN STEP	2026-10-10T18:47:17.2706057Z test terrain_clipmap::tests::test_area_coverage_exact_across_configs_and_cameras ... ok
Web Runtime / Build And Contract Tests	UNKNOWN STEP	2026-10-10T18:47:29.4432403Z test terrain_clipmap::tests::test_seam_free_across_configs_and_cameras ... ok
Web Runtime / Build And Contract Tests	UNKNOWN STEP	2026-10-10T18:47:29.4433041Z 
Web Runtime / Build And Contract Tests	UNKNOWN STEP	2026-10-10T18:47:29.4433644Z test result: ok. 414 passed; 0 failed; 0 ignored; 0 measured; 0 filtered out; finished in 30.40s
Web Runtime / Build And Contract Tests	UNKNOWN STEP	2026-10-10T18:47:29.4434241Z 
Web Runtime / Build And Contract Tests	UNKNOWN STEP	2026-10-10T18:47:29.4517536Z [1m[92m   Doc-tests[0m forge3d_core
Web Runtime / Build And Contract Tests	UNKNOWN STEP	2026-10-10T18:47:29.9780954Z 
Web Runtime / Build And Contract Tests	UNKNOWN STEP	2026-10-10T18:47:29.9781631Z running 1 test
Web Runtime / Build And Contract Tests	UNKNOWN STEP	2026-10-10T18:47:29.9789123Z test crates\forge3d-core\src\labels\layer.rs - labels::layer::label_layer_from_mapbox_style (line 440) ... ignored
Web Runtime / Build And Contract Tests	UNKNOWN STEP	2026-10-10T18:47:29.9789865Z 
Web Runtime / Build And Contract Tests	UNKNOWN STEP	2026-10-10T18:47:29.9790420Z test result: ok. 0 passed; 0 failed; 1 ignored; 0 measured; 0 filtered out; finished in 0.00s
Web Runtime / Build And Contract Tests	UNKNOWN STEP	2026-10-10T18:47:29.9790993Z 
Web Runtime / Build And Contract Tests	UNKNOWN STEP	2026-10-10T18:47:30.1170922Z ##[group]Run cargo test -p forge3d-web
Web Runtime / Build And Contract Tests	UNKNOWN STEP	2026-10-10T18:47:30.1171335Z [36;1mcargo test -p forge3d-web[0m
Web Runtime / Build And Contract Tests	UNKNOWN STEP	2026-10-10T18:47:30.1241579Z shell: C:\Program Files\PowerShell\7\pwsh.EXE -command ". '{0}'"
Web Runtime / Build And Contract Tests	UNKNOWN STEP	2026-10-10T18:47:30.1241917Z env:
Web Runtime / Build And Contract Tests	UNKNOWN STEP	2026-10-10T18:47:30.1242113Z   CARGO_TERM_COLOR: always
Web Runtime / Build And Contract Tests	UNKNOWN STEP	2026-10-10T18:47:30.1242328Z   RUST_BACKTRACE: 1
Web Runtime / Build And Contract Tests	UNKNOWN STEP	2026-10-10T18:47:30.1242545Z   CARGO_HOME: C:\Users\runneradmin\.cargo
Web Runtime / Build And Contract Tests	UNKNOWN STEP	2026-10-10T18:47:30.1242804Z   CARGO_INCREMENTAL: 0
Web Runtime / Build And Contract Tests	UNKNOWN STEP	2026-10-10T18:47:30.1243003Z ##[endgroup]
Web Runtime / Build And Contract Tests	UNKNOWN STEP	2026-10-10T18:47:30.4749631Z [1m[92m Downloading[0m crates ...
Web Runtime / Build And Contract Tests	UNKNOWN STEP	2026-10-10T18:47:30.5974918Z [1m[92m  Downloaded[0m wasm-bindgen-test-shared v0.2.122
Web Runtime / Build And Contract Tests	UNKNOWN STEP	2026-10-10T18:47:30.6054773Z [1m[92m  Downloaded[0m wasm-bindgen-test-macro v0.3.72
Web Runtime / Build And Contract Tests	UNKNOWN STEP	2026-10-10T18:47:30.6133401Z [1m[92m  Downloaded[0m cast v0.3.0
Web Runtime / Build And Contract Tests	UNKNOWN STEP	2026-10-10T18:47:30.6231725Z [1m[92m  Downloaded[0m oorandom v11.1.5
Web Runtime / Build And Contract Tests	UNKNOWN STEP	2026-10-10T18:47:30.6298003Z [1m[92m  Downloaded[0m nu-ansi-term v0.50.3
Web Runtime / Build And Contract Tests	UNKNOWN STEP	2026-10-10T18:47:30.6536877Z [1m[92m  Downloaded[0m wasm-bindgen-test v0.3.72
Web Runtime / Build And Contract Tests	UNKNOWN STEP	2026-10-10T18:47:30.7953746Z [1m[92m   Compiling[0m syn v2.0.117
Web Runtime / Build And Contract Tests	UNKNOWN STEP	2026-10-10T18:47:30.7958981Z [1m[92m   Compiling[0m wasm-bindgen-shared v0.2.122
Web Runtime / Build And Contract Tests	UNKNOWN STEP	2026-10-10T18:47:30.7963365Z [1m[92m   Compiling[0m rustversion v1.0.22
Web Runtime / Build And Contract Tests	UNKNOWN STEP	2026-10-10T18:47:30.7973931Z [1m[92m   Compiling[0m bumpalo v3.20.3
Web Runtime / Build And Contract Tests	UNKNOWN STEP	2026-10-10T18:47:31.1732710Z [1m[92m   Compiling[0m serde_core v1.0.228
Web Runtime / Build And Contract Tests	UNKNOWN STEP	2026-10-10T18:47:31.5776920Z [1m[92m   Compiling[0m futures-core v0.3.32
Web Runtime / Build And Contract Tests	UNKNOWN STEP	2026-10-10T18:47:31.7337749Z [1m[92m   Compiling[0m slab v0.4.12
Web Runtime / Build And Contract Tests	UNKNOWN STEP	2026-10-10T18:47:31.7849571Z [1m[92m   Compiling[0m pin-project-lite v0.2.17
Web Runtime / Build And Contract Tests	UNKNOWN STEP	2026-10-10T18:47:31.8663521Z [1m[92m   Compiling[0m futures-task v0.3.32
Web Runtime / Build And Contract Tests	UNKNOWN STEP	2026-10-10T18:47:32.0588113Z [1m[92m   Compiling[0m wasm-bindgen v0.2.122
Web Runtime / Build And Contract Tests	UNKNOWN STEP	2026-10-10T18:47:32.0727770Z [1m[92m   Compiling[0m futures-util v0.3.32
Web Runtime / Build And Contract Tests	UNKNOWN STEP	2026-10-10T18:47:32.3999728Z [1m[92m   Compiling[0m serde_json v1.0.150
Web Runtime / Build And Contract Tests	UNKNOWN STEP	2026-10-10T18:47:32.6512264Z [1m[92m   Compiling[0m windows-sys v0.61.2
Web Runtime / Build And Contract Tests	UNKNOWN STEP	2026-10-10T18:47:34.9175403Z [1m[92m   Compiling[0m nu-ansi-term v0.50.3
Web Runtime / Build And Contract Tests	UNKNOWN STEP	2026-10-10T18:47:35.0620181Z [1m[92m   Compiling[0m oorandom v11.1.5
Web Runtime / Build And Contract Tests	UNKNOWN STEP	2026-10-10T18:47:35.1822470Z [1m[92m   Compiling[0m wasm-bindgen-test-shared v0.2.122
Web Runtime / Build And Contract Tests	UNKNOWN STEP	2026-10-10T18:47:35.4431073Z [1m[92m   Compiling[0m cast v0.3.0
Web Runtime / Build And Contract Tests	UNKNOWN STEP	2026-10-10T18:47:35.6519841Z [1m[92m   Compiling[0m wasm-bindgen-macro-support v0.2.122
Web Runtime / Build And Contract Tests	UNKNOWN STEP	2026-10-10T18:47:37.4463048Z [1m[92m   Compiling[0m windows-implement v0.60.2
Web Runtime / Build And Contract Tests	UNKNOWN STEP	2026-10-10T18:47:37.4463984Z [1m[92m   Compiling[0m windows-interface v0.59.3
Web Runtime / Build And Contract Tests	UNKNOWN STEP	2026-10-10T18:47:37.4464753Z [1m[92m   Compiling[0m bytemuck_derive v1.10.2
Web Runtime / Build And Contract Tests	UNKNOWN STEP	2026-10-10T18:47:38.4200901Z [1m[92m   Compiling[0m zerocopy-derive v0.8.50
Web Runtime / Build And Contract Tests	UNKNOWN STEP	2026-10-10T18:47:38.4955146Z [1m[92m   Compiling[0m windows-core v0.62.2
Web Runtime / Build And Contract Tests	UNKNOWN STEP	2026-10-10T18:47:39.2694778Z [1m[92m   Compiling[0m thiserror-impl v2.0.18
Web Runtime / Build And Contract Tests	UNKNOWN STEP	2026-10-10T18:47:39.3104123Z [1m[92m   Compiling[0m bytemuck v1.25.0
Web Runtime / Build And Contract Tests	UNKNOWN STEP	2026-10-10T18:47:39.6962661Z [1m[92m   Compiling[0m windows-numerics v0.3.1
Web Runtime / Build And Contract Tests	UNKNOWN STEP	2026-10-10T18:47:39.9702380Z [1m[92m   Compiling[0m windows-future v0.3.2
Web Runtime / Build And Contract Tests	UNKNOWN STEP	2026-10-10T18:47:40.7893617Z [1m[92m   Compiling[0m zerocopy v0.8.50
Web Runtime / Build And Contract Tests	UNKNOWN STEP	2026-10-10T18:47:41.1393346Z [1m[92m   Compiling[0m windows-collections v0.3.2
Web Runtime / Build And Contract Tests	UNKNOWN STEP	2026-10-10T18:47:41.2428873Z [1m[92m   Compiling[0m thiserror v2.0.18
Web Runtime / Build And Contract Tests	UNKNOWN STEP	2026-10-10T18:47:41.3344393Z [1m[92m   Compiling[0m wgpu-types v29.0.3
Web Runtime / Build And Contract Tests	UNKNOWN STEP	2026-10-10T18:47:41.8315312Z [1m[92m   Compiling[0m windows v0.62.2
Web Runtime / Build And Contract Tests	UNKNOWN STEP	2026-10-10T18:47:42.2730901Z [1m[92m   Compiling[0m wasm-bindgen-macro v0.2.122
Web Runtime / Build And Contract Tests	UNKNOWN STEP	2026-10-10T18:47:44.8051392Z [1m[92m   Compiling[0m js-sys v0.3.99
Web Runtime / Build And Contract Tests	UNKNOWN STEP	2026-10-10T18:47:45.5717210Z [1m[92m   Compiling[0m serde_derive v1.0.228
Web Runtime / Build And Contract Tests	UNKNOWN STEP	2026-10-10T18:47:46.7716367Z [1m[92m   Compiling[0m half v2.7.1
Web Runtime / Build And Contract Tests	UNKNOWN STEP	2026-10-10T18:47:47.5477865Z [1m[92m   Compiling[0m naga v29.0.3
Web Runtime / Build And Contract Tests	UNKNOWN STEP	2026-10-10T18:47:50.5339972Z [1m[92m   Compiling[0m serde v1.0.228
Web Runtime / Build And Contract Tests	UNKNOWN STEP	2026-10-10T18:47:51.4932805Z [1m[92m   Compiling[0m num-complex v0.4.6
Web Runtime / Build And Contract Tests	UNKNOWN STEP	2026-10-10T18:47:52.2164732Z [1m[92m   Compiling[0m pulp v0.22.3
Web Runtime / Build And Contract Tests	UNKNOWN STEP	2026-10-10T18:47:56.8349057Z [1m[92m   Compiling[0m async-trait v0.1.89
Web Runtime / Build And Contract Tests	UNKNOWN STEP	2026-10-10T18:47:57.4508238Z [1m[92m   Compiling[0m thiserror-impl v1.0.69
Web Runtime / Build And Contract Tests	UNKNOWN STEP	2026-10-10T18:47:58.3826125Z [1m[92m   Compiling[0m exr v1.74.2
Web Runtime / Build And Contract Tests	UNKNOWN STEP	2026-10-10T18:47:59.2595425Z [1m[92m   Compiling[0m thiserror v1.0.69
Web Runtime / Build And Contract Tests	UNKNOWN STEP	2026-10-10T18:47:59.3514268Z [1m[92m   Compiling[0m wasm-bindgen-futures v0.4.72
Web Runtime / Build And Contract Tests	UNKNOWN STEP	2026-10-10T18:47:59.4307989Z [1m[92m   Compiling[0m web-sys v0.3.99
Web Runtime / Build And Contract Tests	UNKNOWN STEP	2026-10-10T18:48:03.9821091Z [1m[92m   Compiling[0m wgpu-naga-bridge v29.0.3
Web Runtime / Build And Contract Tests	UNKNOWN STEP	2026-10-10T18:48:04.1729257Z [1m[92m   Compiling[0m gpu-allocator v0.28.0
Web Runtime / Build And Contract Tests	UNKNOWN STEP	2026-10-10T18:48:06.0986875Z [1m[92m   Compiling[0m wgpu-hal v29.0.3
Web Runtime / Build And Contract Tests	UNKNOWN STEP	2026-10-10T18:48:06.1014632Z [1m[92m   Compiling[0m serde-wasm-bindgen v0.6.5
Web Runtime / Build And Contract Tests	UNKNOWN STEP	2026-10-10T18:48:06.7593471Z [1m[92m   Compiling[0m console_error_panic_hook v0.1.7
Web Runtime / Build And Contract Tests	UNKNOWN STEP	2026-10-10T18:48:06.8884988Z [1m[92m   Compiling[0m wasm-bindgen-test-macro v0.3.72
Web Runtime / Build And Contract Tests	UNKNOWN STEP	2026-10-10T18:48:07.4724357Z [1m[92m   Compiling[0m wasm-bindgen-test v0.3.72
Web Runtime / Build And Contract Tests	UNKNOWN STEP	2026-10-10T18:48:13.1703544Z [1m[92m   Compiling[0m wgpu-core-deps-windows-linux-android v29.0.3
Web Runtime / Build And Contract Tests	UNKNOWN STEP	2026-10-10T18:48:13.2326987Z [1m[92m   Compiling[0m wgpu-core v29.0.3
Web Runtime / Build And Contract Tests	UNKNOWN STEP	2026-10-10T18:48:20.9891937Z [1m[92m   Compiling[0m wgpu v29.0.3
Web Runtime / Build And Contract Tests	UNKNOWN STEP	2026-10-10T18:48:24.6097168Z [1m[92m   Compiling[0m forge3d-core v1.26.3 (D:\a\forge3d-web\forge3d-web\crates\forge3d-core)
Web Runtime / Build And Contract Tests	UNKNOWN STEP	2026-10-10T18:48:35.9578416Z [1m[92m   Compiling[0m forge3d-web v1.26.3 (D:\a\forge3d-web\forge3d-web\crates\forge3d-web)
Web Runtime / Build And Contract Tests	UNKNOWN STEP	2026-10-10T18:48:50.0078531Z [1m[92m    Finished[0m `test` profile [unoptimized + debuginfo] target(s) in 1m 19s
Web Runtime / Build And Contract Tests	UNKNOWN STEP	2026-10-10T18:48:50.0181763Z [1m[92m     Running[0m unittests src\lib.rs (target\debug\deps\forge3d_web-f5e06d708f7ea513.exe)
Web Runtime / Build And Contract Tests	UNKNOWN STEP	2026-10-10T18:48:50.0292844Z 
Web Runtime / Build And Contract Tests	UNKNOWN STEP	2026-10-10T18:48:50.0293284Z running 190 tests
Web Runtime / Build And Contract Tests	UNKNOWN STEP	2026-10-10T18:48:50.0299501Z test inputs::tests::resize_options_compute_dpr_scaled_pixel_size ... ok
Web Runtime / Build And Contract Tests	UNKNOWN STEP	2026-10-10T18:48:50.0300526Z test error::tests::maps_core_errors_to_stable_browser_codes ... ok
Web Runtime / Build And Contract Tests	UNKNOWN STEP	2026-10-10T18:48:50.0301438Z test inputs::tests::camera_options_reject_non_finite_values ... ok
Web Runtime / Build And Contract Tests	UNKNOWN STEP	2026-10-10T18:48:50.0304151Z test inputs::tests::camera_options_select_orthographic_projection ... ok
Web Runtime / Build And Contract Tests	UNKNOWN STEP	2026-10-10T18:48:50.0305077Z test inputs::tests::resize_options_reject_non_finite_dpr ... ok
Web Runtime / Build And Contract Tests	UNKNOWN STEP	2026-10-10T18:48:50.0305969Z test inputs::tests::runtime_options_compute_dpr_scaled_pixel_size ... ok
Web Runtime / Build And Contract Tests	UNKNOWN STEP	2026-10-10T18:48:50.0307432Z test inputs::tests::runtime_options_default_to_browser_mvp_values ... ok
Web Runtime / Build And Contract Tests	UNKNOWN STEP	2026-10-10T18:48:50.0309235Z test inputs::tests::runtime_options_reject_zero_dimensions ... ok
Web Runtime / Build And Contract Tests	UNKNOWN STEP	2026-10-10T18:48:50.0310675Z test inputs::tests::runtime_power_preferences_map_exactly_and_default_to_high_performance ... ok
Web Runtime / Build And Contract Tests	UNKNOWN STEP	2026-10-10T18:48:50.0311968Z test inputs::tests::terrain_allocation_computes_skirted_mesh_bytes_with_checked_arithmetic ... ok
Web Runtime / Build And Contract Tests	UNKNOWN STEP	2026-10-10T18:48:50.0315920Z test inputs::tests::terrain_allocation_rejects_physical_limits_before_copy_or_mesh_creation ... ok
Web Runtime / Build And Contract Tests	UNKNOWN STEP	2026-10-10T18:48:50.0318063Z test inputs::tests::terrain_color_ramp_defaults_to_faa_vfr_contour_stops ... ok
Web Runtime / Build And Contract Tests	UNKNOWN STEP	2026-10-10T18:48:50.0319399Z test inputs::tests::terrain_color_ramp_rejects_unordered_stops ... ok
Web Runtime / Build And Contract Tests	UNKNOWN STEP	2026-10-10T18:48:50.0321103Z test inputs::tests::terrain_geometry_clipmap_options_map_to_core ... ok
Web Runtime / Build And Contract Tests	UNKNOWN STEP	2026-10-10T18:48:50.0322727Z test inputs::tests::terrain_bounds_validate_order ... ok
Web Runtime / Build And Contract Tests	UNKNOWN STEP	2026-10-10T18:48:50.0324477Z test inputs::tests::terrain_geometry_mode_defaults_to_grid_inside_geometry_block ... ok
Web Runtime / Build And Contract Tests	UNKNOWN STEP	2026-10-10T18:48:50.0325603Z test inputs::tests::terrain_geometry_rejects_screen_mode_clipmap ... ok
Web Runtime / Build And Contract Tests	UNKNOWN STEP	2026-10-10T18:48:50.0326610Z test inputs::tests::terrain_heightmap_options_reject_non_finite_values ... ok
Web Runtime / Build And Contract Tests	UNKNOWN STEP	2026-10-10T18:48:50.0327644Z test inputs::tests::terrain_heightmap_options_reject_wrong_lengths ... ok
Web Runtime / Build And Contract Tests	UNKNOWN STEP	2026-10-10T18:48:50.0329623Z test inputs::tests::terrain_js_option_structs_reject_unknown_fields ... ok
Web Runtime / Build And Contract Tests	UNKNOWN STEP	2026-10-10T18:48:50.0331995Z test inputs::tests::terrain_streaming_requires_dimensions ... ok
Web Runtime / Build And Contract Tests	UNKNOWN STEP	2026-10-10T18:48:50.0334873Z test inputs::tests::terrain_streaming_options_map_and_imply_clipmap ... ok
Web Runtime / Build And Contract Tests	UNKNOWN STEP	2026-10-10T18:48:50.0335995Z test io::tests::bounded_response_body_rejects_truncation_and_oversize ... ok
Web Runtime / Build And Contract Tests	UNKNOWN STEP	2026-10-10T18:48:50.0337011Z test io::tests::content_range_requires_the_exact_requested_span ... ok
Web Runtime / Build And Contract Tests	UNKNOWN STEP	2026-10-10T18:48:50.0338066Z test io::tests::phase6_browser_io_skeleton_reports_future_source_support ... ok
Web Runtime / Build And Contract Tests	UNKNOWN STEP	2026-10-10T18:48:50.0341678Z test inputs::tests::terrain_streaming_rejects_explicit_grid_mode ... ok
Web Runtime / Build And Contract Tests	UNKNOWN STEP	2026-10-10T18:48:50.0342908Z test io::tests::url_response_policy_accepts_only_exact_ranges_and_zero_offset_200 ... ok
Web Runtime / Build And Contract Tests	UNKNOWN STEP	2026-10-10T18:48:50.0344396Z test runtime::diagnostics::tests::kebab_name_normalizes_debug_names ... ok
Web Runtime / Build And Contract Tests	UNKNOWN STEP	2026-10-10T18:48:50.0345581Z test runtime::diagnostics::tests::numeric_limits_cover_required_diagnostic_fields ... ok
Web Runtime / Build And Contract Tests	UNKNOWN STEP	2026-10-10T18:48:50.0346970Z test runtime::environment::reflection::native::tests::native_array_fixture_preserves_nonzero_plane_height ... ok
Web Runtime / Build And Contract Tests	UNKNOWN STEP	2026-10-10T18:48:50.0348787Z test runtime::environment::reflection::native::tests::capture_up_recovers_a_rolled_view_from_unjittered_projection ... ok
Web Runtime / Build And Contract Tests	UNKNOWN STEP	2026-10-10T18:48:50.0351064Z test runtime::environment::reflection::native::tests::native_screen_uses_distinct_noncommuting_raster_and_sampling_products ... ok
Web Runtime / Build And Contract Tests	UNKNOWN STEP	2026-10-10T18:48:50.0352555Z test runtime::environment::tests::sampled_texture_layouts_fit_default_webgpu_limits ... ok
Web Runtime / Build And Contract Tests	UNKNOWN STEP	2026-10-10T18:48:50.0353492Z test runtime::environment::tests::uniform_layout ... ok
Web Runtime / Build And Contract Tests	UNKNOWN STEP	2026-10-10T18:48:50.0356832Z test runtime::ibl::tests::lighting_shader_declares_group3_and_unconditional_samples ... ok
Web Runtime / Build And Contract Tests	UNKNOWN STEP	2026-10-10T18:48:50.0357978Z test runtime::ibl::tests::lighting_shader_uses_fresnel_diffuse_split ... ok
Web Runtime / Build And Contract Tests	UNKNOWN STEP	2026-10-10T18:48:50.0363581Z test runtime::ibl::tests::compute_shader_uses_8x8_workgroups_and_rgba16float_outputs ... ok
Web Runtime / Build And Contract Tests	UNKNOWN STEP	2026-10-10T18:48:50.0364611Z test runtime::ibl::tests::null_snapshot_decodes_to_none ... ok
Web Runtime / Build And Contract Tests	UNKNOWN STEP	2026-10-10T18:48:50.0368420Z test runtime::ibl::tests::prefilter_schedule_matches_native ... ok
Web Runtime / Build And Contract Tests	UNKNOWN STEP	2026-10-10T18:48:50.0369398Z test runtime::ibl::tests::prepared_lengths_match_rgba16f_layout ... ok
Web Runtime / Build And Contract Tests	UNKNOWN STEP	2026-10-10T18:48:50.0370776Z test runtime::ibl::tests::prefilter_mode_defaults_to_per_mip_and_rejects_unknown_values ... ok
Web Runtime / Build And Contract Tests	UNKNOWN STEP	2026-10-10T18:48:50.0373540Z test runtime::ibl::tests::quality_ladder_descends_from_requested ... ok
Web Runtime / Build And Contract Tests	UNKNOWN STEP	2026-10-10T18:48:50.0374505Z test runtime::ibl::tests::quality_table_matches_native_tiers ... ok
Web Runtime / Build And Contract Tests	UNKNOWN STEP	2026-10-10T18:48:50.0380210Z test runtime::ibl::tests::rejects_missing_source_and_bad_hash ... ok
Web Runtime / Build And Contract Tests	UNKNOWN STEP	2026-10-10T18:48:50.0382221Z test runtime::ibl::tests::rejects_invalid_report_fields ... ok
Web Runtime / Build And Contract Tests	UNKNOWN STEP	2026-10-10T18:48:50.0387881Z test runtime::ibl::tests::rejects_noncanonical_rotation ... ok
Web Runtime / Build And Contract Tests	UNKNOWN STEP	2026-10-10T18:48:50.0394833Z test runtime::ibl::tests::rejects_nonfinite_intensity_rotation_and_data ... ok
Web Runtime / Build And Contract Tests	UNKNOWN STEP	2026-10-10T18:48:50.1509987Z test runtime::environment::tests::shaders_validate ... ok
Web Runtime / Build And Contract Tests	UNKNOWN STEP	2026-10-10T18:48:50.1516824Z test runtime::ibl::tests::rejects_source_hash_mismatch ... ok
Web Runtime / Build And Contract Tests	UNKNOWN STEP	2026-10-10T18:48:50.1522196Z test runtime::ibl::tests::rejects_unknown_and_inconsistent_quality ... ok
Web Runtime / Build And Contract Tests	UNKNOWN STEP	2026-10-10T18:48:50.1527483Z test runtime::ibl::tests::rejects_wrong_data_length_and_oversize_dimensions ... ok
Web Runtime / Build And Contract Tests	UNKNOWN STEP	2026-10-10T18:48:50.1531257Z test runtime::ibl::tests::uniform_layout_is_32_bytes ... ok
Web Runtime / Build And Contract Tests	UNKNOWN STEP	2026-10-10T18:48:50.1535927Z test runtime::ibl::tests::valid_snapshot_parses ... ok
Web Runtime / Build And Contract Tests	UNKNOWN STEP	2026-10-10T18:48:50.1540064Z test runtime::init::tests::alpha_selection_preserves_reported_capability_fallback_elsewhere ... ok
Web Runtime / Build And Contract Tests	UNKNOWN STEP	2026-10-10T18:48:50.1544371Z test runtime::init::tests::browser_webgpu_selects_both_core_canvas_alpha_modes ... ok
Web Runtime / Build And Contract Tests	UNKNOWN STEP	2026-10-10T18:48:50.1548461Z test runtime::lighting::tests::lighting_byte_accounting_matches_the_gpu_layout ... ok
Web Runtime / Build And Contract Tests	UNKNOWN STEP	2026-10-10T18:48:50.1556573Z test runtime::lighting::tests::materials_snapshot_parses_and_validates ... ok
Web Runtime / Build And Contract Tests	UNKNOWN STEP	2026-10-10T18:48:50.1571574Z test runtime::lighting::tests::materials_snapshot_rejects_malformed ... ok
Web Runtime / Build And Contract Tests	UNKNOWN STEP	2026-10-10T18:48:50.1578281Z test runtime::lighting::tests::normalizes_directions_and_rect_bases_from_snapshots ... ok
Web Runtime / Build And Contract Tests	UNKNOWN STEP	2026-10-10T18:48:50.1583454Z test runtime::lighting::tests::parses_and_validates_direct_snapshots ... ok
Web Runtime / Build And Contract Tests	UNKNOWN STEP	2026-10-10T18:48:50.1594952Z test runtime::lighting::tests::rejects_malformed_snapshots ... ok
Web Runtime / Build And Contract Tests	UNKNOWN STEP	2026-10-10T18:48:50.1613066Z test runtime::lighting::tests::terrain_shader_binds_the_shared_lighting_group ... ok
Web Runtime / Build And Contract Tests	UNKNOWN STEP	2026-10-10T18:48:50.1617173Z test runtime::memory::tests::disabled_shadow_moment_allocation_reports_actual_one_layer_bytes ... ok
Web Runtime / Build And Contract Tests	UNKNOWN STEP	2026-10-10T18:48:50.1621633Z test runtime::memory::tests::downscaled_dimension_preserves_edges_and_floor ... ok
Web Runtime / Build And Contract Tests	UNKNOWN STEP	2026-10-10T18:48:50.1626353Z test runtime::memory::tests::ledger_records_downgrades_and_effective_quality ... ok
Web Runtime / Build And Contract Tests	UNKNOWN STEP	2026-10-10T18:48:50.1632425Z test runtime::memory::tests::ledger_replace_all_rejection_leaves_the_ledger_untouched ... ok
Web Runtime / Build And Contract Tests	UNKNOWN STEP	2026-10-10T18:48:50.1637342Z test runtime::memory::tests::ledger_replace_all_swaps_a_key_set_that_sequential_replace_would_overflow ... ok
Web Runtime / Build And Contract Tests	UNKNOWN STEP	2026-10-10T18:48:50.1642039Z test runtime::memory::tests::ledger_replace_swaps_accounting_and_rejects_overflow ... ok
Web Runtime / Build And Contract Tests	UNKNOWN STEP	2026-10-10T18:48:50.1650230Z test runtime::memory::tests::native_ledger_admits_each_fixed_w04_key_once_and_clear_empties ... ok
Web Runtime / Build And Contract Tests	UNKNOWN STEP	2026-10-10T18:48:50.1654766Z test runtime::memory::tests::native_ledger_clone_isolates_failed_planning_from_live_accounting ... ok
Web Runtime / Build And Contract Tests	UNKNOWN STEP	2026-10-10T18:48:50.1658770Z test runtime::memory::tests::resample_heightmap_keeps_first_and_last_samples ... ok
Web Runtime / Build And Contract Tests	UNKNOWN STEP	2026-10-10T18:48:50.1663518Z test runtime::offline::tests::capture_passes_fit_the_default_color_attachment_budget ... ok
Web Runtime / Build And Contract Tests	UNKNOWN STEP	2026-10-10T18:48:50.1746387Z test runtime::offline::tests::capture_variants_add_entry_points_only_when_requested ... ok
Web Runtime / Build And Contract Tests	UNKNOWN STEP	2026-10-10T18:48:50.1754004Z test runtime::offline::tests::grid_uniforms_share_the_rust_field_order ... ok
Web Runtime / Build And Contract Tests	UNKNOWN STEP	2026-10-10T18:48:50.2012951Z test runtime::offline::tests::offline_compute_shaders_are_valid_wgsl ... ok
Web Runtime / Build And Contract Tests	UNKNOWN STEP	2026-10-10T18:48:50.2016978Z test runtime::offline::tests::planned_target_bytes_follow_selected_layers ... ok
Web Runtime / Build And Contract Tests	UNKNOWN STEP	2026-10-10T18:48:50.2021423Z test runtime::offline::tests::tonemap_shader_lanes_match_core_operator_lanes ... ok
Web Runtime / Build And Contract Tests	UNKNOWN STEP	2026-10-10T18:48:50.2025227Z test runtime::offline::tests::uniform_layouts_match_wgsl_structs ... ok
Web Runtime / Build And Contract Tests	UNKNOWN STEP	2026-10-10T18:48:50.2032727Z test runtime::postfx::tests::executed_plan_matches_public_pass_order ... ok
Web Runtime / Build And Contract Tests	UNKNOWN STEP	2026-10-10T18:48:50.2036361Z test runtime::postfx::tests::params_layout_matches_wgsl ... ok
Web Runtime / Build And Contract Tests	UNKNOWN STEP	2026-10-10T18:48:50.2985408Z test runtime::postfx::tests::postfx_shaders_validate_with_baseline_capabilities ... ok
Web Runtime / Build And Contract Tests	UNKNOWN STEP	2026-10-10T18:48:50.2990950Z test runtime::render::tests::health_is_checked_immediately_before_acquisition ... ok
Web Runtime / Build And Contract Tests	UNKNOWN STEP	2026-10-10T18:48:50.2996195Z test runtime::render::tests::outdated_reconfigures_and_lost_recreates_before_exactly_one_retry ... ok
Web Runtime / Build And Contract Tests	UNKNOWN STEP	2026-10-10T18:48:50.3000362Z test runtime::render::tests::recreation_failure_is_surface_lost_and_never_retries ... ok
Web Runtime / Build And Contract Tests	UNKNOWN STEP	2026-10-10T18:48:50.3004593Z test runtime::render::tests::second_or_mixed_failure_is_terminal_without_another_recovery ... ok
Web Runtime / Build And Contract Tests	UNKNOWN STEP	2026-10-10T18:48:50.3008655Z test runtime::render::tests::timeout_and_occlusion_are_skipped_without_submission ... ok
Web Runtime / Build And Contract Tests	UNKNOWN STEP	2026-10-10T18:48:50.3012933Z test runtime::render::tests::timeout_or_occlusion_on_retry_skips_without_more_recovery ... ok
Web Runtime / Build And Contract Tests	UNKNOWN STEP	2026-10-10T18:48:50.3017008Z test runtime::render::tests::validation_returns_the_sticky_diagnostic_or_explicit_internal_error ... ok
Web Runtime / Build And Contract Tests	UNKNOWN STEP	2026-10-10T18:48:50.3026274Z test runtime::scatter::prepare::tests::wind_uniforms_match_executed_historical_native_and_clusters_disable_them ... ok
Web Runtime / Build And Contract Tests	UNKNOWN STEP	2026-10-10T18:48:50.4865402Z test runtime::scatter::shader::tests::scatter_display_and_capture_variants_validate ... ok
Web Runtime / Build And Contract Tests	UNKNOWN STEP	2026-10-10T18:48:50.4871672Z test runtime::scene::geometry::tests::ground_plane_emits_six_vertices_with_transform ... ok
Web Runtime / Build And Contract Tests	UNKNOWN STEP	2026-10-10T18:48:50.4876786Z test runtime::scene::geometry::tests::ground_plane_emits_unit_normal_and_quad_uvs ... ok
Web Runtime / Build And Contract Tests	UNKNOWN STEP	2026-10-10T18:48:50.4881854Z test runtime::scene::geometry::tests::lit_vertex_is_84_bytes_and_overlay_vertex_is_28 ... ok
Web Runtime / Build And Contract Tests	UNKNOWN STEP	2026-10-10T18:48:50.4886521Z test runtime::scene::geometry::tests::overlay_vertices_convert_pixels_to_ndc ... ok
Web Runtime / Build And Contract Tests	UNKNOWN STEP	2026-10-10T18:48:50.4891476Z test runtime::scene::geometry::tests::rotated_ground_plane_transforms_normal ... ok
Web Runtime / Build And Contract Tests	UNKNOWN STEP	2026-10-10T18:48:50.4896635Z test runtime::scene::geometry::tests::text_mesh_advances_one_quad_per_scalar ... ok
Web Runtime / Build And Contract Tests	UNKNOWN STEP	2026-10-10T18:48:50.4901198Z test runtime::scene::geometry::tests::transform_matrix_normalizes_rotation ... ok
Web Runtime / Build And Contract Tests	UNKNOWN STEP	2026-10-10T18:48:50.4906211Z test runtime::scene::parse::tests::empty_scene_retains_parsed_lighting_state ... ok
Web Runtime / Build And Contract Tests	UNKNOWN STEP	2026-10-10T18:48:50.4911142Z test runtime::scene::parse::tests::malformed_lighting_snapshot_is_rejected ... ok
Web Runtime / Build And Contract Tests	UNKNOWN STEP	2026-10-10T18:48:50.4916719Z test runtime::scene::parse::tests::topology_accepts_parent_first_order ... ok
Web Runtime / Build And Contract Tests	UNKNOWN STEP	2026-10-10T18:48:50.4920713Z test runtime::scene::parse::tests::topology_rejects_duplicate_ids ... ok
Web Runtime / Build And Contract Tests	UNKNOWN STEP	2026-10-10T18:48:50.4924553Z test runtime::scene::parse::tests::topology_requires_parent_before_child ... ok
Web Runtime / Build And Contract Tests	UNKNOWN STEP	2026-10-10T18:48:50.4928688Z test runtime::scene::pipelines::tests::vertex_layouts_match_the_struct_sizes ... ok
Web Runtime / Build And Contract Tests	UNKNOWN STEP	2026-10-10T18:48:50.4937069Z test runtime::scene::pipelines::tests::world_shader_binds_the_shared_lighting_group ... ok
Web Runtime / Build And Contract Tests	UNKNOWN STEP	2026-10-10T18:48:50.4945897Z test runtime::scene::pipelines::tests::world_shader_dispatches_all_thirteen_brdf_constants ... ok
Web Runtime / Build And Contract Tests	UNKNOWN STEP	2026-10-10T18:48:50.4953501Z test runtime::scene::plan::tests::custom_passes_can_interleave_via_dependencies ... ok
Web Runtime / Build And Contract Tests	UNKNOWN STEP	2026-10-10T18:48:50.4958431Z test runtime::scene::plan::tests::dependency_cycles_are_rejected ... ok
Web Runtime / Build And Contract Tests	UNKNOWN STEP	2026-10-10T18:48:50.4962455Z test runtime::scene::plan::tests::duplicate_pass_names_are_rejected ... ok
Web Runtime / Build And Contract Tests	UNKNOWN STEP	2026-10-10T18:48:50.4967165Z test runtime::scene::plan::tests::implicit_passes_compile_in_canonical_order ... ok
Web Runtime / Build And Contract Tests	UNKNOWN STEP	2026-10-10T18:48:50.4971710Z test runtime::scene::plan::tests::unknown_and_forward_dependencies_are_rejected ... ok
Web Runtime / Build And Contract Tests	UNKNOWN STEP	2026-10-10T18:48:50.7328407Z test runtime::ibl::tests::rejects_mode_prepared_mismatch ... ok
Web Runtime / Build And Contract Tests	UNKNOWN STEP	2026-10-10T18:48:50.7358385Z test runtime::ibl::tests::prepared_payload_validates_against_quality_table ... ok
Web Runtime / Build And Contract Tests	UNKNOWN STEP	2026-10-10T18:48:50.7363955Z test runtime::shader_variants::tests::default_runtime_state_selects_ggx_and_directional_only ... ok
Web Runtime / Build And Contract Tests	UNKNOWN STEP	2026-10-10T18:48:50.7403707Z test runtime::shader_variants::tests::clipmap_lod_select_shader_is_valid_wgsl ... ok
Web Runtime / Build And Contract Tests	UNKNOWN STEP	2026-10-10T18:48:50.7740619Z test runtime::shader_variants::tests::absent_environment_and_water_mask_remove_w10_shader_code ... ok
Web Runtime / Build And Contract Tests	UNKNOWN STEP	2026-10-10T18:48:50.7948612Z test runtime::shader_variants::tests::every_material_route_enables_its_effective_shader_case ... ok
Web Runtime / Build And Contract Tests	UNKNOWN STEP	2026-10-10T18:48:51.6958872Z test runtime::ibl::tests::rejects_prepared_size_and_length_mismatch ... ok
Web Runtime / Build And Contract Tests	UNKNOWN STEP	2026-10-10T18:48:51.7092851Z test runtime::shader_variants::tests::full_template_keeps_every_region_and_no_markers ... ok
Web Runtime / Build And Contract Tests	UNKNOWN STEP	2026-10-10T18:48:51.7232450Z test runtime::shader_variants::tests::no_probe_variants_omit_storage_reads_and_bindings ... ok
Web Runtime / Build And Contract Tests	UNKNOWN STEP	2026-10-10T18:48:53.0544881Z test runtime::shader_variants::tests::environment_and_masked_reflection_variants_validate_independently ... ok
Web Runtime / Build And Contract Tests	UNKNOWN STEP	2026-10-10T18:48:53.0552393Z test runtime::shader_variants::tests::preprocessor_handles_if_else_nesting_negation_and_alternatives ... ok
Web Runtime / Build And Contract Tests	UNKNOWN STEP	2026-10-10T18:48:53.2750370Z test runtime::shader_variants::tests::preprocessor_rejects_unknown_features - should panic ... ok
Web Runtime / Build And Contract Tests	UNKNOWN STEP	2026-10-10T18:48:53.2772571Z test runtime::shader_variants::tests::preprocessor_rejects_unterminated_regions - should panic ... ok
Web Runtime / Build And Contract Tests	UNKNOWN STEP	2026-10-10T18:48:53.2777772Z test runtime::shader_variants::tests::shadow_control_lanes_select_filter_and_debug_regions ... ok
Web Runtime / Build And Contract Tests	UNKNOWN STEP	2026-10-10T18:48:53.2870412Z test runtime::shader_variants::tests::specialization_drops_unreachable_regions ... ok
Web Runtime / Build And Contract Tests	UNKNOWN STEP	2026-10-10T18:48:53.2874935Z test runtime::shader_variants::tests::terrain_mode_selects_exactly_one_render_path ... ok
Web Runtime / Build And Contract Tests	UNKNOWN STEP	2026-10-10T18:48:53.2879610Z test runtime::shader_variants::tests::texture_flags_light_kinds_and_debug_bounds_select_regions ... ok
Web Runtime / Build And Contract Tests	UNKNOWN STEP	2026-10-10T18:48:53.6841606Z test runtime::shader_variants::tests::no_w08_variants_contain_no_w08_identifiers ... ok
Web Runtime / Build And Contract Tests	UNKNOWN STEP	2026-10-10T18:48:53.6846973Z test runtime::shadows::tests::caster_falls_back_to_index_when_ids_are_absent ... ok
Web Runtime / Build And Contract Tests	UNKNOWN STEP	2026-10-10T18:48:53.6853479Z test runtime::shadows::tests::comparison_sampler_is_nearest_for_hard_filtering ... ok
Web Runtime / Build And Contract Tests	UNKNOWN STEP	2026-10-10T18:48:53.6859822Z test runtime::shadows::tests::disabled_shadows_report_no_effective_cascades ... ok
Web Runtime / Build And Contract Tests	UNKNOWN STEP	2026-10-10T18:48:53.6864578Z test runtime::shadows::tests::evsm_uses_negative_warp_and_full_rgba32float_range ... ok
Web Runtime / Build And Contract Tests	UNKNOWN STEP	2026-10-10T18:48:53.6869037Z test runtime::shadows::tests::map_size_ladder_downscales_powers_of_two ... ok
Web Runtime / Build And Contract Tests	UNKNOWN STEP	2026-10-10T18:48:53.6874879Z test runtime::shadows::tests::moment_filter_snapshots_require_rgba32float_report ... ok
Web Runtime / Build And Contract Tests	UNKNOWN STEP	2026-10-10T18:48:53.6879728Z test runtime::shadows::tests::msm_uses_the_scaled_hamburger_correction ... ok
Web Runtime / Build And Contract Tests	UNKNOWN STEP	2026-10-10T18:48:53.6884059Z test runtime::shadows::tests::non_directional_and_disabled_casters_are_skipped ... ok
Web Runtime / Build And Contract Tests	UNKNOWN STEP	2026-10-10T18:48:53.6889258Z test runtime::shadows::tests::out_of_volume_projections_are_lit ... ok
Web Runtime / Build And Contract Tests	UNKNOWN STEP	2026-10-10T18:48:53.6894340Z test runtime::shadows::tests::parses_a_valid_shadow_snapshot ... ok
Web Runtime / Build And Contract Tests	UNKNOWN STEP	2026-10-10T18:48:53.6902276Z test runtime::shadows::tests::refresh_uses_the_effective_map_size_for_cascades ... ok
Web Runtime / Build And Contract Tests	UNKNOWN STEP	2026-10-10T18:48:53.6907731Z test runtime::shadows::tests::rejects_csm_as_a_filter_with_pipeline_message ... ok
Web Runtime / Build And Contract Tests	UNKNOWN STEP	2026-10-10T18:48:53.6917415Z test runtime::shadows::tests::rejects_invalid_config_and_csm_values ... ok
Web Runtime / Build And Contract Tests	UNKNOWN STEP	2026-10-10T18:48:53.6925674Z test runtime::shadows::tests::rejects_report_tampering ... ok
Web Runtime / Build And Contract Tests	UNKNOWN STEP	2026-10-10T18:48:53.6930062Z test runtime::shadows::tests::selects_the_first_enabled_shadow_casting_directional ... ok
Web Runtime / Build And Contract Tests	UNKNOWN STEP	2026-10-10T18:48:53.6936612Z test runtime::shadows::tests::shader_sources_cover_all_six_filters_and_debug_views ... ok
Web Runtime / Build And Contract Tests	UNKNOWN STEP	2026-10-10T18:48:53.6941117Z test runtime::shadows::tests::shadow_texture_bytes_matches_the_public_estimate_formula ... ok
Web Runtime / Build And Contract Tests	UNKNOWN STEP	2026-10-10T18:48:53.6945922Z test runtime::terrain::w08_slot_tests::base_constants_match_the_real_layouts ... ok
Web Runtime / Build And Contract Tests	UNKNOWN STEP	2026-10-10T18:48:53.6950333Z test runtime::terrain::w08_slot_tests::keeps_drops_only_the_missing_w08_bindings ... ok
Web Runtime / Build And Contract Tests	UNKNOWN STEP	2026-10-10T18:48:53.6955736Z test runtime::terrain::w08_slot_tests::profiles_never_exceed_the_negotiated_limit ... ok
Web Runtime / Build And Contract Tests	UNKNOWN STEP	2026-10-10T18:48:53.6960378Z test runtime::terrain::w08_slot_tests::untextured_terrain_fits_every_w08_slot_in_the_webgpu_default ... ok
Web Runtime / Build And Contract Tests	UNKNOWN STEP	2026-10-10T18:48:53.6965061Z test runtime::terrain::w08_slot_tests::vt_storage_limits_count_actual_probe_and_base_layouts ... ok
Web Runtime / Build And Contract Tests	UNKNOWN STEP	2026-10-10T18:48:53.6970675Z test runtime::terrain::w08_slot_tests::w10_optional_bindings_fit_their_real_profiles ... ok
Web Runtime / Build And Contract Tests	UNKNOWN STEP	2026-10-10T18:48:53.6976267Z test runtime::terrain_material::tests::disabled_plan_is_tiny_and_reports_disabled ... ok
Web Runtime / Build And Contract Tests	UNKNOWN STEP	2026-10-10T18:48:53.6981521Z test runtime::terrain_material::tests::material_plan_reports_fallbacks_and_approximations ... ok
Web Runtime / Build And Contract Tests	UNKNOWN STEP	2026-10-10T18:48:53.6986595Z test runtime::terrain_material::tests::screen_terrains_without_a_material_pack_the_default_material ... ok
Web Runtime / Build And Contract Tests	UNKNOWN STEP	2026-10-10T18:48:53.6991889Z test runtime::terrain_material::tests::shader_regions_follow_the_enabled_material_features ... ok
Web Runtime / Build And Contract Tests	UNKNOWN STEP	2026-10-10T18:48:53.6997158Z test runtime::terrain_vt::tests::decode_feedback_drops_empty_slots_and_duplicates ... ok
Web Runtime / Build And Contract Tests	UNKNOWN STEP	2026-10-10T18:48:53.7001582Z test runtime::terrain_vt::tests::decode_feedback_of_a_zeroed_ring_is_empty ... ok
Web Runtime / Build And Contract Tests	UNKNOWN STEP	2026-10-10T18:48:53.7005939Z test runtime::terrain_w08::tests::clipmap_vertex_pack_is_terrain_layout ... ok
Web Runtime / Build And Contract Tests	UNKNOWN STEP	2026-10-10T18:48:53.7010142Z test runtime::terrain_w08::tests::lod_select_layouts_match_wgsl ... ok
Web Runtime / Build And Contract Tests	UNKNOWN STEP	2026-10-10T18:48:53.7038746Z test runtime::terrain_w08::tests::shadow_proxy_bytes_match_the_built_mesh ... ok
Web Runtime / Build And Contract Tests	UNKNOWN STEP	2026-10-10T18:48:53.7059750Z test runtime::terrain_w08::tests::streaming_ledger_bytes_cover_the_whole_allocated_atlas ... ok
Web Runtime / Build And Contract Tests	UNKNOWN STEP	2026-10-10T18:48:53.7064491Z test runtime::terrain_w08::tests::terrain_geometry_uniform_layout_matches_wgsl ... ok
Web Runtime / Build And Contract Tests	UNKNOWN STEP	2026-10-10T18:48:53.7069420Z test runtime::tests::color_ramp_uniform_matches_wgsl_uniform_layout_size ... ok
Web Runtime / Build And Contract Tests	UNKNOWN STEP	2026-10-10T18:48:53.7074330Z test runtime::tests::r32float_upload_plan_selects_tight_or_rowwise_by_alignment ... ok
Web Runtime / Build And Contract Tests	UNKNOWN STEP	2026-10-10T18:48:53.7079176Z test runtime::tests::runtime_dispose_guard_uses_stable_error_code ... ok
Web Runtime / Build And Contract Tests	UNKNOWN STEP	2026-10-10T18:48:53.7083538Z test runtime::tests::screenshot_normalization_covers_all_supported_surface_formats ... ok
Web Runtime / Build And Contract Tests	UNKNOWN STEP	2026-10-10T18:48:53.7088107Z test runtime::tests::terrain_edge_skirts_extend_boundary_vertices_below_surface ... ok
Web Runtime / Build And Contract Tests	UNKNOWN STEP	2026-10-10T18:48:53.7092564Z test runtime::textures::tests::textures_layout_has_six_entries_and_two_ledger_keys ... ok
Web Runtime / Build And Contract Tests	UNKNOWN STEP	2026-10-10T18:48:53.7099207Z test runtime::textures::tests::textures_missing_set_yields_empty_flags ... ok
Web Runtime / Build And Contract Tests	UNKNOWN STEP	2026-10-10T18:48:53.7107992Z test runtime::textures::tests::textures_parse_valid_set_and_flags ... ok
Web Runtime / Build And Contract Tests	UNKNOWN STEP	2026-10-10T18:48:53.7121370Z test runtime::textures::tests::textures_reject_anisotropy_without_linear_filters ... ok
Web Runtime / Build And Contract Tests	UNKNOWN STEP	2026-10-10T18:48:53.7127969Z test runtime::textures::tests::textures_reject_mismatched_mip_chain ... ok
Web Runtime / Build And Contract Tests	UNKNOWN STEP	2026-10-10T18:48:53.7134900Z test runtime::textures::tests::textures_reject_srgb_normal_map ... ok
Web Runtime / Build And Contract Tests	UNKNOWN STEP	2026-10-10T18:48:53.7143155Z test runtime::textures::tests::textures_reject_unknown_format_and_bad_sampler ... ok
Web Runtime / Build And Contract Tests	UNKNOWN STEP	2026-10-10T18:48:53.7149830Z test runtime::textures::tests::textures_reject_wrong_level_byte_size ... ok
Web Runtime / Build And Contract Tests	UNKNOWN STEP	2026-10-10T18:48:53.7155098Z test runtime::timing::tests::cpu_fallback_assigns_zero_gpu_time_to_world_passes ... ok
Web Runtime / Build And Contract Tests	UNKNOWN STEP	2026-10-10T18:48:53.7159968Z test runtime::timing::tests::nonfinite_or_negative_group_times_are_rejected ... ok
Web Runtime / Build And Contract Tests	UNKNOWN STEP	2026-10-10T18:48:53.7164433Z test runtime::timing::tests::pass_milliseconds_split_world_time_by_draw_share ... ok
Web Runtime / Build And Contract Tests	UNKNOWN STEP	2026-10-10T18:48:53.7169012Z test runtime::timing::tests::slot_state_flags_drive_busy_fallback_semantics ... ok
Web Runtime / Build And Contract Tests	UNKNOWN STEP	2026-10-10T18:48:53.7173729Z test runtime::vector::tests::dual_source_selection_has_a_truthful_fallback ... ok
Web Runtime / Build And Contract Tests	UNKNOWN STEP	2026-10-10T18:48:53.7178301Z test runtime::vector::tests::malformed_geometry_is_rejected_before_allocation ... ok
Web Runtime / Build And Contract Tests	UNKNOWN STEP	2026-10-10T18:48:53.7396814Z test runtime::vector::tests::projection_and_draw_uniform_offsets_match_rust ... ok
Web Runtime / Build And Contract Tests	UNKNOWN STEP	2026-10-10T18:48:53.7799069Z test runtime::vector::tests::shaders_validate_with_exact_storage_contracts ... ok
Web Runtime / Build And Contract Tests	UNKNOWN STEP	2026-10-10T18:48:53.7805060Z test terrain_material_input::tests::empty_object_resolves_to_native_defaults ... ok
Web Runtime / Build And Contract Tests	UNKNOWN STEP	2026-10-10T18:48:53.7812655Z test terrain_material_input::tests::invalid_values_use_native_messages ... ok
Web Runtime / Build And Contract Tests	UNKNOWN STEP	2026-10-10T18:48:53.7818905Z test terrain_material_input::tests::partial_fields_override_defaults ... ok
Web Runtime / Build And Contract Tests	UNKNOWN STEP	2026-10-10T18:48:53.7823377Z test terrain_material_input::tests::unknown_fields_are_rejected ... ok
Web Runtime / Build And Contract Tests	UNKNOWN STEP	2026-10-10T18:48:56.3630905Z test runtime::shader_variants::tests::w08_terrain_variants_are_valid_wgsl ... ok
Web Runtime / Build And Contract Tests	UNKNOWN STEP	2026-10-10T18:49:02.1813075Z test runtime::shader_variants::tests::every_world_variant_is_valid_wgsl ... ok
Web Runtime / Build And Contract Tests	UNKNOWN STEP	2026-10-10T18:49:38.2186071Z test runtime::shader_variants::tests::every_terrain_variant_is_valid_wgsl ... ok
Web Runtime / Build And Contract Tests	UNKNOWN STEP	2026-10-10T18:49:38.2186722Z 
Web Runtime / Build And Contract Tests	UNKNOWN STEP	2026-10-10T18:49:38.2187363Z test result: ok. 190 passed; 0 failed; 0 ignored; 0 measured; 0 filtered out; finished in 48.19s
Web Runtime / Build And Contract Tests	UNKNOWN STEP	2026-10-10T18:49:38.2187980Z 
Web Runtime / Build And Contract Tests	UNKNOWN STEP	2026-10-10T18:49:38.2269726Z [1m[92m   Doc-tests[0m forge3d_web
Web Runtime / Build And Contract Tests	UNKNOWN STEP	2026-10-10T18:49:39.1036959Z 
Web Runtime / Build And Contract Tests	UNKNOWN STEP	2026-10-10T18:49:39.1037463Z running 0 tests
Web Runtime / Build And Contract Tests	UNKNOWN STEP	2026-10-10T18:49:39.1037708Z 
Web Runtime / Build And Contract Tests	UNKNOWN STEP	2026-10-10T18:49:39.1038079Z test result: ok. 0 passed; 0 failed; 0 ignored; 0 measured; 0 filtered out; finished in 0.00s
Web Runtime / Build And Contract Tests	UNKNOWN STEP	2026-10-10T18:49:39.1038440Z 
Web Runtime / Build And Contract Tests	UNKNOWN STEP	2026-10-10T18:49:39.2448795Z ##[group]Run npm ci --registry=https://registry.npmjs.org
Web Runtime / Build And Contract Tests	UNKNOWN STEP	2026-10-10T18:49:39.2449466Z [36;1mnpm ci --registry=https://registry.npmjs.org[0m
Web Runtime / Build And Contract Tests	UNKNOWN STEP	2026-10-10T18:49:39.2449833Z [36;1mif ($LASTEXITCODE -ne 0) {[0m
Web Runtime / Build And Contract Tests	UNKNOWN STEP	2026-10-10T18:49:39.2450154Z [36;1m  throw "npm ci failed with exit code $LASTEXITCODE"[0m
Web Runtime / Build And Contract Tests	UNKNOWN STEP	2026-10-10T18:49:39.2450464Z [36;1m}[0m
Web Runtime / Build And Contract Tests	UNKNOWN STEP	2026-10-10T18:49:39.2450733Z [36;1mif (-not (Test-Path node_modules/.bin/wasm-pack.cmd)) {[0m
Web Runtime / Build And Contract Tests	UNKNOWN STEP	2026-10-10T18:49:39.2451212Z [36;1m  throw "npm ci completed without installing the wasm-pack command shim"[0m
Web Runtime / Build And Contract Tests	UNKNOWN STEP	2026-10-10T18:49:39.2451582Z [36;1m}[0m
Web Runtime / Build And Contract Tests	UNKNOWN STEP	2026-10-10T18:49:39.2524376Z shell: C:\Program Files\PowerShell\7\pwsh.EXE -command ". '{0}'"
Web Runtime / Build And Contract Tests	UNKNOWN STEP	2026-10-10T18:49:39.2524726Z env:
Web Runtime / Build And Contract Tests	UNKNOWN STEP	2026-10-10T18:49:39.2524919Z   CARGO_TERM_COLOR: always
Web Runtime / Build And Contract Tests	UNKNOWN STEP	2026-10-10T18:49:39.2525139Z   RUST_BACKTRACE: 1
Web Runtime / Build And Contract Tests	UNKNOWN STEP	2026-10-10T18:49:39.2525365Z   CARGO_HOME: C:\Users\runneradmin\.cargo
Web Runtime / Build And Contract Tests	UNKNOWN STEP	2026-10-10T18:49:39.2525625Z   CARGO_INCREMENTAL: 0
Web Runtime / Build And Contract Tests	UNKNOWN STEP	2026-10-10T18:49:39.2525875Z ##[endgroup]
Web Runtime / Build And Contract Tests	UNKNOWN STEP	2026-10-10T18:49:40.4097968Z npm warn EBADENGINE Unsupported engine {
Web Runtime / Build And Contract Tests	UNKNOWN STEP	2026-10-10T18:49:40.4098564Z npm warn EBADENGINE   package: '@wcohen/worker-router@0.0.1',
Web Runtime / Build And Contract Tests	UNKNOWN STEP	2026-10-10T18:49:40.4099376Z npm warn EBADENGINE   required: { node: '>=21' },
Web Runtime / Build And Contract Tests	UNKNOWN STEP	2026-10-10T18:49:40.4099916Z npm warn EBADENGINE   current: { node: 'v20.19.0', npm: '10.8.2' }
Web Runtime / Build And Contract Tests	UNKNOWN STEP	2026-10-10T18:49:40.4100356Z npm warn EBADENGINE }
Web Runtime / Build And Contract Tests	UNKNOWN STEP	2026-10-10T18:49:40.4125895Z npm warn EBADENGINE Unsupported engine {
Web Runtime / Build And Contract Tests	UNKNOWN STEP	2026-10-10T18:49:40.4126459Z npm warn EBADENGINE   package: '@wcohen/worker-router@0.0.2',
Web Runtime / Build And Contract Tests	UNKNOWN STEP	2026-10-10T18:49:40.4126897Z npm warn EBADENGINE   required: { node: '>=21' },
Web Runtime / Build And Contract Tests	UNKNOWN STEP	2026-10-10T18:49:40.4127356Z npm warn EBADENGINE   current: { node: 'v20.19.0', npm: '10.8.2' }
Web Runtime / Build And Contract Tests	UNKNOWN STEP	2026-10-10T18:49:40.4127717Z npm warn EBADENGINE }
Web Runtime / Build And Contract Tests	UNKNOWN STEP	2026-10-10T18:49:43.7069104Z 
Web Runtime / Build And Contract Tests	UNKNOWN STEP	2026-10-10T18:49:43.7069637Z added 103 packages, and audited 104 packages in 4s
Web Runtime / Build And Contract Tests	UNKNOWN STEP	2026-10-10T18:49:43.7070100Z 
Web Runtime / Build And Contract Tests	UNKNOWN STEP	2026-10-10T18:49:43.7070521Z 25 packages are looking for funding
Web Runtime / Build And Contract Tests	UNKNOWN STEP	2026-10-10T18:49:43.7070896Z   run `npm fund` for details
Web Runtime / Build And Contract Tests	UNKNOWN STEP	2026-10-10T18:49:43.7228192Z 
Web Runtime / Build And Contract Tests	UNKNOWN STEP	2026-10-10T18:49:43.7228704Z 7 vulnerabilities (2 moderate, 3 high, 2 critical)
Web Runtime / Build And Contract Tests	UNKNOWN STEP	2026-10-10T18:49:43.7229169Z 
Web Runtime / Build And Contract Tests	UNKNOWN STEP	2026-10-10T18:49:43.7229522Z To address issues that do not require attention, run:
Web Runtime / Build And Contract Tests	UNKNOWN STEP	2026-10-10T18:49:43.7230129Z   npm audit fix
Web Runtime / Build And Contract Tests	UNKNOWN STEP	2026-10-10T18:49:43.7230341Z 
Web Runtime / Build And Contract Tests	UNKNOWN STEP	2026-10-10T18:49:43.7230546Z To address all issues, run:
Web Runtime / Build And Contract Tests	UNKNOWN STEP	2026-10-10T18:49:43.7230982Z   npm audit fix --force
Web Runtime / Build And Contract Tests	UNKNOWN STEP	2026-10-10T18:49:43.7231242Z 
Web Runtime / Build And Contract Tests	UNKNOWN STEP	2026-10-10T18:49:43.7231443Z Run `npm audit` for details.
Web Runtime / Build And Contract Tests	UNKNOWN STEP	2026-10-10T18:49:43.8931951Z ##[group]Run npm run build:wasm
Web Runtime / Build And Contract Tests	UNKNOWN STEP	2026-10-10T18:49:43.8932309Z [36;1mnpm run build:wasm[0m
Web Runtime / Build And Contract Tests	UNKNOWN STEP	2026-10-10T18:49:43.9035803Z shell: C:\Program Files\PowerShell\7\pwsh.EXE -command ". '{0}'"
Web Runtime / Build And Contract Tests	UNKNOWN STEP	2026-10-10T18:49:43.9036149Z env:
Web Runtime / Build And Contract Tests	UNKNOWN STEP	2026-10-10T18:49:43.9036356Z   CARGO_TERM_COLOR: always
Web Runtime / Build And Contract Tests	UNKNOWN STEP	2026-10-10T18:49:43.9036584Z   RUST_BACKTRACE: 1
Web Runtime / Build And Contract Tests	UNKNOWN STEP	2026-10-10T18:49:43.9036806Z   CARGO_HOME: C:\Users\runneradmin\.cargo
Web Runtime / Build And Contract Tests	UNKNOWN STEP	2026-10-10T18:49:43.9037084Z   CARGO_INCREMENTAL: 0
Web Runtime / Build And Contract Tests	UNKNOWN STEP	2026-10-10T18:49:43.9037306Z ##[endgroup]
Web Runtime / Build And Contract Tests	UNKNOWN STEP	2026-10-10T18:49:44.6958509Z 
Web Runtime / Build And Contract Tests	UNKNOWN STEP	2026-10-10T18:49:44.6958968Z > @forge3d/web@1.26.3 build:wasm
Web Runtime / Build And Contract Tests	UNKNOWN STEP	2026-10-10T18:49:44.6959601Z > wasm-pack build . --target web --out-dir pkg --out-name forge3d_web
Web Runtime / Build And Contract Tests	UNKNOWN STEP	2026-10-10T18:49:44.6959956Z 
Web Runtime / Build And Contract Tests	UNKNOWN STEP	2026-10-10T18:49:49.1868024Z [INFO]: Checking for the Wasm target...
Web Runtime / Build And Contract Tests	UNKNOWN STEP	2026-10-10T18:49:49.2764240Z [INFO]: Compiling to Wasm...
Web Runtime / Build And Contract Tests	UNKNOWN STEP	2026-10-10T18:49:49.4880953Z [1m[92m   Compiling[0m unicode-ident v1.0.24
Web Runtime / Build And Contract Tests	UNKNOWN STEP	2026-10-10T18:49:49.4881827Z [1m[92m   Compiling[0m proc-macro2 v1.0.106
Web Runtime / Build And Contract Tests	UNKNOWN STEP	2026-10-10T18:49:49.4882756Z [1m[92m   Compiling[0m quote v1.0.45
Web Runtime / Build And Contract Tests	UNKNOWN STEP	2026-10-10T18:49:49.4884020Z [1m[92m   Compiling[0m wasm-bindgen-shared v0.2.122
Web Runtime / Build And Contract Tests	UNKNOWN STEP	2026-10-10T18:49:49.6153749Z [1m[92m   Compiling[0m cfg-if v1.0.4
Web Runtime / Build And Contract Tests	UNKNOWN STEP	2026-10-10T18:49:49.6822744Z [1m[92m   Compiling[0m rustversion v1.0.22
Web Runtime / Build And Contract Tests	UNKNOWN STEP	2026-10-10T18:49:50.1866283Z [1m[92m   Compiling[0m bumpalo v3.20.3
Web Runtime / Build And Contract Tests	UNKNOWN STEP	2026-10-10T18:49:50.4955003Z [1m[92m   Compiling[0m once_cell v1.21.4
Web Runtime / Build And Contract Tests	UNKNOWN STEP	2026-10-10T18:49:50.6070695Z [1m[92m   Compiling[0m futures-core v0.3.32
Web Runtime / Build And Contract Tests	UNKNOWN STEP	2026-10-10T18:49:50.7617477Z [1m[92m   Compiling[0m libm v0.2.16
Web Runtime / Build And Contract Tests	UNKNOWN STEP	2026-10-10T18:49:51.2136117Z [1m[92m   Compiling[0m wasm-bindgen v0.2.122
Web Runtime / Build And Contract Tests	UNKNOWN STEP	2026-10-10T18:49:51.3788419Z [1m[92m   Compiling[0m syn v2.0.117
Web Runtime / Build And Contract Tests	UNKNOWN STEP	2026-10-10T18:49:51.3889572Z [1m[92m   Compiling[0m autocfg v1.5.1
Web Runtime / Build And Contract Tests	UNKNOWN STEP	2026-10-10T18:49:51.5544316Z [1m[92m   Compiling[0m slab v0.4.12
Web Runtime / Build And Contract Tests	UNKNOWN STEP	2026-10-10T18:49:51.8021735Z [1m[92m   Compiling[0m futures-task v0.3.32
Web Runtime / Build And Contract Tests	UNKNOWN STEP	2026-10-10T18:49:51.9803320Z [1m[92m   Compiling[0m pin-project-lite v0.2.17
Web Runtime / Build And Contract Tests	UNKNOWN STEP	2026-10-10T18:49:51.9831426Z [1m[92m   Compiling[0m num-traits v0.2.19
Web Runtime / Build And Contract Tests	UNKNOWN STEP	2026-10-10T18:49:52.0689852Z [1m[92m   Compiling[0m futures-util v0.3.32
Web Runtime / Build And Contract Tests	UNKNOWN STEP	2026-10-10T18:49:52.6355643Z [1m[92m   Compiling[0m serde_core v1.0.228
Web Runtime / Build And Contract Tests	UNKNOWN STEP	2026-10-10T18:49:53.0996046Z [1m[92m   Compiling[0m smallvec v1.15.1
Web Runtime / Build And Contract Tests	UNKNOWN STEP	2026-10-10T18:49:53.5833684Z [1m[92m   Compiling[0m zerocopy v0.8.50
Web Runtime / Build And Contract Tests	UNKNOWN STEP	2026-10-10T18:49:55.2582537Z [1m[92m   Compiling[0m paste v1.0.15
Web Runtime / Build And Contract Tests	UNKNOWN STEP	2026-10-10T18:49:55.2793111Z [1m[92m   Compiling[0m parking_lot_core v0.9.12
Web Runtime / Build And Contract Tests	UNKNOWN STEP	2026-10-10T18:49:55.5734955Z [1m[92m   Compiling[0m version_check v0.9.5
Web Runtime / Build And Contract Tests	UNKNOWN STEP	2026-10-10T18:49:55.6618102Z [1m[92m   Compiling[0m scopeguard v1.2.0
Web Runtime / Build And Contract Tests	UNKNOWN STEP	2026-10-10T18:49:55.7956133Z [1m[92m   Compiling[0m heapless v0.8.0
Web Runtime / Build And Contract Tests	UNKNOWN STEP	2026-10-10T18:49:55.9899643Z [1m[92m   Compiling[0m pulp v0.22.3
Web Runtime / Build And Contract Tests	UNKNOWN STEP	2026-10-10T18:49:56.1804449Z [1m[92m   Compiling[0m cfg_aliases v0.2.1
Web Runtime / Build And Contract Tests	UNKNOWN STEP	2026-10-10T18:49:56.2427251Z [1m[92m   Compiling[0m byteorder v1.5.0
Web Runtime / Build And Contract Tests	UNKNOWN STEP	2026-10-10T18:49:56.3755919Z [1m[92m   Compiling[0m serde v1.0.228
Web Runtime / Build And Contract Tests	UNKNOWN STEP	2026-10-10T18:49:56.4949206Z [1m[92m   Compiling[0m wasm-bindgen-macro-support v0.2.122
Web Runtime / Build And Contract Tests	UNKNOWN STEP	2026-10-10T18:49:56.8056812Z [1m[92m   Compiling[0m hash32 v0.3.1
Web Runtime / Build And Contract Tests	UNKNOWN STEP	2026-10-10T18:49:56.9779415Z [1m[92m   Compiling[0m wgpu v29.0.3
Web Runtime / Build And Contract Tests	UNKNOWN STEP	2026-10-10T18:49:57.8292058Z [1m[92m   Compiling[0m lock_api v0.4.14
Web Runtime / Build And Contract Tests	UNKNOWN STEP	2026-10-10T18:49:59.1915812Z [1m[92m   Compiling[0m zmij v1.0.21
Web Runtime / Build And Contract Tests	UNKNOWN STEP	2026-10-10T18:49:59.5235742Z [1m[92m   Compiling[0m stable_deref_trait v1.2.1
Web Runtime / Build And Contract Tests	UNKNOWN STEP	2026-10-10T18:49:59.5839677Z [1m[92m   Compiling[0m bitflags v2.12.1
Web Runtime / Build And Contract Tests	UNKNOWN STEP	2026-10-10T18:49:59.5858140Z [1m[92m   Compiling[0m adler2 v2.0.1
Web Runtime / Build And Contract Tests	UNKNOWN STEP	2026-10-10T18:49:59.7460289Z [1m[92m   Compiling[0m pulp-wasm-simd-flag v0.1.1
Web Runtime / Build And Contract Tests	UNKNOWN STEP	2026-10-10T18:49:59.8210104Z [1m[92m   Compiling[0m raw-window-handle v0.6.2
Web Runtime / Build And Contract Tests	UNKNOWN STEP	2026-10-10T18:49:59.8234113Z [1m[92m   Compiling[0m bytemuck_derive v1.10.2
Web Runtime / Build And Contract Tests	UNKNOWN STEP	2026-10-10T18:50:00.0661613Z [1m[92m   Compiling[0m zerocopy-derive v0.8.50
Web Runtime / Build And Contract Tests	UNKNOWN STEP	2026-10-10T18:50:00.1931622Z [1m[92m   Compiling[0m serde_derive v1.0.228
Web Runtime / Build And Contract Tests	UNKNOWN STEP	2026-10-10T18:50:01.6835756Z [1m[92m   Compiling[0m bytemuck v1.25.0
Web Runtime / Build And Contract Tests	UNKNOWN STEP	2026-10-10T18:50:02.0690846Z [1m[92m   Compiling[0m num-complex v0.4.6
Web Runtime / Build And Contract Tests	UNKNOWN STEP	2026-10-10T18:50:02.9040361Z [1m[92m   Compiling[0m simd-adler32 v0.3.10
Web Runtime / Build And Contract Tests	UNKNOWN STEP	2026-10-10T18:50:03.1054365Z [1m[92m   Compiling[0m wasm-bindgen-macro v0.2.122
Web Runtime / Build And Contract Tests	UNKNOWN STEP	2026-10-10T18:50:03.9322628Z [1m[92m   Compiling[0m reborrow v0.5.5
Web Runtime / Build And Contract Tests	UNKNOWN STEP	2026-10-10T18:50:04.0165239Z [1m[92m   Compiling[0m foldhash v0.2.0
Web Runtime / Build And Contract Tests	UNKNOWN STEP	2026-10-10T18:50:04.2866636Z [1m[92m   Compiling[0m litrs v1.0.0
Web Runtime / Build And Contract Tests	UNKNOWN STEP	2026-10-10T18:50:05.1038158Z [1m[92m   Compiling[0m thiserror v1.0.69
Web Runtime / Build And Contract Tests	UNKNOWN STEP	2026-10-10T18:50:05.1622698Z [1m[92m   Compiling[0m log v0.4.32
Web Runtime / Build And Contract Tests	UNKNOWN STEP	2026-10-10T18:50:05.5490239Z [1m[92m   Compiling[0m document-features v0.2.12
Web Runtime / Build And Contract Tests	UNKNOWN STEP	2026-10-10T18:50:06.1163447Z [1m[92m   Compiling[0m js-sys v0.3.99
Web Runtime / Build And Contract Tests	UNKNOWN STEP	2026-10-10T18:50:06.3207028Z [1m[92m   Compiling[0m hashbrown v0.16.1
Web Runtime / Build And Contract Tests	UNKNOWN STEP	2026-10-10T18:50:07.4037618Z [1m[92m   Compiling[0m zune-inflate v0.2.54
Web Runtime / Build And Contract Tests	UNKNOWN STEP	2026-10-10T18:50:08.1587542Z [1m[92m   Compiling[0m thiserror-impl v1.0.69
Web Runtime / Build And Contract Tests	UNKNOWN STEP	2026-10-10T18:50:08.8952265Z [1m[92m   Compiling[0m half v2.7.1
Web Runtime / Build And Contract Tests	UNKNOWN STEP	2026-10-10T18:50:09.5277713Z [1m[92m   Compiling[0m miniz_oxide v0.8.9
Web Runtime / Build And Contract Tests	UNKNOWN STEP	2026-10-10T18:50:10.2041614Z [1m[92m   Compiling[0m parking_lot v0.12.5
Web Runtime / Build And Contract Tests	UNKNOWN STEP	2026-10-10T18:50:10.7006821Z [1m[92m   Compiling[0m static_assertions v1.1.0
Web Runtime / Build And Contract Tests	UNKNOWN STEP	2026-10-10T18:50:10.7672667Z [1m[92m   Compiling[0m serde_json v1.0.150
Web Runtime / Build And Contract Tests	UNKNOWN STEP	2026-10-10T18:50:11.0360003Z [1m[92m   Compiling[0m profiling v1.0.18
Web Runtime / Build And Contract Tests	UNKNOWN STEP	2026-10-10T18:50:11.0967759Z [1m[92m   Compiling[0m arrayvec v0.7.6
Web Runtime / Build And Contract Tests	UNKNOWN STEP	2026-10-10T18:50:11.2146707Z [1m[92m   Compiling[0m lebe v0.5.3
Web Runtime / Build And Contract Tests	UNKNOWN STEP	2026-10-10T18:50:11.3938842Z [1m[92m   Compiling[0m bit_field v0.10.3
Web Runtime / Build And Contract Tests	UNKNOWN STEP	2026-10-10T18:50:11.5056776Z [1m[92m   Compiling[0m rstar v0.12.2
Web Runtime / Build And Contract Tests	UNKNOWN STEP	2026-10-10T18:50:11.5976714Z [1m[92m   Compiling[0m exr v1.74.2
Web Runtime / Build And Contract Tests	UNKNOWN STEP	2026-10-10T18:50:12.1934944Z [1m[92m   Compiling[0m async-trait v0.1.89
Web Runtime / Build And Contract Tests	UNKNOWN STEP	2026-10-10T18:50:12.2387683Z [1m[92m   Compiling[0m memchr v2.8.1
Web Runtime / Build And Contract Tests	UNKNOWN STEP	2026-10-10T18:50:13.1333230Z [1m[92m   Compiling[0m glam v0.24.2
Web Runtime / Build And Contract Tests	UNKNOWN STEP	2026-10-10T18:50:13.7097427Z [1m[92m   Compiling[0m itoa v1.0.18
Web Runtime / Build And Contract Tests	UNKNOWN STEP	2026-10-10T18:50:17.1182988Z [1m[92m   Compiling[0m console_error_panic_hook v0.1.7
Web Runtime / Build And Contract Tests	UNKNOWN STEP	2026-10-10T18:50:20.2789009Z [1m[92m   Compiling[0m web-sys v0.3.99
Web Runtime / Build And Contract Tests	UNKNOWN STEP	2026-10-10T18:50:20.2790746Z [1m[92m   Compiling[0m wasm-bindgen-futures v0.4.72
Web Runtime / Build And Contract Tests	UNKNOWN STEP	2026-10-10T18:50:20.3503259Z [1m[92m   Compiling[0m serde-wasm-bindgen v0.6.5
Web Runtime / Build And Contract Tests	UNKNOWN STEP	2026-10-10T18:50:31.7388507Z [1m[92m   Compiling[0m wgpu-types v29.0.3
Web Runtime / Build And Contract Tests	UNKNOWN STEP	2026-10-10T18:50:41.3936355Z [1m[92m   Compiling[0m forge3d-core v1.26.3 (D:\a\forge3d-web\forge3d-web\crates\forge3d-core)
Web Runtime / Build And Contract Tests	UNKNOWN STEP	2026-10-10T18:51:08.5976447Z [1m[92m   Compiling[0m forge3d-web v1.26.3 (D:\a\forge3d-web\forge3d-web\crates\forge3d-web)
Web Runtime / Build And Contract Tests	UNKNOWN STEP	2026-10-10T18:51:50.7272940Z [1m[92m    Finished[0m `release` profile [optimized] target(s) in 2m 01s
Web Runtime / Build And Contract Tests	UNKNOWN STEP	2026-10-10T18:51:50.7546935Z [INFO]: Installing wasm-bindgen...
Web Runtime / Build And Contract Tests	UNKNOWN STEP	2026-10-10T18:51:53.1924235Z [INFO]: Optimizing wasm binaries with `wasm-opt`...
Web Runtime / Build And Contract Tests	UNKNOWN STEP	2026-10-10T18:52:13.9418473Z [INFO]: :-) Done in 2m 24s
Web Runtime / Build And Contract Tests	UNKNOWN STEP	2026-10-10T18:52:13.9418921Z [INFO]: :-) Your wasm pkg is ready to publish at pkg.
Web Runtime / Build And Contract Tests	UNKNOWN STEP	2026-10-10T18:52:14.0778486Z ##[group]Run npm run test:unit
Web Runtime / Build And Contract Tests	UNKNOWN STEP	2026-10-10T18:52:14.0778852Z [36;1mnpm run test:unit[0m
Web Runtime / Build And Contract Tests	UNKNOWN STEP	2026-10-10T18:52:14.0851687Z shell: C:\Program Files\PowerShell\7\pwsh.EXE -command ". '{0}'"
Web Runtime / Build And Contract Tests	UNKNOWN STEP	2026-10-10T18:52:14.0852036Z env:
Web Runtime / Build And Contract Tests	UNKNOWN STEP	2026-10-10T18:52:14.0852222Z   CARGO_TERM_COLOR: always
Web Runtime / Build And Contract Tests	UNKNOWN STEP	2026-10-10T18:52:14.0852440Z   RUST_BACKTRACE: 1
Web Runtime / Build And Contract Tests	UNKNOWN STEP	2026-10-10T18:52:14.0852669Z   CARGO_HOME: C:\Users\runneradmin\.cargo
Web Runtime / Build And Contract Tests	UNKNOWN STEP	2026-10-10T18:52:14.0852939Z   CARGO_INCREMENTAL: 0
Web Runtime / Build And Contract Tests	UNKNOWN STEP	2026-10-10T18:52:14.0853154Z ##[endgroup]
Web Runtime / Build And Contract Tests	UNKNOWN STEP	2026-10-10T18:52:14.8871514Z 
Web Runtime / Build And Contract Tests	UNKNOWN STEP	2026-10-10T18:52:14.8872112Z > @forge3d/web@1.26.3 test:unit
Web Runtime / Build And Contract Tests	UNKNOWN STEP	2026-10-10T18:52:14.8872646Z > vitest run
Web Runtime / Build And Contract Tests	UNKNOWN STEP	2026-10-10T18:52:14.8872852Z 
Web Runtime / Build And Contract Tests	UNKNOWN STEP	2026-10-10T18:52:15.4573868Z 
Web Runtime / Build And Contract Tests	UNKNOWN STEP	2026-10-10T18:52:15.4577511Z [1m[46m RUN [49m[22m [36mv4.0.18 [39m[90mD:/a/forge3d-web/forge3d-web/crates/forge3d-web[39m
Web Runtime / Build And Contract Tests	UNKNOWN STEP	2026-10-10T18:52:15.4578345Z 
Web Runtime / Build And Contract Tests	UNKNOWN STEP	2026-10-10T18:52:19.3999733Z  [32m✓[39m tests/unit/textures.test.ts [2m([22m[2m42 tests[22m[2m)[22m[32m 58[2mms[22m[39m
Web Runtime / Build And Contract Tests	UNKNOWN STEP	2026-10-10T18:52:19.4812264Z  [32m✓[39m tests/unit/session.test.ts [2m([22m[2m24 tests[22m[2m)[22m[32m 168[2mms[22m[39m
Web Runtime / Build And Contract Tests	UNKNOWN STEP	2026-10-10T18:52:20.2336653Z  [32m✓[39m tests/unit/scene.test.ts [2m([22m[2m33 tests[22m[2m)[22m[32m 73[2mms[22m[39m
Web Runtime / Build And Contract Tests	UNKNOWN STEP	2026-10-10T18:52:21.1148113Z  [32m✓[39m tests/unit/terrain-dataset.test.ts [2m([22m[2m38 tests[22m[2m)[22m[32m 168[2mms[22m[39m
Web Runtime / Build And Contract Tests	UNKNOWN STEP	2026-10-10T18:52:22.1938498Z  [32m✓[39m tests/unit/range-scheduler.test.ts [2m([22m[2m27 tests[22m[2m)[22m[32m 187[2mms[22m[39m
Web Runtime / Build And Contract Tests	UNKNOWN STEP	2026-10-10T18:52:24.4481019Z  [32m✓[39m tests/unit/viewer.test.ts [2m([22m[2m45 tests[22m[2m)[22m[33m 5113[2mms[22m[39m
Web Runtime / Build And Contract Tests	UNKNOWN STEP	2026-10-10T18:52:24.4483308Z      [33m[2m✓[22m[39m clears failed labels and uses only the caller channel for capture and replacement errors [33m 3390[2mms[22m[39m
Web Runtime / Build And Contract Tests	UNKNOWN STEP	2026-10-10T18:52:25.2934548Z  [32m✓[39m tests/unit/label-workflows.test.ts [2m([22m[2m52 tests[22m[2m)[22m[32m 222[2mms[22m[39m
Web Runtime / Build And Contract Tests	UNKNOWN STEP	2026-10-10T18:52:25.3160367Z  [32m✓[39m tests/unit/worker-renderer.test.ts [2m([22m[2m12 tests[22m[2m)[22m[33m 2316[2mms[22m[39m
Web Runtime / Build And Contract Tests	UNKNOWN STEP	2026-10-10T18:52:25.3173952Z      [33m[2m✓[22m[39m leaves no listeners or pointers after 30 cycles [33m 1854[2mms[22m[39m
Web Runtime / Build And Contract Tests	UNKNOWN STEP	2026-10-10T18:52:26.0815244Z  [32m✓[39m tests/unit/viewer-controls.test.ts [2m([22m[2m15 tests[22m[2m)[22m[32m 72[2mms[22m[39m
Web Runtime / Build And Contract Tests	UNKNOWN STEP	2026-10-10T18:52:27.0656257Z  [32m✓[39m tests/unit/terrain-streaming.test.ts [2m([22m[2m20 tests[22m[2m)[22m[32m 284[2mms[22m[39m
Web Runtime / Build And Contract Tests	UNKNOWN STEP	2026-10-10T18:52:27.8918693Z  [32m✓[39m tests/unit/lighting.test.ts [2m([22m[2m23 tests[22m[2m)[22m[32m 38[2mms[22m[39m
Web Runtime / Build And Contract Tests	UNKNOWN STEP	2026-10-10T18:52:28.7074970Z  [32m✓[39m tests/unit/camera-controllers.test.ts [2m([22m[2m14 tests[22m[2m)[22m[32m 38[2mms[22m[39m
Web Runtime / Build And Contract Tests	UNKNOWN STEP	2026-10-10T18:52:29.4094061Z  [32m✓[39m tests/unit/ibl.test.ts [2m([22m[2m34 tests[22m[2m)[22m[33m 9262[2mms[22m[39m
Web Runtime / Build And Contract Tests	UNKNOWN STEP	2026-10-10T18:52:29.4136360Z      [33m[2m✓[22m[39m round-trips prepared payloads through cache storage byte-identically [33m 4106[2mms[22m[39m
Web Runtime / Build And Contract Tests	UNKNOWN STEP	2026-10-10T18:52:29.4408336Z      [33m[2m✓[22m[39m round-trips through OPFS [33m 1166[2mms[22m[39m
Web Runtime / Build And Contract Tests	UNKNOWN STEP	2026-10-10T18:52:29.4577163Z      [33m[2m✓[22m[39m reports a miss then a hit with byte-identical payloads [33m 1961[2mms[22m[39m
Web Runtime / Build And Contract Tests	UNKNOWN STEP	2026-10-10T18:52:29.4670006Z      [33m[2m✓[22m[39m treats a higher-quality cached entry as a miss [33m 1233[2mms[22m[39m
Web Runtime / Build And Contract Tests	UNKNOWN STEP	2026-10-10T18:52:31.0218737Z  [32m✓[39m tests/unit/w16-tiles.test.ts [2m([22m[2m18 tests[22m[2m)[22m[33m 587[2mms[22m[39m
Web Runtime / Build And Contract Tests	UNKNOWN STEP	2026-10-10T18:52:31.0246589Z      [33m[2m✓[22m[39m matches 256 branching native tile camera records across ADD, REPLACE, mixed and inherited refinement [33m 363[2mms[22m[39m
Web Runtime / Build And Contract Tests	UNKNOWN STEP	2026-10-10T18:52:31.6146722Z  [31m❯[39m tests/unit/w16-pointcloud.test.ts [2m([22m[2m28 tests[22m[2m | [22m[31m1 failed[39m[2m)[22m[33m 5581[2mms[22m[39m
Web Runtime / Build And Contract Tests	UNKNOWN STEP	2026-10-10T18:52:31.6179816Z      [32m✓[39m rejects LAZ dispatch without a terminable worker and validates timeout bounds[32m 10[2mms[22m[39m
Web Runtime / Build And Contract Tests	UNKNOWN STEP	2026-10-10T18:52:31.6181776Z      [32m✓[39m expires queued jobs and aborts queued jobs without transferring their input[32m 9[2mms[22m[39m
Web Runtime / Build And Contract Tests	UNKNOWN STEP	2026-10-10T18:52:31.6183366Z      [32m✓[39m terminates owned workers on dispose and clears all job timers[32m 3[2mms[22m[39m
Web Runtime / Build And Contract Tests	UNKNOWN STEP	2026-10-10T18:52:31.6184900Z      [32m✓[39m rejects queued native work if a replacement factory downgrades to a bare port[32m 2[2mms[22m[39m
Web Runtime / Build And Contract Tests	UNKNOWN STEP	2026-10-10T18:52:31.6186463Z      [32m✓[39m retains immutable point arrays after another owner releases its handle[32m 1[2mms[22m[39m
Web Runtime / Build And Contract Tests	UNKNOWN STEP	2026-10-10T18:52:31.6188403Z      [32m✓[39m interleaves colors/default white and historical viewer stride exactly[32m 1[2mms[22m[39m
Web Runtime / Build And Contract Tests	UNKNOWN STEP	2026-10-10T18:52:31.6189929Z      [32m✓[39m rejects malformed arrays and protects owned buffers on transfer/disposal[32m 3[2mms[22m[39m
Web Runtime / Build And Contract Tests	UNKNOWN STEP	2026-10-10T18:52:31.6191361Z      [32m✓[39m computes asymmetric octant bounds, parents, keys and SSE[32m 2[2mms[22m[39m
Web Runtime / Build And Contract Tests	UNKNOWN STEP	2026-10-10T18:52:31.6192729Z      [32m✓[39m LRU pressure cannot exceed budget or evict on failed admission[32m 1[2mms[22m[39m
Web Runtime / Build And Contract Tests	UNKNOWN STEP	2026-10-10T18:52:31.6194198Z      [32m✓[39m adaptive budget responds to sustained p95 with hysteresis and hard bounds[32m 1[2mms[22m[39m
Web Runtime / Build And Contract Tests	UNKNOWN STEP	2026-10-10T18:52:31.6195789Z      [32m✓[39m rejects real chunk truncation and forged layer lengths before native allocation[32m 2[2mms[22m[39m
Web Runtime / Build And Contract Tests	UNKNOWN STEP	2026-10-10T18:52:31.6197570Z      [32m✓[39m uses LAS offsets, record format flag and independent fixture bounds[32m 67[2mms[22m[39m
Web Runtime / Build And Contract Tests	UNKNOWN STEP	2026-10-10T18:52:31.6199006Z      [32m✓[39m parses exact format 2 RGB/intensity/classification offsets[32m 2[2mms[22m[39m
Web Runtime / Build And Contract Tests	UNKNOWN STEP	2026-10-10T18:52:31.6200338Z      [32m✓[39m parses exact format 3 RGB/intensity/classification offsets[32m 1[2mms[22m[39m
Web Runtime / Build And Contract Tests	UNKNOWN STEP	2026-10-10T18:52:31.6201637Z      [32m✓[39m parses exact format 6 RGB/intensity/classification offsets[32m 0[2mms[22m[39m
Web Runtime / Build And Contract Tests	UNKNOWN STEP	2026-10-10T18:52:31.6202972Z      [32m✓[39m parses exact format 7 RGB/intensity/classification offsets[32m 0[2mms[22m[39m
Web Runtime / Build And Contract Tests	UNKNOWN STEP	2026-10-10T18:52:31.6204393Z      [32m✓[39m parses exact format 8 RGB/intensity/classification offsets[32m 0[2mms[22m[39m
Web Runtime / Build And Contract Tests	UNKNOWN STEP	2026-10-10T18:52:31.6205936Z      [32m✓[39m preserves hierarchy page references and empty parents, rejects truncation/unsafe u64[32m 1[2mms[22m[39m
Web Runtime / Build And Contract Tests	UNKNOWN STEP	2026-10-10T18:52:31.6207832Z      [32m✓[39m binary EPT dimensions preserve source precision, reordering and scale[32m 77[2mms[22m[39m
Web Runtime / Build And Contract Tests	UNKNOWN STEP	2026-10-10T18:52:31.6234324Z      [32m✓[39m never descends below an additive node rejected by budget[32m 10[2mms[22m[39m
Web Runtime / Build And Contract Tests	UNKNOWN STEP	2026-10-10T18:52:31.6385410Z      [32m✓[39m reproduces native leaf priority and enforces budget inside a node[32m 6[2mms[22m[39m
Web Runtime / Build And Contract Tests	UNKNOWN STEP	2026-10-10T18:52:31.6504174Z      [32m✓[39m culls a WebGPU frustum and honors maximum depth / zero budget[32m 1[2mms[22m[39m
Web Runtime / Build And Contract Tests	UNKNOWN STEP	2026-10-10T18:52:31.6507746Z      [32m✓[39m cancel/failed update retains prior selection and disposal releases owned data[32m 4[2mms[22m[39m
Web Runtime / Build And Contract Tests	UNKNOWN STEP	2026-10-10T18:52:31.6559948Z      [32m✓[39m COPC opens from a ranged Blob, metadata bounded and cached[32m 10[2mms[22m[39m
Web Runtime / Build And Contract Tests	UNKNOWN STEP	2026-10-10T18:52:31.6657382Z      [32m✓[39m EPT relative resources and lazy pages use the W02 byte adapters[32m 100[2mms[22m[39m
Web Runtime / Build And Contract Tests	UNKNOWN STEP	2026-10-10T18:52:31.6684233Z [31m     [31m×[31m matches recorded real-data native camera keys/counts and quantized SSE exactly[39m[33m 5233[2mms[22m[39m
Web Runtime / Build And Contract Tests	UNKNOWN STEP	2026-10-10T18:52:31.6714182Z      [32m✓[39m shares lazy EPT pages while cancelling one subscriber and preserving the other[32m 10[2mms[22m[39m
Web Runtime / Build And Contract Tests	UNKNOWN STEP	2026-10-10T18:52:31.6730825Z      [32m✓[39m reopens EPT from owned persistent bytes offline and normalizes midflight IO cancellation[32m 19[2mms[22m[39m
Web Runtime / Build And Contract Tests	UNKNOWN STEP	2026-10-10T18:52:32.2603435Z  [32m✓[39m tests/unit/labels.test.ts [2m([22m[2m74 tests[22m[2m)[22m[33m 2831[2mms[22m[39m
Web Runtime / Build And Contract Tests	UNKNOWN STEP	2026-10-10T18:52:32.2605339Z      [33m[2m✓[22m[39m makes world glyph triangles with depth and actual camera projection [33m 678[2mms[22m[39m
Web Runtime / Build And Contract Tests	UNKNOWN STEP	2026-10-10T18:52:32.2608748Z      [33m[2m✓[22m[39m compiles a 200000-vertex polygon without spreading vertices into the JS stack [33m 1458[2mms[22m[39m
Web Runtime / Build And Contract Tests	UNKNOWN STEP	2026-10-10T18:52:32.5232554Z  [32m✓[39m tests/unit/browser-resources.test.ts [2m([22m[2m19 tests[22m[2m)[22m[32m 58[2mms[22m[39m
Web Runtime / Build And Contract Tests	UNKNOWN STEP	2026-10-10T18:52:33.5160230Z  [32m✓[39m tests/unit/w15-geometry.test.ts [2m([22m[2m33 tests[22m[2m)[22m[32m 261[2mms[22m[39m
Web Runtime / Build And Contract Tests	UNKNOWN STEP	2026-10-10T18:52:33.7332923Z  [32m✓[39m tests/unit/cog.test.ts [2m([22m[2m19 tests[22m[2m)[22m[33m 677[2mms[22m[39m
Web Runtime / Build And Contract Tests	UNKNOWN STEP	2026-10-10T18:52:34.2343305Z  [32m✓[39m tests/unit/renderer-config.test.ts [2m([22m[2m16 tests[22m[2m)[22m[32m 31[2mms[22m[39m
Web Runtime / Build And Contract Tests	UNKNOWN STEP	2026-10-10T18:52:34.5282607Z  [32m✓[39m tests/unit/shadows.test.ts [2m([22m[2m23 tests[22m[2m)[22m[32m 36[2mms[22m[39m
Web Runtime / Build And Contract Tests	UNKNOWN STEP	2026-10-10T18:52:34.9760640Z  [32m✓[39m tests/unit/camera.test.ts [2m([22m[2m18 tests[22m[2m)[22m[32m 36[2mms[22m[39m
Web Runtime / Build And Contract Tests	UNKNOWN STEP	2026-10-10T18:52:35.7372896Z  [32m✓[39m tests/unit/materials.test.ts [2m([22m[2m18 tests[22m[2m)[22m[32m 32[2mms[22m[39m
Web Runtime / Build And Contract Tests	UNKNOWN STEP	2026-10-10T18:52:36.5131337Z  [32m✓[39m tests/unit/camera-rigs.test.ts [2m([22m[2m38 tests[22m[2m)[22m[33m 4802[2mms[22m[39m
Web Runtime / Build And Contract Tests	UNKNOWN STEP	2026-10-10T18:52:36.5171114Z      [33m[2m✓[22m[39m never violates the minimum at any playback time [33m 3975[2mms[22m[39m
Web Runtime / Build And Contract Tests	UNKNOWN STEP	2026-10-10T18:52:37.4428649Z  [32m✓[39m tests/unit/byte-cache.test.ts [2m([22m[2m16 tests[22m[2m)[22m[32m 73[2mms[22m[39m
Web Runtime / Build And Contract Tests	UNKNOWN STEP	2026-10-10T18:52:37.4690936Z  [32m✓[39m tests/unit/w15-native-contracts.test.ts [2m([22m[2m13 tests[22m[2m)[22m[33m 582[2mms[22m[39m
Web Runtime / Build And Contract Tests	UNKNOWN STEP	2026-10-10T18:52:38.9353377Z  [32m✓[39m tests/unit/w14-crs.test.ts [2m([22m[2m27 tests[22m[2m)[22m[33m 3598[2mms[22m[39m
Web Runtime / Build And Contract Tests	UNKNOWN STEP	2026-10-10T18:52:38.9414065Z      [33m[2m✓[22m[39m aligns north-up and rotated raster origins, preserving elevation and caller data [33m 508[2mms[22m[39m
Web Runtime / Build And Contract Tests	UNKNOWN STEP	2026-10-10T18:52:38.9552616Z      [33m[2m✓[22m[39m supports empty arrays, copied identity, XYZ/T and 10000 points [33m 842[2mms[22m[39m
Web Runtime / Build And Contract Tests	UNKNOWN STEP	2026-10-10T18:52:38.9624773Z      [33m[2m✓[22m[39m does not leak native allocations on repeated success and failure [33m 886[2mms[22m[39m
Web Runtime / Build And Contract Tests	UNKNOWN STEP	2026-10-10T18:52:39.1572729Z  [32m✓[39m tests/unit/environment.test.ts [2m([22m[2m20 tests[22m[2m)[22m[33m 916[2mms[22m[39m
Web Runtime / Build And Contract Tests	UNKNOWN STEP	2026-10-10T18:52:39.1574977Z      [33m[2m✓[22m[39m matches six independently executed native fields including ground locking [33m 636[2mms[22m[39m
Web Runtime / Build And Contract Tests	UNKNOWN STEP	2026-10-10T18:52:39.9530260Z  [32m✓[39m tests/unit/camera-animation.test.ts [2m([22m[2m14 tests[22m[2m)[22m[32m 46[2mms[22m[39m
Web Runtime / Build And Contract Tests	UNKNOWN STEP	2026-10-10T18:52:39.9532428Z  [32m✓[39m tests/unit/w15-io.test.ts [2m([22m[2m19 tests[22m[2m)[22m[32m 260[2mms[22m[39m
Web Runtime / Build And Contract Tests	UNKNOWN STEP	2026-10-10T18:52:40.6849323Z  [32m✓[39m tests/unit/browser-io.test.ts [2m([22m[2m20 tests[22m[2m)[22m[32m 87[2mms[22m[39m
Web Runtime / Build And Contract Tests	UNKNOWN STEP	2026-10-10T18:52:40.7983730Z  [32m✓[39m tests/unit/w15-buildings.test.ts [2m([22m[2m26 tests[22m[2m)[22m[32m 129[2mms[22m[39m
Web Runtime / Build And Contract Tests	UNKNOWN STEP	2026-10-10T18:52:41.8565553Z  [32m✓[39m tests/unit/terrain-scatter.test.ts [2m([22m[2m14 tests[22m[2m)[22m[33m 450[2mms[22m[39m
Web Runtime / Build And Contract Tests	UNKNOWN STEP	2026-10-10T18:52:41.8630883Z      [33m[2m✓[22m[39m simplifies a dense native HLOD cell beyond the removed 4096-triangle cap [33m 328[2mms[22m[39m
Web Runtime / Build And Contract Tests	UNKNOWN STEP	2026-10-10T18:52:42.0494811Z  [32m✓[39m tests/unit/w06-frames.test.ts [2m([22m[2m8 tests[22m[2m)[22m[33m 487[2mms[22m[39m
Web Runtime / Build And Contract Tests	UNKNOWN STEP	2026-10-10T18:52:42.0496482Z      [33m[2m✓[22m[39m muxes identical chunks to identical bytes regardless of wall-clock time [33m 344[2mms[22m[39m
Web Runtime / Build And Contract Tests	UNKNOWN STEP	2026-10-10T18:52:42.6475539Z  [32m✓[39m tests/unit/viewer-camera.test.ts [2m([22m[2m5 tests[22m[2m)[22m[32m 86[2mms[22m[39m
Web Runtime / Build And Contract Tests	UNKNOWN STEP	2026-10-10T18:52:42.9685180Z  [32m✓[39m tests/unit/w14-datasets.test.ts [2m([22m[2m10 tests[22m[2m)[22m[33m 4795[2mms[22m[39m
Web Runtime / Build And Contract Tests	UNKNOWN STEP	2026-10-10T18:52:42.9688916Z      [33m[2m✓[22m[39m loads native DEM and boundaries exactly, with defensive typed buffers [33m 2307[2mms[22m[39m
Web Runtime / Build And Contract Tests	UNKNOWN STEP	2026-10-10T18:52:42.9694928Z      [33m[2m✓[22m[39m caches exact bytes across instances, refuses offline misses and corrupted entries [33m 2385[2mms[22m[39m
Web Runtime / Build And Contract Tests	UNKNOWN STEP	2026-10-10T18:52:43.0463311Z  [32m✓[39m tests/unit/message-protocol.test.ts [2m([22m[2m12 tests[22m[2m)[22m[32m 197[2mms[22m[39m
Web Runtime / Build And Contract Tests	UNKNOWN STEP	2026-10-10T18:52:43.4946970Z  [32m✓[39m tests/unit/playwright-project-metadata.test.ts [2m([22m[2m16 tests[22m[2m)[22m[32m 20[2mms[22m[39m
Web Runtime / Build And Contract Tests	UNKNOWN STEP	2026-10-10T18:52:43.5381726Z  [32m✓[39m tests/unit/display-adapters.test.ts [2m([22m[2m7 tests[22m[2m)[22m[32m 218[2mms[22m[39m
Web Runtime / Build And Contract Tests	UNKNOWN STEP	2026-10-10T18:52:43.7656142Z  [32m✓[39m tests/unit/w06-offline.test.ts [2m([22m[2m9 tests[22m[2m)[22m[32m 27[2mms[22m[39m
Web Runtime / Build And Contract Tests	UNKNOWN STEP	2026-10-10T18:52:44.2921717Z  [32m✓[39m tests/unit/vector.test.ts [2m([22m[2m13 tests[22m[2m)[22m[32m 70[2mms[22m[39m
Web Runtime / Build And Contract Tests	UNKNOWN STEP	2026-10-10T18:52:44.3479894Z  [32m✓[39m tests/unit/terrain-overlays.test.ts [2m([22m[2m14 tests[22m[2m)[22m[32m 28[2mms[22m[39m
Web Runtime / Build And Contract Tests	UNKNOWN STEP	2026-10-10T18:52:44.6638511Z  [32m✓[39m tests/unit/terrain-material.test.ts [2m([22m[2m7 tests[22m[2m)[22m[32m 26[2mms[22m[39m
Web Runtime / Build And Contract Tests	UNKNOWN STEP	2026-10-10T18:52:45.1144812Z  [32m✓[39m tests/unit/memory-policy.test.ts [2m([22m[2m9 tests[22m[2m)[22m[32m 14[2mms[22m[39m
Web Runtime / Build And Contract Tests	UNKNOWN STEP	2026-10-10T18:52:45.1214724Z  [32m✓[39m tests/unit/offscreen-renderer.test.ts [2m([22m[2m9 tests[22m[2m)[22m[32m 41[2mms[22m[39m
Web Runtime / Build And Contract Tests	UNKNOWN STEP	2026-10-10T18:52:45.8088574Z  [32m✓[39m tests/unit/terrain-vt.test.ts [2m([22m[2m10 tests[22m[2m)[22m[32m 14[2mms[22m[39m
Web Runtime / Build And Contract Tests	UNKNOWN STEP	2026-10-10T18:52:46.1426338Z  [32m✓[39m tests/unit/playwright-config.test.ts [2m([22m[2m7 tests[22m[2m)[22m[32m 24[2mms[22m[39m
Web Runtime / Build And Contract Tests	UNKNOWN STEP	2026-10-10T18:52:46.5166406Z  [32m✓[39m tests/unit/resize-controller.test.ts [2m([22m[2m5 tests[22m[2m)[22m[32m 16[2mms[22m[39m
Web Runtime / Build And Contract Tests	UNKNOWN STEP	2026-10-10T18:52:46.5965911Z  [32m✓[39m tests/unit/playwright-launch-diagnostics.test.ts [2m([22m[2m5 tests[22m[2m)[22m[32m 17[2mms[22m[39m
Web Runtime / Build And Contract Tests	UNKNOWN STEP	2026-10-10T18:52:46.9233205Z  [32m✓[39m tests/unit/ownership.test.ts [2m([22m[2m6 tests[22m[2m)[22m[32m 14[2mms[22m[39m
Web Runtime / Build And Contract Tests	UNKNOWN STEP	2026-10-10T18:52:47.1466372Z  [32m✓[39m tests/unit/w11-native-provenance.test.ts [2m([22m[2m5 tests[22m[2m)[22m[32m 55[2mms[22m[39m
Web Runtime / Build And Contract Tests	UNKNOWN STEP	2026-10-10T18:52:47.8113843Z  [32m✓[39m tests/unit/terrain-probes.test.ts [2m([22m[2m6 tests[22m[2m)[22m[32m 77[2mms[22m[39m
Web Runtime / Build And Contract Tests	UNKNOWN STEP	2026-10-10T18:52:47.9107997Z  [32m✓[39m tests/unit/render-scheduler.test.ts [2m([22m[2m4 tests[22m[2m)[22m[32m 10[2mms[22m[39m
Web Runtime / Build And Contract Tests	UNKNOWN STEP	2026-10-10T18:52:48.6208146Z  [32m✓[39m tests/unit/label-contract-record.test.ts [2m([22m[2m3 tests[22m[2m)[22m[32m 47[2mms[22m[39m
Web Runtime / Build And Contract Tests	UNKNOWN STEP	2026-10-10T18:52:48.6792627Z  [32m✓[39m tests/unit/postfx.test.ts [2m([22m[2m20 tests[22m[2m)[22m[32m 29[2mms[22m[39m
Web Runtime / Build And Contract Tests	UNKNOWN STEP	2026-10-10T18:52:49.0435809Z  [32m✓[39m tests/unit/source-launch-observation.test.ts [2m([22m[2m3 tests[22m[2m)[22m[32m 11[2mms[22m[39m
Web Runtime / Build And Contract Tests	UNKNOWN STEP	2026-10-10T18:52:49.4636066Z  [32m✓[39m tests/unit/w14-native-contract.test.ts [2m([22m[2m2 tests[22m[2m)[22m[32m 30[2mms[22m[39m
Web Runtime / Build And Contract Tests	UNKNOWN STEP	2026-10-10T18:52:49.4638127Z  [32m✓[39m tests/unit/viewer-visibility-lifecycle.test.ts [2m([22m[2m10 tests[22m[2m)[22m[32m 12[2mms[22m[39m
Web Runtime / Build And Contract Tests	UNKNOWN STEP	2026-10-10T18:52:49.8525698Z  [32m✓[39m tests/unit/viewer-interaction-observation.test.ts [2m([22m[2m12 tests[22m[2m)[22m[32m 11[2mms[22m[39m
Web Runtime / Build And Contract Tests	UNKNOWN STEP	2026-10-10T18:52:50.3997461Z  [32m✓[39m tests/unit/w10-reflection-metrics.test.ts [2m([22m[2m2 tests[22m[2m)[22m[32m 138[2mms[22m[39m
Web Runtime / Build And Contract Tests	UNKNOWN STEP	2026-10-10T18:52:50.5726790Z  [32m✓[39m tests/unit/w16-provenance.test.ts [2m([22m[2m1 test[22m[2m)[22m[33m 634[2mms[22m[39m
Web Runtime / Build And Contract Tests	UNKNOWN STEP	2026-10-10T18:52:50.5820644Z    [33m[2m✓[22m[39m W16 fixtures and deepest native sources retain independent provenance [33m 631[2mms[22m[39m
Web Runtime / Build And Contract Tests	UNKNOWN STEP	2026-10-10T18:52:50.6847538Z  [32m✓[39m tests/unit/orbit-controller.test.ts [2m([22m[2m6 tests[22m[2m)[22m[33m 3596[2mms[22m[39m
Web Runtime / Build And Contract Tests	UNKNOWN STEP	2026-10-10T18:52:50.6873744Z      [33m[2m✓[22m[39m keeps ten thousand randomized finite deltas valid [33m 3578[2mms[22m[39m
Web Runtime / Build And Contract Tests	UNKNOWN STEP	2026-10-10T18:52:50.8030865Z  [32m✓[39m tests/unit/w12-native-provenance.test.ts [2m([22m[2m1 test[22m[2m)[22m[32m 13[2mms[22m[39m
Web Runtime / Build And Contract Tests	UNKNOWN STEP	2026-10-10T18:52:50.8930431Z  [32m✓[39m tests/unit/evidence-mode.test.ts [2m([22m[2m3 tests[22m[2m)[22m[32m 6[2mms[22m[39m
Web Runtime / Build And Contract Tests	UNKNOWN STEP	2026-10-10T18:52:50.9004070Z 
Web Runtime / Build And Contract Tests	UNKNOWN STEP	2026-10-10T18:52:50.9005996Z [31m⎯⎯⎯⎯⎯⎯⎯[39m[1m[41m Failed Tests 1 [49m[22m[31m⎯⎯⎯⎯⎯⎯⎯[39m
Web Runtime / Build And Contract Tests	UNKNOWN STEP	2026-10-10T18:52:50.9006615Z 
Web Runtime / Build And Contract Tests	UNKNOWN STEP	2026-10-10T18:52:50.9011664Z [41m[1m FAIL [22m[49m tests/unit/w16-pointcloud.test.ts[2m > [22mW16 selection, cancellation and layer ownership[2m > [22mmatches recorded real-data native camera keys/counts and quantized SSE exactly
Web Runtime / Build And Contract Tests	UNKNOWN STEP	2026-10-10T18:52:50.9023248Z [31m[1mError[22m: Test timed out in 5000ms.
Web Runtime / Build And Contract Tests	UNKNOWN STEP	2026-10-10T18:52:50.9024432Z If this is a long-running test, pass a timeout value as the last argument or configure it globally with "testTimeout".[39m
Web Runtime / Build And Contract Tests	UNKNOWN STEP	2026-10-10T18:52:50.9025975Z [36m [2m❯[22m tests/unit/w16-pointcloud.test.ts:[2m464:3[22m[39m
Web Runtime / Build And Contract Tests	UNKNOWN STEP	2026-10-10T18:52:50.9202268Z     [90m462| [39m    d[33m.[39m[34mdispose[39m()[33m;[39m
Web Runtime / Build And Contract Tests	UNKNOWN STEP	2026-10-10T18:52:50.9203157Z     [90m463| [39m  })[33m;[39m
Web Runtime / Build And Contract Tests	UNKNOWN STEP	2026-10-10T18:52:50.9204571Z     [90m464| [39m  it("matches recorded real-data native camera keys/counts and quantiz…
Web Runtime / Build And Contract Tests	UNKNOWN STEP	2026-10-10T18:52:50.9205229Z 
Web Runtime / Build And Contract Tests	UNKNOWN STEP	2026-10-10T18:52:50.9205759Z     [90m   | [39m  [31m^[39m
Web Runtime / Build And Contract Tests	UNKNOWN STEP	2026-10-10T18:52:50.9206757Z     [90m465| [39m    [35mconst[39m m [33m=[39m [33mJSON[39m[33m.[39m[34mparse[39m(
Web Runtime / Build And Contract Tests	UNKNOWN STEP	2026-10-10T18:52:50.9208879Z     [90m466| [39m        [35mnew[39m [33mTextDecoder[39m()[33m.[39m[34mdecode[39m([34mfixture[39m([32m"copc-ept-tiles-v1.json"[39m))[33m,[39m
Web Runtime / Build And Contract Tests	UNKNOWN STEP	2026-10-10T18:52:50.9209999Z 
Web Runtime / Build And Contract Tests	UNKNOWN STEP	2026-10-10T18:52:50.9210570Z [31m[2m⎯⎯⎯⎯⎯⎯⎯⎯⎯⎯⎯⎯⎯⎯⎯⎯⎯⎯⎯⎯⎯⎯⎯⎯[1/1]⎯[22m[39m
Web Runtime / Build And Contract Tests	UNKNOWN STEP	2026-10-10T18:52:50.9211082Z 
Web Runtime / Build And Contract Tests	UNKNOWN STEP	2026-10-10T18:52:50.9215479Z [2m Test Files [22m [1m[31m1 failed[39m[22m[2m | [22m[1m[32m63 passed[39m[22m[90m (64)[39m
Web Runtime / Build And Contract Tests	UNKNOWN STEP	2026-10-10T18:52:50.9241944Z [2m      Tests [22m [1m[31m1 failed[39m[22m[2m | [22m[1m[32m1081 passed[39m[22m[90m (1082)[39m
Web Runtime / Build And Contract Tests	UNKNOWN STEP	2026-10-10T18:52:50.9243109Z [2m   Start at [22m 18:52:15
Web Runtime / Build And Contract Tests	UNKNOWN STEP	2026-10-10T18:52:50.9244406Z [2m   Duration [22m 35.42s[2m (transform 11.52s, setup 0ms, import 31.28s, tests 49.84s, environment 19ms)[22m
Web Runtime / Build And Contract Tests	UNKNOWN STEP	2026-10-10T18:52:50.9245271Z 
Web Runtime / Build And Contract Tests	UNKNOWN STEP	2026-10-10T18:52:50.9305604Z 
Web Runtime / Build And Contract Tests	UNKNOWN STEP	2026-10-10T18:52:50.9340188Z ##[error]Error: Test timed out in 5000ms.
Web Runtime / Build And Contract Tests	UNKNOWN STEP	If this is a long-running test, pass a timeout value as the last argument or configure it globally with "testTimeout".
Web Runtime / Build And Contract Tests	UNKNOWN STEP	 ❯ tests/unit/w16-pointcloud.test.ts:464:3
Web Runtime / Build And Contract Tests	UNKNOWN STEP	
Web Runtime / Build And Contract Tests	UNKNOWN STEP	
Web Runtime / Build And Contract Tests	UNKNOWN STEP	2026-10-10T18:52:51.9197305Z ##[error]Process completed with exit code 1.
Web Runtime / Build And Contract Tests	UNKNOWN STEP	2026-10-10T18:52:51.9532608Z Post job cleanup.
Web Runtime / Build And Contract Tests	UNKNOWN STEP	2026-10-10T18:52:52.1833711Z [command]"C:\Program Files\Git\bin\git.exe" version
Web Runtime / Build And Contract Tests	UNKNOWN STEP	2026-10-10T18:52:52.2144834Z git version 2.55.0.windows.5
Web Runtime / Build And Contract Tests	UNKNOWN STEP	2026-10-10T18:52:52.2226151Z Temporarily overriding HOME='D:\a\_temp\11f0bc7b-4bb1-4511-b85f-ff5674438346' before making global git config changes
Web Runtime / Build And Contract Tests	UNKNOWN STEP	2026-10-10T18:52:52.2227565Z Adding repository directory to the temporary git global config as a safe directory
Web Runtime / Build And Contract Tests	UNKNOWN STEP	2026-10-10T18:52:52.2240790Z [command]"C:\Program Files\Git\bin\git.exe" config --global --add safe.directory D:\a\forge3d-web\forge3d-web
Web Runtime / Build And Contract Tests	UNKNOWN STEP	2026-10-10T18:52:52.2614179Z [command]"C:\Program Files\Git\bin\git.exe" config --local --name-only --get-regexp core\.sshCommand
Web Runtime / Build And Contract Tests	UNKNOWN STEP	2026-10-10T18:52:52.3033329Z [command]"C:\Program Files\Git\bin\git.exe" submodule foreach --recursive "sh -c \"git config --local --name-only --get-regexp 'core\.sshCommand' && git config --local --unset-all 'core.sshCommand' || :\""
Web Runtime / Build And Contract Tests	UNKNOWN STEP	2026-10-10T18:52:52.9319012Z [command]"C:\Program Files\Git\bin\git.exe" config --local --name-only --get-regexp http\.https\:\/\/github\.com\/\.extraheader
Web Runtime / Build And Contract Tests	UNKNOWN STEP	2026-10-10T18:52:52.9644904Z http.https://github.com/.extraheader
Web Runtime / Build And Contract Tests	UNKNOWN STEP	2026-10-10T18:52:52.9696086Z [command]"C:\Program Files\Git\bin\git.exe" config --local --unset-all http.https://github.com/.extraheader
Web Runtime / Build And Contract Tests	UNKNOWN STEP	2026-10-10T18:52:53.0056071Z [command]"C:\Program Files\Git\bin\git.exe" submodule foreach --recursive "sh -c \"git config --local --name-only --get-regexp 'http\.https\:\/\/github\.com\/\.extraheader' && git config --local --unset-all 'http.https://github.com/.extraheader' || :\""
Web Runtime / Build And Contract Tests	UNKNOWN STEP	2026-10-10T18:52:53.6550673Z [command]"C:\Program Files\Git\bin\git.exe" config --local --name-only --get-regexp ^includeIf\.gitdir:
Web Runtime / Build And Contract Tests	UNKNOWN STEP	2026-10-10T18:52:53.6863648Z [command]"C:\Program Files\Git\bin\git.exe" submodule foreach --recursive "git config --local --show-origin --name-only --get-regexp remote.origin.url"
Web Runtime / Build And Contract Tests	UNKNOWN STEP	2026-10-10T18:52:54.3322255Z Cleaning up orphan processes
Web Runtime / Build And Contract Tests	UNKNOWN STEP	2026-10-10T18:52:54.3827438Z Terminate orphan process: pid (1816) (vctip)
Web Runtime / Build And Contract Tests	UNKNOWN STEP	2026-10-10T18:52:54.4030804Z ##[warning]Node.js 20 is deprecated. The following actions target Node.js 20 but are being forced to run on Node.js 24: actions/checkout@11d5960a326750d5838078e36cf38b85af677262, actions/setup-node@49933ea5288caeca8642d1e84afbd3f7d6820020. For more information see: https://github.blog/changelog/2025-09-19-deprecation-of-node-20-on-github-actions-runners/
